Configuration,Sample,Latency (ms)
"Single replica, 1 client",0,0.832799996715039
"Single replica, 1 client",1,0.6610999698750675
"Single replica, 1 client",2,0.6774999783374369
"Single replica, 1 client",3,0.7548999856226146
"Single replica, 1 client",4,0.9003999875858426
"Single replica, 1 client",5,0.7329999934881926
"Single replica, 1 client",6,0.8081999840214849
"Single replica, 1 client",7,0.8298000320792198
"Single replica, 1 client",8,0.6523000192828476
"Single replica, 1 client",9,0.6700999801978469
"Single replica, 1 client",10,0.6285000126808882
"Single replica, 1 client",11,0.6924999761395156
"Single replica, 1 client",12,0.6595999584533274
"Single replica, 1 client",13,0.6164000369608402
"Single replica, 1 client",14,0.707700033672154
"Single replica, 1 client",15,0.6960000027902424
"Single replica, 1 client",16,0.9403000003658235
"Single replica, 1 client",17,1.2516999850049615
"Single replica, 1 client",18,0.763299991376698
"Single replica, 1 client",19,1.1120999697595835
"Single replica, 1 client",20,0.7627999875694513
"Single replica, 1 client",21,0.9058999712578952
"Single replica, 1 client",22,0.7880000048317015
"Single replica, 1 client",23,0.8006999851204455
"Single replica, 1 client",24,0.6813000072725117
"Single replica, 1 client",25,0.6923999753780663
"Single replica, 1 client",26,0.6598999607376754
"Single replica, 1 client",27,0.6504000048153102
"Single replica, 1 client",28,0.6914999685250223
"Single replica, 1 client",29,0.7514000171795487
"Single replica, 1 client",30,0.7090999861247838
"Single replica, 1 client",31,0.6671999581158161
"Single replica, 1 client",32,0.8120000129565597
"Single replica, 1 client",33,0.7465999806299806
"Single replica, 1 client",34,0.7126000127755105
"Single replica, 1 client",35,0.6326999864540994
"Single replica, 1 client",36,0.6262999959290028
"Single replica, 1 client",37,0.6683999672532082
"Single replica, 1 client",38,1.0132999741472304
"Single replica, 1 client",39,0.7231999770738184
"Single replica, 1 client",40,0.7625999860465527
"Single replica, 1 client",41,0.6687000277452171
"Single replica, 1 client",42,0.6324000423774123
"Single replica, 1 client",43,0.6303999689407647
"Single replica, 1 client",44,0.680500001180917
"Single replica, 1 client",45,0.6500000017695129
"Single replica, 1 client",46,0.6469000363722444
"Single replica, 1 client",47,0.6584999500773847
"Single replica, 1 client",48,0.6119000026956201
"Single replica, 1 client",49,0.6523000192828476
"Single replica, 1 client",50,0.6691999733448029
"Single replica, 1 client",51,0.6278000073507428
"Single replica, 1 client",52,0.6061000167392194
"Single replica, 1 client",53,0.6193000008352101
"Single replica, 1 client",54,0.6719999946653843
"Single replica, 1 client",55,0.6273000035434961
"Single replica, 1 client",56,0.6156000308692455
"Single replica, 1 client",57,0.6098999874666333
"Single replica, 1 client",58,0.6072999676689506
"Single replica, 1 client",59,0.6063000182621181
"Single replica, 1 client",60,0.6286999559961259
"Single replica, 1 client",61,0.6498000002466142
"Single replica, 1 client",62,0.9717000066302717
"Single replica, 1 client",63,0.713299959897995
"Single replica, 1 client",64,0.9305999847128987
"Single replica, 1 client",65,0.7594000198878348
"Single replica, 1 client",66,0.7208999595604837
"Single replica, 1 client",67,0.7342000026255846
"Single replica, 1 client",68,0.6328999879769981
"Single replica, 1 client",69,0.6605999660678208
"Single replica, 1 client",70,0.6526000215671957
"Single replica, 1 client",71,0.7938999915495515
"Single replica, 1 client",72,0.686399987898767
"Single replica, 1 client",73,0.6770999752916396
"Single replica, 1 client",74,0.6499000010080636
"Single replica, 1 client",75,0.6861999863758683
"Single replica, 1 client",76,0.630799971986562
"Single replica, 1 client",77,0.6411999929696321
"Single replica, 1 client",78,0.6128999521024525
"Single replica, 1 client",79,0.6119000026956201
"Single replica, 1 client",80,0.6182999932207167
"Single replica, 1 client",81,0.5921000265516341
"Single replica, 1 client",82,0.6040000007487833
"Single replica, 1 client",83,0.61779998941347
"Single replica, 1 client",84,0.6185999955050647
"Single replica, 1 client",85,0.5951999919489026
"Single replica, 1 client",86,0.6813000072725117
"Single replica, 1 client",87,0.6909999647177756
"Single replica, 1 client",88,0.8449999731965363
"Single replica, 1 client",89,0.6978000164963305
"Single replica, 1 client",90,0.680800003465265
"Single replica, 1 client",91,0.7279999554157257
"Single replica, 1 client",92,0.6148000247776508
"Single replica, 1 client",93,0.6550000398419797
"Single replica, 1 client",94,0.6108999950811267
"Single replica, 1 client",95,0.6325999856926501
"Single replica, 1 client",96,0.6114999996498227
"Single replica, 1 client",97,0.6232000305317342
"Single replica, 1 client",98,0.6205000099726021
"Single replica, 1 client",99,0.60889997985214
"Single replica, 1 client",100,0.6357000092975795
"Single replica, 1 client",101,0.6308999727480114
"Single replica, 1 client",102,0.680800003465265
"Single replica, 1 client",103,0.6274000043049455
"Single replica, 1 client",104,0.6144999642856419
"Single replica, 1 client",105,0.6500000017695129
"Single replica, 1 client",106,0.6193000008352101
"Single replica, 1 client",107,0.6011999794282019
"Single replica, 1 client",108,0.6283999537117779
"Single replica, 1 client",109,0.6255999905988574
"Single replica, 1 client",110,0.6235000328160822
"Single replica, 1 client",111,0.7037000032141805
"Single replica, 1 client",112,0.9497000137344003
"Single replica, 1 client",113,0.6543999770656228
"Single replica, 1 client",114,0.6470999796874821
"Single replica, 1 client",115,0.6214000168256462
"Single replica, 1 client",116,0.6342999986372888
"Single replica, 1 client",117,0.6862000445835292
"Single replica, 1 client",118,0.7519000209867954
"Single replica, 1 client",119,0.7957000052556396
"Single replica, 1 client",120,0.7331999950110912
"Single replica, 1 client",121,0.6166000384837389
"Single replica, 1 client",122,0.6500999443233013
"Single replica, 1 client",123,0.6426000036299229
"Single replica, 1 client",124,0.6336999940685928
"Single replica, 1 client",125,0.700299977324903
"Single replica, 1 client",126,0.6748000159859657
"Single replica, 1 client",127,0.636699958704412
"Single replica, 1 client",128,0.6338999955914915
"Single replica, 1 client",129,0.6388999754562974
"Single replica, 1 client",130,0.6438000127673149
"Single replica, 1 client",131,0.603899999987334
"Single replica, 1 client",132,0.6419999990612268
"Single replica, 1 client",133,0.602099986281246
"Single replica, 1 client",134,0.6357000092975795
"Single replica, 1 client",135,0.7998999790288508
"Single replica, 1 client",136,0.7846999797038734
"Single replica, 1 client",137,0.6633999873884022
"Single replica, 1 client",138,0.6157000316306949
"Single replica, 1 client",139,0.61779998941347
"Single replica, 1 client",140,0.6275999476201832
"Single replica, 1 client",141,0.5896000075154006
"Single replica, 1 client",142,0.6133000133559108
"Single replica, 1 client",143,0.6172999856062233
"Single replica, 1 client",144,0.6141999620012939
"Single replica, 1 client",145,0.6211000145412982
"Single replica, 1 client",146,0.5974999512545764
"Single replica, 1 client",147,0.6337999948300421
"Single replica, 1 client",148,0.583800021559
"Single replica, 1 client",149,0.603599997702986
"Single replica, 1 client",150,0.6566999945789576
"Single replica, 1 client",151,0.6645999965257943
"Single replica, 1 client",152,0.6484999903477728
"Single replica, 1 client",153,0.6853999802842736
"Single replica, 1 client",154,0.6613999721594155
"Single replica, 1 client",155,0.6486999918706715
"Single replica, 1 client",156,0.604800006840378
"Single replica, 1 client",157,0.5836000200361013
"Single replica, 1 client",158,0.6547000375576317
"Single replica, 1 client",159,0.7877000025473535
"Single replica, 1 client",160,0.798200024291873
"Single replica, 1 client",161,0.8094999939203262
"Single replica, 1 client",162,1.0441999766044319
"Single replica, 1 client",163,0.9405000018887222
"Single replica, 1 client",164,0.888400012627244
"Single replica, 1 client",165,0.8994999807327986
"Single replica, 1 client",166,0.7884000078774989
"Single replica, 1 client",167,0.7529999711550772
"Single replica, 1 client",168,0.7521000225096941
"Single replica, 1 client",169,0.7271000067703426
"Single replica, 1 client",170,0.6569999968633056
"Single replica, 1 client",171,0.6633999873884022
"Single replica, 1 client",172,0.6920999730937183
"Single replica, 1 client",173,0.6584000075235963
"Single replica, 1 client",174,0.6961000035516918
"Single replica, 1 client",175,0.6309000309556723
"Single replica, 1 client",176,0.6419999990612268
"Single replica, 1 client",177,0.6561999907717109
"Single replica, 1 client",178,0.6738000083714724
"Single replica, 1 client",179,0.6131000118330121
"Single replica, 1 client",180,0.5869999877177179
"Single replica, 1 client",181,0.60450000455603
"Single replica, 1 client",182,0.8322999929077923
"Single replica, 1 client",183,0.777800043579191
"Single replica, 1 client",184,0.6671000155620277
"Single replica, 1 client",185,0.6164999795146286
"Single replica, 1 client",186,0.6294000195339322
"Single replica, 1 client",187,0.6172999856062233
"Single replica, 1 client",188,0.686399987898767
"Single replica, 1 client",189,0.6503000040538609
"Single replica, 1 client",190,0.7056000176817179
"Single replica, 1 client",191,0.6457999697886407
"Single replica, 1 client",192,0.8325999951921403
"Single replica, 1 client",193,0.730200030375272
"Single replica, 1 client",194,0.6603000219911337
"Single replica, 1 client",195,0.6319999811239541
"Single replica, 1 client",196,0.7033000001683831
"Single replica, 1 client",197,0.7019999902695417
"Single replica, 1 client",198,0.6343999993987381
"Single replica, 1 client",199,0.6430000066757202
"Single replica, 1 client",200,0.6554999854415655
"Single replica, 1 client",201,0.6514000124298036
"Single replica, 1 client",202,0.6480000447481871
"Single replica, 1 client",203,0.6390000344254076
"Single replica, 1 client",204,0.624599982984364
"Single replica, 1 client",205,0.6390999769791961
"Single replica, 1 client",206,0.819200009573251
"Single replica, 1 client",207,0.7945999968796968
"Single replica, 1 client",208,0.7011000416241586
"Single replica, 1 client",209,0.7029999978840351
"Single replica, 1 client",210,0.6513000116683543
"Single replica, 1 client",211,0.6642999942414463
"Single replica, 1 client",212,0.6450999644584954
"Single replica, 1 client",213,0.6928000366315246
"Single replica, 1 client",214,0.6514000124298036
"Single replica, 1 client",215,0.693499983754009
"Single replica, 1 client",216,0.6963000050745904
"Single replica, 1 client",217,0.7124999538064003
"Single replica, 1 client",218,0.6761000258848071
"Single replica, 1 client",219,0.6349000032059848
"Single replica, 1 client",220,0.7022000500001013
"Single replica, 1 client",221,0.6339999963529408
"Single replica, 1 client",222,0.6913000252097845
"Single replica, 1 client",223,0.6178999901749194
"Single replica, 1 client",224,0.6178999901749194
"Single replica, 1 client",225,0.6493999972008169
"Single replica, 1 client",226,0.6337999948300421
"Single replica, 1 client",227,0.6684000254608691
"Single replica, 1 client",228,0.7787999929860234
"Single replica, 1 client",229,0.951700028963387
"Single replica, 1 client",230,0.7199999527074397
"Single replica, 1 client",231,0.743500015232712
"Single replica, 1 client",232,0.742900010664016
"Single replica, 1 client",233,0.6938999867998064
"Single replica, 1 client",234,0.651500013191253
"Single replica, 1 client",235,0.6667999550700188
"Single replica, 1 client",236,0.7158999796956778
"Single replica, 1 client",237,0.6706000422127545
"Single replica, 1 client",238,0.6719999946653843
"Single replica, 1 client",239,0.6842000293545425
"Single replica, 1 client",240,0.6251000449992716
"Single replica, 1 client",241,0.6345000001601875
"Single replica, 1 client",242,0.6330000469461083
"Single replica, 1 client",243,0.591500021982938
"Single replica, 1 client",244,0.6451999652199447
"Single replica, 1 client",245,0.6124000065028667
"Single replica, 1 client",246,0.6368000176735222
"Single replica, 1 client",247,0.5870000459253788
"Single replica, 1 client",248,0.6244000396691263
"Single replica, 1 client",249,0.6087999790906906
"Single replica, 1 client",250,0.630799971986562
"Single replica, 1 client",251,0.7553999894298613
"Single replica, 1 client",252,0.6331999902613461
"Single replica, 1 client",253,0.5976000102236867
"Single replica, 1 client",254,0.5937999812886119
"Single replica, 1 client",255,0.6816000095568597
"Single replica, 1 client",256,0.743200012948364
"Single replica, 1 client",257,0.6938999867998064
"Single replica, 1 client",258,0.584700028412044
"Single replica, 1 client",259,0.6602000212296844
"Single replica, 1 client",260,0.6439000135287642
"Single replica, 1 client",261,0.6832000217400491
"Single replica, 1 client",262,0.6126000080257654
"Single replica, 1 client",263,0.6457000272348523
"Single replica, 1 client",264,0.6868999917060137
"Single replica, 1 client",265,0.6897999555803835
"Single replica, 1 client",266,0.6767000304535031
"Single replica, 1 client",267,0.6167999817989767
"Single replica, 1 client",268,0.6153999711386859
"Single replica, 1 client",269,0.6471999804489315
"Single replica, 1 client",270,0.5861999816261232
"Single replica, 1 client",271,0.609799986705184
"Single replica, 1 client",272,0.6289000157266855
"Single replica, 1 client",273,0.6670000148005784
"Single replica, 1 client",274,0.6904000183567405
"Single replica, 1 client",275,1.0240000556223094
"Single replica, 1 client",276,0.6920000305399299
"Single replica, 1 client",277,0.6598999607376754
"Single replica, 1 client",278,0.6709999870508909
"Single replica, 1 client",279,0.701199984177947
"Single replica, 1 client",280,0.6705999840050936
"Single replica, 1 client",281,0.7203000131994486
"Single replica, 1 client",282,0.6775999790988863
"Single replica, 1 client",283,0.5953999934718013
"Single replica, 1 client",284,0.6423000013455749
"Single replica, 1 client",285,0.6249999860301614
"Single replica, 1 client",286,0.5887000006623566
"Single replica, 1 client",287,0.6356000085361302
"Single replica, 1 client",288,0.6099999882280827
"Single replica, 1 client",289,0.6648999988101423
"Single replica, 1 client",290,0.6733000045642257
"Single replica, 1 client",291,0.6913999677635729
"Single replica, 1 client",292,0.5877999938093126
"Single replica, 1 client",293,0.5875999922864139
"Single replica, 1 client",294,0.5834000185132027
"Single replica, 1 client",295,0.6040000007487833
"Single replica, 1 client",296,0.6133000133559108
"Single replica, 1 client",297,0.6385999731719494
"Single replica, 1 client",298,0.6060000159777701
"Single replica, 1 client",299,0.7676999666728079
"Single replica, 1 client",300,0.6664000102318823
"Single replica, 1 client",301,0.6294999620877206
"Single replica, 1 client",302,0.6075000273995101
"Single replica, 1 client",303,0.6336000515148044
"Single replica, 1 client",304,0.6358000100590289
"Single replica, 1 client",305,0.5959999980404973
"Single replica, 1 client",306,0.624599982984364
"Single replica, 1 client",307,0.6573999999091029
"Single replica, 1 client",308,0.6945999921299517
"Single replica, 1 client",309,0.6764000281691551
"Single replica, 1 client",310,0.7192000048235059
"Single replica, 1 client",311,0.6661000079475343
"Single replica, 1 client",312,0.6590000120922923
"Single replica, 1 client",313,0.658900011330843
"Single replica, 1 client",314,0.6426000036299229
"Single replica, 1 client",315,0.6176999886520207
"Single replica, 1 client",316,0.6973000126890838
"Single replica, 1 client",317,0.6748999585397542
"Single replica, 1 client",318,0.6336999940685928
"Single replica, 1 client",319,0.6182999932207167
"Single replica, 1 client",320,0.6136000156402588
"Single replica, 1 client",321,0.6337000522762537
"Single replica, 1 client",322,0.6025999900884926
"Single replica, 1 client",323,0.8016999927349389
"Single replica, 1 client",324,0.6095999851822853
"Single replica, 1 client",325,0.6447000196203589
"Single replica, 1 client",326,0.6362000131048262
"Single replica, 1 client",327,0.7178999949246645
"Single replica, 1 client",328,0.6910000229254365
"Single replica, 1 client",329,0.6599999614991248
"Single replica, 1 client",330,0.6655000033788383
"Single replica, 1 client",331,0.6358000100590289
"Single replica, 1 client",332,0.6673000170849264
"Single replica, 1 client",333,0.6137000164017081
"Single replica, 1 client",334,0.6356999510899186
"Single replica, 1 client",335,0.74970000423491
"Single replica, 1 client",336,0.7597999647259712
"Single replica, 1 client",337,0.6709000444971025
"Single replica, 1 client",338,0.6971000111661851
"Single replica, 1 client",339,0.6576000014320016
"Single replica, 1 client",340,0.6825999589636922
"Single replica, 1 client",341,0.6241000373847783
"Single replica, 1 client",342,0.6324000423774123
"Single replica, 1 client",343,0.640300044324249
"Single replica, 1 client",344,0.6773000350221992
"Single replica, 1 client",345,0.6471999804489315
"Single replica, 1 client",346,0.7330999942496419
"Single replica, 1 client",347,0.6164999795146286
"Single replica, 1 client",348,0.6196000031195581
"Single replica, 1 client",349,0.6069999653846025
"Single replica, 1 client",350,0.5858999793417752
"Single replica, 1 client",351,0.6366000161506236
"Single replica, 1 client",352,0.6329999887384474
"Single replica, 1 client",353,0.645900028757751
"Single replica, 1 client",354,0.6136999581940472
"Single replica, 1 client",355,0.686399987898767
"Single replica, 1 client",356,0.6611000280827284
"Single replica, 1 client",357,0.6681000231765211
"Single replica, 1 client",358,0.6617999752052128
"Single replica, 1 client",359,0.6433000089600682
"Single replica, 1 client",360,0.6775999790988863
"Single replica, 1 client",361,0.6258999928832054
"Single replica, 1 client",362,0.6207000114955008
"Single replica, 1 client",363,0.6015000399202108
"Single replica, 1 client",364,0.60299999313429
"Single replica, 1 client",365,0.5840000230818987
"Single replica, 1 client",366,0.6015999824739993
"Single replica, 1 client",367,0.6271000020205975
"Single replica, 1 client",368,0.6212000153027475
"Single replica, 1 client",369,0.5864000413566828
"Single replica, 1 client",370,0.7057000184431672
"Single replica, 1 client",371,0.825399998575449
"Single replica, 1 client",372,0.6235999753698707
"Single replica, 1 client",373,0.6462999735958874
"Single replica, 1 client",374,0.6693000323139131
"Single replica, 1 client",375,0.6716000498272479
"Single replica, 1 client",376,0.5956999957561493
"Single replica, 1 client",377,0.6290000164881349
"Single replica, 1 client",378,0.6353000062517822
"Single replica, 1 client",379,0.5944000440649688
"Single replica, 1 client",380,0.5764999659731984
"Single replica, 1 client",381,0.5921999691054225
"Single replica, 1 client",382,0.6829000194557011
"Single replica, 1 client",383,0.6824999582022429
"Single replica, 1 client",384,0.6779000395908952
"Single replica, 1 client",385,0.6254000472836196
"Single replica, 1 client",386,0.6676000193692744
"Single replica, 1 client",387,0.6705999840050936
"Single replica, 1 client",388,0.673400005325675
"Single replica, 1 client",389,0.7066999678499997
"Single replica, 1 client",390,0.5815000040456653
"Single replica, 1 client",391,0.6473999819718301
"Single replica, 1 client",392,0.6722999969497323
"Single replica, 1 client",393,0.6833999650552869
"Single replica, 1 client",394,0.6190999993123114
"Single replica, 1 client",395,0.7441999623551965
"Single replica, 1 client",396,0.6193000008352101
"Single replica, 1 client",397,0.6785999867133796
"Single replica, 1 client",398,0.6380999693647027
"Single replica, 1 client",399,0.6767000304535031
"Single replica, 1 client",400,0.6214000168256462
"Single replica, 1 client",401,0.5936999805271626
"Single replica, 1 client",402,0.7600999670103192
"Single replica, 1 client",403,0.6034999969415367
"Single replica, 1 client",404,0.6487999926321208
"Single replica, 1 client",405,0.6393999792635441
"Single replica, 1 client",406,0.6768000312149525
"Single replica, 1 client",407,0.6715000490657985
"Single replica, 1 client",408,0.6753000197932124
"Single replica, 1 client",409,0.6207000114955008
"Single replica, 1 client",410,0.6918000290170312
"Single replica, 1 client",411,0.5954999942332506
"Single replica, 1 client",412,0.6089999806135893
"Single replica, 1 client",413,0.6170999840833247
"Single replica, 1 client",414,0.603899999987334
"Single replica, 1 client",415,0.6526999641209841
"Single replica, 1 client",416,0.6343999993987381
"Single replica, 1 client",417,0.6121000042185187
"Single replica, 1 client",418,0.5709999823011458
"Single replica, 1 client",419,1.0050999699160457
"Single replica, 1 client",420,0.6831000209785998
"Single replica, 1 client",421,0.6185999955050647
"Single replica, 1 client",422,0.6686000269837677
"Single replica, 1 client",423,0.6063999608159065
"Single replica, 1 client",424,0.6076000281609595
"Single replica, 1 client",425,0.6060999585315585
"Single replica, 1 client",426,0.6205000099726021
"Single replica, 1 client",427,0.6212999578565359
"Single replica, 1 client",428,0.6157000316306949
"Single replica, 1 client",429,0.60889997985214
"Single replica, 1 client",430,0.5873999907635152
"Single replica, 1 client",431,0.6055999547243118
"Single replica, 1 client",432,0.6121000042185187
"Single replica, 1 client",433,0.6564999930560589
"Single replica, 1 client",434,0.700299977324903
"Single replica, 1 client",435,0.6698999786749482
"Single replica, 1 client",436,0.7129000150598586
"Single replica, 1 client",437,0.6389999762177467
"Single replica, 1 client",438,0.5895000067539513
"Single replica, 1 client",439,0.6082999752834439
"Single replica, 1 client",440,0.5908000166527927
"Single replica, 1 client",441,0.6473000394180417
"Single replica, 1 client",442,0.6200999487191439
"Single replica, 1 client",443,0.7329999934881926
"Single replica, 1 client",444,0.6287000142037868
"Single replica, 1 client",445,0.6527999648824334
"Single replica, 1 client",446,0.6410999922081828
"Single replica, 1 client",447,0.7071999716572464
"Single replica, 1 client",448,0.6343999993987381
"Single replica, 1 client",449,0.6110999966040254
"Single replica, 1 client",450,0.6244999822229147
"Single replica, 1 client",451,0.610699993558228
"Single replica, 1 client",452,0.6061000167392194
"Single replica, 1 client",453,0.5910999607294798
"Single replica, 1 client",454,0.6262999959290028
"Single replica, 1 client",455,0.6540999747812748
"Single replica, 1 client",456,0.6768000312149525
"Single replica, 1 client",457,0.6687999702990055
"Single replica, 1 client",458,0.609799986705184
"Single replica, 1 client",459,0.6022999878041446
"Single replica, 1 client",460,0.6137000164017081
"Single replica, 1 client",461,0.6003999733366072
"Single replica, 1 client",462,0.617499987129122
"Single replica, 1 client",463,0.6343999993987381
"Single replica, 1 client",464,0.6983000203035772
"Single replica, 1 client",465,0.6154000293463469
"Single replica, 1 client",466,0.9174000006169081
"Single replica, 1 client",467,0.7322000456042588
"Single replica, 1 client",468,0.6412000511772931
"Single replica, 1 client",469,0.6248000427149236
"Single replica, 1 client",470,0.6309000309556723
"Single replica, 1 client",471,0.6466999766416848
"Single replica, 1 client",472,0.6092999828979373
"Single replica, 1 client",473,0.6901000160723925
"Single replica, 1 client",474,0.6697000353597105
"Single replica, 1 client",475,0.7049999549053609
"Single replica, 1 client",476,0.6350000039674342
"Single replica, 1 client",477,0.667500018607825
"Single replica, 1 client",478,0.6616000318899751
"Single replica, 1 client",479,0.6390999769791961
"Single replica, 1 client",480,0.6192000000737607
"Single replica, 1 client",481,0.6255999905988574
"Single replica, 1 client",482,0.6018999847583473
"Single replica, 1 client",483,0.6075999699532986
"Single replica, 1 client",484,0.729300023522228
"Single replica, 1 client",485,0.653900031466037
"Single replica, 1 client",486,0.6506000063382089
"Single replica, 1 client",487,0.6293000187724829
"Single replica, 1 client",488,0.6399999838322401
"Single replica, 1 client",489,0.6549999816343188
"Single replica, 1 client",490,0.7563999970443547
"Single replica, 1 client",491,0.6428000051528215
"Single replica, 1 client",492,0.6240999791771173
"Single replica, 1 client",493,0.6360000115819275
"Single replica, 1 client",494,0.6122000049799681
"Single replica, 1 client",495,0.6311000324785709
"Single replica, 1 client",496,0.6514000124298036
"Single replica, 1 client",497,0.6606000242754817
"Single replica, 1 client",498,0.6131000118330121
"Single replica, 1 client",499,0.6324999849312007
"Single replica, 1 client",500,0.6260999944061041
"Single replica, 1 client",501,0.6369000184349716
"Single replica, 1 client",502,0.6245000404305756
"Single replica, 1 client",503,0.6211999570950866
"Single replica, 1 client",504,0.6294000195339322
"Single replica, 1 client",505,0.62959996284917
"Single replica, 1 client",506,0.6597000174224377
"Single replica, 1 client",507,0.6339999963529408
"Single replica, 1 client",508,0.6943000480532646
"Single replica, 1 client",509,0.694400048814714
"Single replica, 1 client",510,0.6715000490657985
"Single replica, 1 client",511,0.6578000029549003
"Single replica, 1 client",512,0.6831000209785998
"Single replica, 1 client",513,0.6439999560825527
"Single replica, 1 client",514,0.604800006840378
"Single replica, 1 client",515,0.8336000028066337
"Single replica, 1 client",516,0.6411000504158437
"Single replica, 1 client",517,0.6375000230036676
"Single replica, 1 client",518,0.6277000065892935
"Single replica, 1 client",519,0.6973000126890838
"Single replica, 1 client",520,0.638500030618161
"Single replica, 1 client",521,0.6284000119194388
"Single replica, 1 client",522,0.6635999889113009
"Single replica, 1 client",523,0.6478999857790768
"Single replica, 1 client",524,0.6219999631866813
"Single replica, 1 client",525,0.6202000076882541
"Single replica, 1 client",526,0.6773999775759876
"Single replica, 1 client",527,0.6706999847665429
"Single replica, 1 client",528,0.6273000035434961
"Single replica, 1 client",529,0.6408999906852841
"Single replica, 1 client",530,0.6841999711468816
"Single replica, 1 client",531,0.6965000065974891
"Single replica, 1 client",532,0.6184999947436154
"Single replica, 1 client",533,0.6496999994851649
"Single replica, 1 client",534,0.7115000043995678
"Single replica, 1 client",535,0.6363000138662755
"Single replica, 1 client",536,0.6291999598033726
"Single replica, 1 client",537,0.6378000252880156
"Single replica, 1 client",538,0.6662999512627721
"Single replica, 1 client",539,0.8388999849557877
"Single replica, 1 client",540,0.7188000017777085
"Single replica, 1 client",541,0.6069000228308141
"Single replica, 1 client",542,0.6658000056631863
"Single replica, 1 client",543,0.6261999951675534
"Single replica, 1 client",544,0.6467999774031341
"Single replica, 1 client",545,0.6319999811239541
"Single replica, 1 client",546,0.6782000418752432
"Single replica, 1 client",547,0.6189999985508621
"Single replica, 1 client",548,0.6751000182703137
"Single replica, 1 client",549,0.6669999565929174
"Single replica, 1 client",550,0.7012999849393964
"Single replica, 1 client",551,0.6474999827332795
"Single replica, 1 client",552,0.6308000301942229
"Single replica, 1 client",553,0.6445999606512487
"Single replica, 1 client",554,0.6087999790906906
"Single replica, 1 client",555,0.7074000313878059
"Single replica, 1 client",556,0.8213000255636871
"Single replica, 1 client",557,0.8153999806381762
"Single replica, 1 client",558,1.0937000042758882
"Single replica, 1 client",559,0.6584000075235963
"Single replica, 1 client",560,0.638200028333813
"Single replica, 1 client",561,0.851399963721633
"Single replica, 1 client",562,0.6700999801978469
"Single replica, 1 client",563,0.7048000115901232
"Single replica, 1 client",564,0.6580000044777989
"Single replica, 1 client",565,0.643499952275306
"Single replica, 1 client",566,0.7143000257201493
"Single replica, 1 client",567,0.6413000519387424
"Single replica, 1 client",568,0.6194000015966594
"Single replica, 1 client",569,0.6381000275723636
"Single replica, 1 client",570,0.6758999661542475
"Single replica, 1 client",571,0.7142999675124884
"Single replica, 1 client",572,0.660400022752583
"Single replica, 1 client",573,0.6687999702990055
"Single replica, 1 client",574,0.651500013191253
"Single replica, 1 client",575,0.6995999719947577
"Single replica, 1 client",576,0.6373999640345573
"Single replica, 1 client",577,0.6166000384837389
"Single replica, 1 client",578,0.6219000206328928
"Single replica, 1 client",579,0.6265999982133508
"Single replica, 1 client",580,0.6198000046424568
"Single replica, 1 client",581,0.7495000027120113
"Single replica, 1 client",582,0.7027999963611364
"Single replica, 1 client",583,0.7096999906934798
"Single replica, 1 client",584,0.7595000206492841
"Single replica, 1 client",585,0.903200008906424
"Single replica, 1 client",586,0.7318999851122499
"Single replica, 1 client",587,0.6667000125162303
"Single replica, 1 client",588,0.6342999986372888
"Single replica, 1 client",589,0.6330000469461083
"Single replica, 1 client",590,0.6244000396691263
"Single replica, 1 client",591,0.6450999644584954
"Single replica, 1 client",592,0.6143000209704041
"Single replica, 1 client",593,0.671599991619587
"Single replica, 1 client",594,0.6624999805353582
"Single replica, 1 client",595,0.6861999863758683
"Single replica, 1 client",596,0.6350000039674342
"Single replica, 1 client",597,0.6611999706365168
"Single replica, 1 client",598,0.6536999717354774
"Single replica, 1 client",599,0.6599000189453363
"Single replica, 1 client",600,0.6161999772302806
"Single replica, 1 client",601,0.6363000138662755
"Single replica, 1 client",602,0.6523000192828476
"Single replica, 1 client",603,0.6134000141173601
"Single replica, 1 client",604,0.6247000419534743
"Single replica, 1 client",605,0.7010000408627093
"Single replica, 1 client",606,0.7095999899320304
"Single replica, 1 client",607,0.6211000145412982
"Single replica, 1 client",608,0.8570000063627958
"Single replica, 1 client",609,0.6384999724105
"Single replica, 1 client",610,0.6466999766416848
"Single replica, 1 client",611,0.6308000301942229
"Single replica, 1 client",612,0.6603000219911337
"Single replica, 1 client",613,0.6126000080257654
"Single replica, 1 client",614,0.7064000237733126
"Single replica, 1 client",615,0.6764999707229435
"Single replica, 1 client",616,0.7183999987319112
"Single replica, 1 client",617,0.6298000225797296
"Single replica, 1 client",618,0.6500000017695129
"Single replica, 1 client",619,0.6473999819718301
"Single replica, 1 client",620,0.6117000011727214
"Single replica, 1 client",621,0.617499987129122
"Single replica, 1 client",622,0.6187999970279634
"Single replica, 1 client",623,0.6320999818854034
"Single replica, 1 client",624,0.6140000186860561
"Single replica, 1 client",625,0.6431000074371696
"Single replica, 1 client",626,0.6819000118412077
"Single replica, 1 client",627,0.6229999708011746
"Single replica, 1 client",628,0.6652000010944903
"Single replica, 1 client",629,0.666900014039129
"Single replica, 1 client",630,0.7027999963611364
"Single replica, 1 client",631,0.762699986808002
"Single replica, 1 client",632,0.8573000086471438
"Single replica, 1 client",633,0.8689999813213944
"Single replica, 1 client",634,0.8070999756455421
"Single replica, 1 client",635,0.7750000222586095
"Single replica, 1 client",636,0.8507000165991485
"Single replica, 1 client",637,0.754699984099716
"Single replica, 1 client",638,0.6612999713979661
"Single replica, 1 client",639,0.6516000139527023
"Single replica, 1 client",640,0.6598999607376754
"Single replica, 1 client",641,0.6505000055767596
"Single replica, 1 client",642,0.7171999895945191
"Single replica, 1 client",643,0.7772999815642834
"Single replica, 1 client",644,0.6548999808728695
"Single replica, 1 client",645,0.7453000289388001
"Single replica, 1 client",646,0.666000007186085
"Single replica, 1 client",647,0.7090999861247838
"Single replica, 1 client",648,0.6694000330753624
"Single replica, 1 client",649,0.7165000424720347
"Single replica, 1 client",650,0.7063000230118632
"Single replica, 1 client",651,0.7051000138744712
"Single replica, 1 client",652,0.7291000219993293
"Single replica, 1 client",653,0.852899975143373
"Single replica, 1 client",654,0.7649000035598874
"Single replica, 1 client",655,0.6528999656438828
"Single replica, 1 client",656,0.6192000000737607
"Single replica, 1 client",657,0.6840999703854322
"Single replica, 1 client",658,0.6905000191181898
"Single replica, 1 client",659,0.7604000275023282
"Single replica, 1 client",660,0.6702999817207456
"Single replica, 1 client",661,0.6618999759666622
"Single replica, 1 client",662,0.6551999831572175
"Single replica, 1 client",663,0.6689000292681158
"Single replica, 1 client",664,0.6489000516012311
"Single replica, 1 client",665,0.654200033750385
"Single replica, 1 client",666,0.6255999905988574
"Single replica, 1 client",667,0.6195000023581088
"Single replica, 1 client",668,0.6365000153891742
"Single replica, 1 client",669,0.6359000108204782
"Single replica, 1 client",670,0.6299000233411789
"Single replica, 1 client",671,0.6685999687761068
"Single replica, 1 client",672,0.6125000072643161
"Single replica, 1 client",673,0.6391999777406454
"Single replica, 1 client",674,0.7221999694593251
"Single replica, 1 client",675,0.7079000351950526
"Single replica, 1 client",676,0.8702999912202358
"Single replica, 1 client",677,0.6579000037163496
"Single replica, 1 client",678,0.6686999695375562
"Single replica, 1 client",679,0.6491999956779182
"Single replica, 1 client",680,0.6187999970279634
"Single replica, 1 client",681,0.6407999899238348
"Single replica, 1 client",682,0.6314999773167074
"Single replica, 1 client",683,0.6848000339232385
"Single replica, 1 client",684,0.6485999911092222
"Single replica, 1 client",685,0.6204000092111528
"Single replica, 1 client",686,0.674000009894371
"Single replica, 1 client",687,0.6395999807864428
"Single replica, 1 client",688,0.6439999560825527
"Single replica, 1 client",689,0.6766000296920538
"Single replica, 1 client",690,0.6887999479658902
"Single replica, 1 client",691,0.7079000351950526
"Single replica, 1 client",692,0.5966000026091933
"Single replica, 1 client",693,0.6073000258766115
"Single replica, 1 client",694,0.6223000236786902
"Single replica, 1 client",695,0.6261999951675534
"Single replica, 1 client",696,0.6253999890759587
"Single replica, 1 client",697,0.6099999882280827
"Single replica, 1 client",698,0.6234999746084213
"Single replica, 1 client",699,0.6062000175006688
"Single replica, 1 client",700,0.7170999888330698
"Single replica, 1 client",701,0.6129999528639019
"Single replica, 1 client",702,0.6806000019423664
"Single replica, 1 client",703,0.6686999695375562
"Single replica, 1 client",704,0.7000000332482159
"Single replica, 1 client",705,0.6202000076882541
"Single replica, 1 client",706,0.654200033750385
"Single replica, 1 client",707,0.7594000198878348
"Single replica, 1 client",708,0.6487999926321208
"Single replica, 1 client",709,0.6158999749459326
"Single replica, 1 client",710,0.5970000056549907
"Single replica, 1 client",711,0.6416999967768788
"Single replica, 1 client",712,0.6729999440722167
"Single replica, 1 client",713,0.6701000384055078
"Single replica, 1 client",714,0.6197000038810074
"Single replica, 1 client",715,0.6108999950811267
"Single replica, 1 client",716,0.672499998472631
"Single replica, 1 client",717,0.667800020892173
"Single replica, 1 client",718,0.6835000240243971
"Single replica, 1 client",719,0.644099956844002
"Single replica, 1 client",720,0.6613000296056271
"Single replica, 1 client",721,0.6503999466076493
"Single replica, 1 client",722,0.6635000463575125
"Single replica, 1 client",723,0.6008000345900655
"Single replica, 1 client",724,0.8184000034816563
"Single replica, 1 client",725,0.7537000346928835
"Single replica, 1 client",726,0.6819000118412077
"Single replica, 1 client",727,0.7360000163316727
"Single replica, 1 client",728,0.6570999976247549
"Single replica, 1 client",729,0.6888000061735511
"Single replica, 1 client",730,0.7419000030495226
"Single replica, 1 client",731,0.7222999702207744
"Single replica, 1 client",732,0.6554999854415655
"Single replica, 1 client",733,0.6466999766416848
"Single replica, 1 client",734,0.6961000035516918
"Single replica, 1 client",735,0.6898000137880445
"Single replica, 1 client",736,0.6400999845936894
"Single replica, 1 client",737,0.6193000008352101
"Single replica, 1 client",738,0.6157000316306949
"Single replica, 1 client",739,0.6661999505013227
"Single replica, 1 client",740,0.7019999902695417
"Single replica, 1 client",741,0.6868999917060137
"Single replica, 1 client",742,0.6405999884009361
"Single replica, 1 client",743,0.6367000169120729
"Single replica, 1 client",744,0.6613999721594155
"Single replica, 1 client",745,0.680199998896569
"Single replica, 1 client",746,0.9467999916523695
"Single replica, 1 client",747,0.7773999823257327
"Single replica, 1 client",748,0.8543999865651131
"Single replica, 1 client",749,0.7927999831736088
"Single replica, 1 client",750,1.184699998702854
"Single replica, 1 client",751,0.8605000330135226
"Single replica, 1 client",752,0.7196000078693032
"Single replica, 1 client",753,1.4306000084616244
"Single replica, 1 client",754,0.9021000005304813
"Single replica, 1 client",755,0.9176000021398067
"Single replica, 1 client",756,0.6958000012673438
"Single replica, 1 client",757,0.8805000106804073
"Single replica, 1 client",758,0.7367999642156065
"Single replica, 1 client",759,0.7565999985672534
"Single replica, 1 client",760,0.6914999685250223
"Single replica, 1 client",761,0.6553000421263278
"Single replica, 1 client",762,0.737300026230514
"Single replica, 1 client",763,0.8695999858900905
"Single replica, 1 client",764,0.8499999530613422
"Single replica, 1 client",765,0.8092999923974276
"Single replica, 1 client",766,0.7418000022880733
"Single replica, 1 client",767,0.7193000055849552
"Single replica, 1 client",768,0.7457999745383859
"Single replica, 1 client",769,0.6670000148005784
"Single replica, 1 client",770,0.9904000326059759
"Single replica, 1 client",771,1.0331999510526657
"Single replica, 1 client",772,1.136799983214587
"Single replica, 1 client",773,0.7672000210732222
"Single replica, 1 client",774,0.707700033672154
"Single replica, 1 client",775,0.824799994006753
"Single replica, 1 client",776,0.7773999823257327
"Single replica, 1 client",777,0.7603999692946672
"Single replica, 1 client",778,0.7472999859601259
"Single replica, 1 client",779,0.7645000005140901
"Single replica, 1 client",780,0.720999960321933
"Single replica, 1 client",781,0.7172999903559685
"Single replica, 1 client",782,0.653900031466037
"Single replica, 1 client",783,0.9539000457152724
"Single replica, 1 client",784,0.8075000368990004
"Single replica, 1 client",785,0.826300005428493
"Single replica, 1 client",786,0.846999988425523
"Single replica, 1 client",787,0.7545999833382666
"Single replica, 1 client",788,0.9345000144094229
"Single replica, 1 client",789,0.9220000356435776
"Single replica, 1 client",790,0.788699951954186
"Single replica, 1 client",791,0.7788999937474728
"Single replica, 1 client",792,0.8067000308074057
"Single replica, 1 client",793,0.6964000058360398
"Single replica, 1 client",794,0.6976000149734318
"Single replica, 1 client",795,0.60889997985214
"Single replica, 1 client",796,0.6265999982133508
"Single replica, 1 client",797,0.7251000497490168
"Single replica, 1 client",798,0.6655000033788383
"Single replica, 1 client",799,0.6148000247776508
"Single replica, 1 client",800,0.6003999733366072
"Single replica, 1 client",801,0.6975000142119825
"Single replica, 1 client",802,0.7439000182785094
"Single replica, 1 client",803,0.9379999828524888
"Single replica, 1 client",804,0.7764999754726887
"Single replica, 1 client",805,0.7017999887466431
"Single replica, 1 client",806,0.7320999866351485
"Single replica, 1 client",807,0.8492000051774085
"Single replica, 1 client",808,0.860600033774972
"Single replica, 1 client",809,0.8333000005222857
"Single replica, 1 client",810,0.7039000047370791
"Single replica, 1 client",811,0.6618000334128737
"Single replica, 1 client",812,0.8854000479914248
"Single replica, 1 client",813,0.749400001950562
"Single replica, 1 client",814,0.7578000077046454
"Single replica, 1 client",815,0.6977000157348812
"Single replica, 1 client",816,0.6163000361993909
"Single replica, 1 client",817,0.6347000016830862
"Single replica, 1 client",818,0.6257999921217561
"Single replica, 1 client",819,0.6291000172495842
"Single replica, 1 client",820,0.6256999913603067
"Single replica, 1 client",821,0.6353000062517822
"Single replica, 1 client",822,0.6480000447481871
"Single replica, 1 client",823,0.6211000145412982
"Single replica, 1 client",824,0.8141999715007842
"Single replica, 1 client",825,0.7120000082068145
"Single replica, 1 client",826,0.6190999993123114
"Single replica, 1 client",827,0.6343999993987381
"Single replica, 1 client",828,0.6427999469451606
"Single replica, 1 client",829,0.7531000301241875
"Single replica, 1 client",830,0.6438999553211033
"Single replica, 1 client",831,0.6228000274859369
"Single replica, 1 client",832,0.5901000113226473
"Single replica, 1 client",833,0.6422000005841255
"Single replica, 1 client",834,0.5872999900020659
"Single replica, 1 client",835,0.6664000102318823
"Single replica, 1 client",836,0.7836000295355916
"Single replica, 1 client",837,0.7746999617666006
"Single replica, 1 client",838,0.8106000022962689
"Single replica, 1 client",839,0.7510999566875398
"Single replica, 1 client",840,0.6633999873884022
"Single replica, 1 client",841,0.6430000066757202
"Single replica, 1 client",842,0.6331999902613461
"Single replica, 1 client",843,0.6287000142037868
"Single replica, 1 client",844,0.6416999967768788
"Single replica, 1 client",845,0.6132000125944614
"Single replica, 1 client",846,0.6254999898374081
"Single replica, 1 client",847,0.7409999961964786
"Single replica, 1 client",848,0.6447999621741474
"Single replica, 1 client",849,0.5933000356890261
"Single replica, 1 client",850,0.6857000407762825
"Single replica, 1 client",851,0.6635999889113009
"Single replica, 1 client",852,0.6169000407680869
"Single replica, 1 client",853,0.6510000093840063
"Single replica, 1 client",854,0.7092999876476824
"Single replica, 1 client",855,0.7269000052474439
"Single replica, 1 client",856,0.7009999826550484
"Single replica, 1 client",857,0.6989999674260616
"Single replica, 1 client",858,0.6888000061735511
"Single replica, 1 client",859,0.7537999772466719
"Single replica, 1 client",860,0.7433000137098134
"Single replica, 1 client",861,0.779300055000931
"Single replica, 1 client",862,0.8492000051774085
"Single replica, 1 client",863,0.7406999939121306
"Single replica, 1 client",864,0.6697999779134989
"Single replica, 1 client",865,0.6899000145494938
"Single replica, 1 client",866,0.6729999440722167
"Single replica, 1 client",867,0.7246000459417701
"Single replica, 1 client",868,0.721300020813942
"Single replica, 1 client",869,0.9069999796338379
"Single replica, 1 client",870,0.8565000025555491
"Single replica, 1 client",871,0.6730000022798777
"Single replica, 1 client",872,0.6932000396773219
"Single replica, 1 client",873,0.6415999960154295
"Single replica, 1 client",874,0.6425000028684735
"Single replica, 1 client",875,0.6120000034570694
"Single replica, 1 client",876,0.638199970126152
"Single replica, 1 client",877,0.6267999997362494
"Single replica, 1 client",878,0.6066999631002545
"Single replica, 1 client",879,0.6170000415295362
"Single replica, 1 client",880,0.5797000485472381
"Single replica, 1 client",881,0.7559999939985573
"Single replica, 1 client",882,0.694099988322705
"Single replica, 1 client",883,0.8170999935828149
"Single replica, 1 client",884,0.798500026576221
"Single replica, 1 client",885,0.6994000286795199
"Single replica, 1 client",886,0.6732000038027763
"Single replica, 1 client",887,0.6440000142902136
"Single replica, 1 client",888,0.6525000208057463
"Single replica, 1 client",889,0.6895000115036964
"Single replica, 1 client",890,0.6283000111579895
"Single replica, 1 client",891,0.6353999488055706
"Single replica, 1 client",892,0.7422000053338706
"Single replica, 1 client",893,0.7069999701343477
"Single replica, 1 client",894,0.6207000114955008
"Single replica, 1 client",895,0.6135000148788095
"Single replica, 1 client",896,0.6503000040538609
"Single replica, 1 client",897,0.6616000318899751
"Single replica, 1 client",898,0.6614000303670764
"Single replica, 1 client",899,0.6134999566711485
"Single replica, 1 client",900,0.6384000298567116
"Single replica, 1 client",901,0.6313000340014696
"Single replica, 1 client",902,0.6594999576918781
"Single replica, 1 client",903,0.5952999927103519
"Single replica, 1 client",904,0.6200000061653554
"Single replica, 1 client",905,0.5841999663971364
"Single replica, 1 client",906,0.6124000065028667
"Single replica, 1 client",907,0.6278000073507428
"Single replica, 1 client",908,0.7372999680228531
"Single replica, 1 client",909,0.7065999670885503
"Single replica, 1 client",910,0.7102999952621758
"Single replica, 1 client",911,0.6318999803625047
"Single replica, 1 client",912,0.6401999853551388
"Single replica, 1 client",913,0.6844000308774412
"Single replica, 1 client",914,0.6750999600626528
"Single replica, 1 client",915,0.8587000193074346
"Single replica, 1 client",916,0.604800006840378
"Single replica, 1 client",917,0.681100005749613
"Single replica, 1 client",918,0.6015999824739993
"Single replica, 1 client",919,0.6231999723240733
"Single replica, 1 client",920,0.6431000074371696
"Single replica, 1 client",921,0.7026999955996871
"Single replica, 1 client",922,0.6908999639563262
"Single replica, 1 client",923,0.6920000305399299
"Single replica, 1 client",924,0.6887000054121017
"Single replica, 1 client",925,0.6952999974600971
"Single replica, 1 client",926,0.6489999941550195
"Single replica, 1 client",927,0.7068999693728983
"Single replica, 1 client",928,0.6594000151380897
"Single replica, 1 client",929,0.6202999502420425
"Single replica, 1 client",930,0.6284000119194388
"Single replica, 1 client",931,0.6320999818854034
"Single replica, 1 client",932,0.615999975707382
"Single replica, 1 client",933,0.6989000248722732
"Single replica, 1 client",934,0.7201000116765499
"Single replica, 1 client",935,0.6742000114172697
"Single replica, 1 client",936,0.6210999563336372
"Single replica, 1 client",937,0.6009999779053032
"Single replica, 1 client",938,0.7942999945953488
"Single replica, 1 client",939,0.6919000297784805
"Single replica, 1 client",940,0.6897000130265951
"Single replica, 1 client",941,0.672499998472631
"Single replica, 1 client",942,0.693199981469661
"Single replica, 1 client",943,0.7118000066839159
"Single replica, 1 client",944,0.6546999793499708
"Single replica, 1 client",945,0.5624999757856131
"Single replica, 1 client",946,0.6420999998226762
"Single replica, 1 client",947,0.7798000006005168
"Single replica, 1 client",948,0.6188999977894127
"Single replica, 1 client",949,0.6090000388212502
"Single replica, 1 client",950,0.623099971562624
"Single replica, 1 client",951,0.6472999812103808
"Single replica, 1 client",952,0.7072999724186957
"Single replica, 1 client",953,0.6265999982133508
"Single replica, 1 client",954,0.6017999839968979
"Single replica, 1 client",955,0.6053000106476247
"Single replica, 1 client",956,0.6287000142037868
"Single replica, 1 client",957,0.6939000450074673
"Single replica, 1 client",958,0.7304000318981707
"Single replica, 1 client",959,0.7243999862112105
"Single replica, 1 client",960,0.7388999802060425
"Single replica, 1 client",961,0.7069999701343477
"Single replica, 1 client",962,0.7957000052556396
"Single replica, 1 client",963,0.6553999846801162
"Single replica, 1 client",964,0.6330999894998968
"Single replica, 1 client",965,0.6207000114955008
"Single replica, 1 client",966,0.6175000453367829
"Single replica, 1 client",967,0.6313000340014696
"Single replica, 1 client",968,0.628999958280474
"Single replica, 1 client",969,0.6771000334993005
"Single replica, 1 client",970,0.7348000071942806
"Single replica, 1 client",971,0.6409999914467335
"Single replica, 1 client",972,0.6389999762177467
"Single replica, 1 client",973,0.6933999829925597
"Single replica, 1 client",974,0.6873999955132604
"Single replica, 1 client",975,0.6062999600544572
"Single replica, 1 client",976,0.6197000038810074
"Single replica, 1 client",977,0.6087999790906906
"Single replica, 1 client",978,0.6028999923728406
"Single replica, 1 client",979,0.6182999932207167
"Single replica, 1 client",980,0.6825000164099038
"Single replica, 1 client",981,0.7343999459408224
"Single replica, 1 client",982,0.8146000327542424
"Single replica, 1 client",983,0.7575000054202974
"Single replica, 1 client",984,1.019700022879988
"Single replica, 1 client",985,0.6929000373929739
"Single replica, 1 client",986,0.6459999713115394
"Single replica, 1 client",987,0.6523000192828476
"Single replica, 1 client",988,0.671899993903935
"Single replica, 1 client",989,0.6755000213161111
"Single replica, 1 client",990,0.6899999571032822
"Single replica, 1 client",991,0.7279000128619373
"Single replica, 1 client",992,0.6279000081121922
"Single replica, 1 client",993,0.6090000388212502
"Single replica, 1 client",994,0.6342999986372888
"Single replica, 1 client",995,0.6027000490576029
"Single replica, 1 client",996,0.6016000406816602
"Single replica, 1 client",997,0.5810000002384186
"Single replica, 1 client",998,0.6157000316306949
"Single replica, 1 client",999,0.6287000142037868
"Single replica, 1 client",1000,0.5947999889031053
"Single replica, 1 client",1001,0.6046000053174794
"Single replica, 1 client",1002,0.5793999880552292
"Single replica, 1 client",1003,0.6057000136934221
"Single replica, 1 client",1004,0.5953999934718013
"Single replica, 1 client",1005,0.6093000411055982
"Single replica, 1 client",1006,0.6771000334993005
"Single replica, 1 client",1007,0.7437999593093991
"Single replica, 1 client",1008,0.826600007712841
"Single replica, 1 client",1009,0.7238999824039638
"Single replica, 1 client",1010,0.611600000411272
"Single replica, 1 client",1011,0.6488999933935702
"Single replica, 1 client",1012,0.6135999574325979
"Single replica, 1 client",1013,0.6053000106476247
"Single replica, 1 client",1014,0.60450000455603
"Single replica, 1 client",1015,0.60299999313429
"Single replica, 1 client",1016,0.638200028333813
"Single replica, 1 client",1017,0.7234999793581665
"Single replica, 1 client",1018,0.700299977324903
"Single replica, 1 client",1019,0.659200013615191
"Single replica, 1 client",1020,0.6263999966904521
"Single replica, 1 client",1021,0.610699993558228
"Single replica, 1 client",1022,0.6300000241026282
"Single replica, 1 client",1023,0.615999975707382
"Single replica, 1 client",1024,0.6009999779053032
"Single replica, 1 client",1025,0.6058000144548714
"Single replica, 1 client",1026,0.6066999631002545
"Single replica, 1 client",1027,0.6114999996498227
"Single replica, 1 client",1028,0.6773999775759876
"Single replica, 1 client",1029,0.6051000091247261
"Single replica, 1 client",1030,0.5881999968551099
"Single replica, 1 client",1031,0.6263000541366637
"Single replica, 1 client",1032,0.8552999934181571
"Single replica, 1 client",1033,0.9147000382654369
"Single replica, 1 client",1034,0.7854000432416797
"Single replica, 1 client",1035,1.4411000302061439
"Single replica, 1 client",1036,0.7092999876476824
"Single replica, 1 client",1037,0.6373999640345573
"Single replica, 1 client",1038,0.5998999695293605
"Single replica, 1 client",1039,0.5978000117465854
"Single replica, 1 client",1040,0.5700999754481018
"Single replica, 1 client",1041,0.6156000308692455
"Single replica, 1 client",1042,0.577600032556802
"Single replica, 1 client",1043,0.6553999846801162
"Single replica, 1 client",1044,0.62519998755306
"Single replica, 1 client",1045,0.6127000087872148
"Single replica, 1 client",1046,0.6289000157266855
"Single replica, 1 client",1047,0.6362000131048262
"Single replica, 1 client",1048,0.6188999977894127
"Single replica, 1 client",1049,0.6932000396773219
"Single replica, 1 client",1050,0.5943000433035195
"Single replica, 1 client",1051,0.6621000356972218
"Single replica, 1 client",1052,0.6212999578565359
"Single replica, 1 client",1053,0.6953999982215464
"Single replica, 1 client",1054,0.5921999691054225
"Single replica, 1 client",1055,0.7777000428177416
"Single replica, 1 client",1056,0.7617000374011695
"Single replica, 1 client",1057,0.7339000003412366
"Single replica, 1 client",1058,0.6919000297784805
"Single replica, 1 client",1059,0.7247999892570078
"Single replica, 1 client",1060,0.6955999997444451
"Single replica, 1 client",1061,0.6286000134423375
"Single replica, 1 client",1062,0.6848999764770269
"Single replica, 1 client",1063,0.681100005749613
"Single replica, 1 client",1064,0.6841999711468816
"Single replica, 1 client",1065,0.6833999650552869
"Single replica, 1 client",1066,0.625200045760721
"Single replica, 1 client",1067,0.5904000136069953
"Single replica, 1 client",1068,0.6014999817125499
"Single replica, 1 client",1069,0.6206000107340515
"Single replica, 1 client",1070,0.6104999920353293
"Single replica, 1 client",1071,0.5918999668210745
"Single replica, 1 client",1072,0.6356000085361302
"Single replica, 1 client",1073,0.5735000013373792
"Single replica, 1 client",1074,0.6241000373847783
"Single replica, 1 client",1075,0.6616999744437635
"Single replica, 1 client",1076,0.6631999858655035
"Single replica, 1 client",1077,0.6781999836675823
"Single replica, 1 client",1078,0.6778999813832343
"Single replica, 1 client",1079,0.6140000186860561
"Single replica, 1 client",1080,0.6248000427149236
"Single replica, 1 client",1081,0.7741000154055655
"Single replica, 1 client",1082,0.7294000242836773
"Single replica, 1 client",1083,0.6681000231765211
"Single replica, 1 client",1084,0.610099988989532
"Single replica, 1 client",1085,0.6133000133559108
"Single replica, 1 client",1086,0.6158000323921442
"Single replica, 1 client",1087,0.6092999828979373
"Single replica, 1 client",1088,0.6066999631002545
"Single replica, 1 client",1089,0.6022999878041446
"Single replica, 1 client",1090,0.6238000351004303
"Single replica, 1 client",1091,0.5750000127591193
"Single replica, 1 client",1092,0.6488999933935702
"Single replica, 1 client",1093,0.637599965557456
"Single replica, 1 client",1094,0.6575000006705523
"Single replica, 1 client",1095,0.6381000275723636
"Single replica, 1 client",1096,0.6321000400930643
"Single replica, 1 client",1097,0.7119000074453652
"Single replica, 1 client",1098,0.6311000324785709
"Single replica, 1 client",1099,0.6887000054121017
"Single replica, 1 client",1100,0.7631999906152487
"Single replica, 1 client",1101,0.7766999769955873
"Single replica, 1 client",1102,0.5988999619148672
"Single replica, 1 client",1103,0.6500000017695129
"Single replica, 1 client",1104,0.58230001013726
"Single replica, 1 client",1105,0.6293999613262713
"Single replica, 1 client",1106,0.7156999781727791
"Single replica, 1 client",1107,0.7397999870590866
"Single replica, 1 client",1108,0.6882000016048551
"Single replica, 1 client",1109,0.7348000071942806
"Single replica, 1 client",1110,0.6481999880634248
"Single replica, 1 client",1111,0.5949999904260039
"Single replica, 1 client",1112,0.6525999633595347
"Single replica, 1 client",1113,0.6534000276587903
"Single replica, 1 client",1114,0.6619000341743231
"Single replica, 1 client",1115,0.6354999495670199
"Single replica, 1 client",1116,0.6078000296838582
"Single replica, 1 client",1117,0.6283999537117779
"Single replica, 1 client",1118,0.5708999815396965
"Single replica, 1 client",1119,0.5818000063300133
"Single replica, 1 client",1120,0.5728999967686832
"Single replica, 1 client",1121,0.6062000175006688
"Single replica, 1 client",1122,0.571100041270256
"Single replica, 1 client",1123,0.6547000375576317
"Single replica, 1 client",1124,0.6970999529585242
"Single replica, 1 client",1125,0.6625000387430191
"Single replica, 1 client",1126,0.6297000218182802
"Single replica, 1 client",1127,0.6213999586179852
"Single replica, 1 client",1128,0.5691000260412693
"Single replica, 1 client",1129,0.6202999502420425
"Single replica, 1 client",1130,0.5883999983780086
"Single replica, 1 client",1131,0.7218000246211886
"Single replica, 1 client",1132,0.7170000462792814
"Single replica, 1 client",1133,0.8705999935045838
"Single replica, 1 client",1134,0.6971000111661851
"Single replica, 1 client",1135,0.7122000097297132
"Single replica, 1 client",1136,0.632300041615963
"Single replica, 1 client",1137,0.6690000300295651
"Single replica, 1 client",1138,0.6625999812968075
"Single replica, 1 client",1139,0.6385999731719494
"Single replica, 1 client",1140,0.6758000236004591
"Single replica, 1 client",1141,0.5959999980404973
"Single replica, 1 client",1142,0.6561999907717109
"Single replica, 1 client",1143,0.603599997702986
"Single replica, 1 client",1144,0.6407999899238348
"Single replica, 1 client",1145,0.5959999980404973
"Single replica, 1 client",1146,0.8748999680392444
"Single replica, 1 client",1147,0.744100019801408
"Single replica, 1 client",1148,0.6882000016048551
"Single replica, 1 client",1149,0.6433000089600682
"Single replica, 1 client",1150,0.6516000139527023
"Single replica, 1 client",1151,0.6151999696157873
"Single replica, 1 client",1152,0.6862999871373177
"Single replica, 1 client",1153,0.6658000056631863
"Single replica, 1 client",1154,0.6635999889113009
"Single replica, 1 client",1155,0.6448999629355967
"Single replica, 1 client",1156,0.7249999907799065
"Single replica, 1 client",1157,0.7341000018641353
"Single replica, 1 client",1158,0.7286000181920826
"Single replica, 1 client",1159,0.6125000072643161
"Single replica, 1 client",1160,0.6409999914467335
"Single replica, 1 client",1161,0.6139999604783952
"Single replica, 1 client",1162,0.7115000043995678
"Single replica, 1 client",1163,0.6481999880634248
"Single replica, 1 client",1164,0.7009999826550484
"Single replica, 1 client",1165,0.6351000047288835
"Single replica, 1 client",1166,0.6283000111579895
"Single replica, 1 client",1167,0.6585000082850456
"Single replica, 1 client",1168,0.7661000126972795
"Single replica, 1 client",1169,0.6500000017695129
"Single replica, 1 client",1170,0.667800020892173
"Single replica, 1 client",1171,0.6961000035516918
"Single replica, 1 client",1172,0.6797999958507717
"Single replica, 1 client",1173,0.6267999997362494
"Single replica, 1 client",1174,0.6877999985590577
"Single replica, 1 client",1175,0.6318999803625047
"Single replica, 1 client",1176,0.5863999831490219
"Single replica, 1 client",1177,0.5874999915249646
"Single replica, 1 client",1178,0.6359000108204782
"Single replica, 1 client",1179,0.650599948130548
"Single replica, 1 client",1180,0.6960000027902424
"Single replica, 1 client",1181,0.7598000229336321
"Single replica, 1 client",1182,0.6822000141255558
"Single replica, 1 client",1183,0.700299977324903
"Single replica, 1 client",1184,0.6315999780781567
"Single replica, 1 client",1185,0.6226000259630382
"Single replica, 1 client",1186,0.644099956844002
"Single replica, 1 client",1187,0.5972000071778893
"Single replica, 1 client",1188,0.6341999978758395
"Single replica, 1 client",1189,0.5736000020988286
"Single replica, 1 client",1190,0.6627000402659178
"Single replica, 1 client",1191,0.8287999662570655
"Single replica, 1 client",1192,0.707999977748841
"Single replica, 1 client",1193,0.6381000275723636
"Single replica, 1 client",1194,0.6000000284984708
"Single replica, 1 client",1195,0.6436000112444162
"Single replica, 1 client",1196,0.5954000516794622
"Single replica, 1 client",1197,0.6445000180974603
"Single replica, 1 client",1198,0.60889997985214
"Single replica, 1 client",1199,0.6486999918706715
"Single replica, 1 client",1200,0.6531999679282308
"Single replica, 1 client",1201,0.6553999846801162
"Single replica, 1 client",1202,0.6006000330671668
"Single replica, 1 client",1203,0.6285000126808882
"Single replica, 1 client",1204,0.6005000323057175
"Single replica, 1 client",1205,0.6570999976247549
"Single replica, 1 client",1206,0.7308000349439681
"Single replica, 1 client",1207,0.7586000137962401
"Single replica, 1 client",1208,0.7143999682739377
"Single replica, 1 client",1209,0.6496999994851649
"Single replica, 1 client",1210,0.6012999801896513
"Single replica, 1 client",1211,0.5991000216454268
"Single replica, 1 client",1212,0.5943999858573079
"Single replica, 1 client",1213,0.6093999836593866
"Single replica, 1 client",1214,0.6568999961018562
"Single replica, 1 client",1215,0.707699975464493
"Single replica, 1 client",1216,0.7208999595604837
"Single replica, 1 client",1217,0.6513000116683543
"Single replica, 1 client",1218,0.6360000115819275
"Single replica, 1 client",1219,0.640600046608597
"Single replica, 1 client",1220,0.5834000185132027
"Single replica, 1 client",1221,0.6254999898374081
"Single replica, 1 client",1222,0.5994999664835632
"Single replica, 1 client",1223,0.5868999869562685
"Single replica, 1 client",1224,0.6074000266380608
"Single replica, 1 client",1225,0.6016999832354486
"Single replica, 1 client",1226,0.5927999736741185
"Single replica, 1 client",1227,0.6061000167392194
"Single replica, 1 client",1228,0.5877999938093126
"Single replica, 1 client",1229,0.6425000028684735
"Single replica, 1 client",1230,0.6302000256255269
"Single replica, 1 client",1231,0.8142999722622335
"Single replica, 1 client",1232,0.692299974616617
"Single replica, 1 client",1233,0.6753000197932124
"Single replica, 1 client",1234,0.7028000545687973
"Single replica, 1 client",1235,0.6476000417023897
"Single replica, 1 client",1236,0.6534000276587903
"Single replica, 1 client",1237,0.631699978839606
"Single replica, 1 client",1238,0.6305999704636633
"Single replica, 1 client",1239,0.6205000099726021
"Single replica, 1 client",1240,0.840199994854629
"Single replica, 1 client",1241,0.6842999719083309
"Single replica, 1 client",1242,0.6649999995715916
"Single replica, 1 client",1243,0.6387999746948481
"Single replica, 1 client",1244,0.6487999926321208
"Single replica, 1 client",1245,0.6588000105693936
"Single replica, 1 client",1246,0.6544000352732837
"Single replica, 1 client",1247,0.6228999700397253
"Single replica, 1 client",1248,0.6281000096350908
"Single replica, 1 client",1249,0.6353999488055706
"Single replica, 1 client",1250,0.7385000353679061
"Single replica, 1 client",1251,0.6281000096350908
"Single replica, 1 client",1252,0.6441000150516629
"Single replica, 1 client",1253,0.6592999561689794
"Single replica, 1 client",1254,0.5989000201225281
"Single replica, 1 client",1255,0.7035000016912818
"Single replica, 1 client",1256,0.8817000198177993
"Single replica, 1 client",1257,0.8047999581322074
"Single replica, 1 client",1258,0.6972000119276345
"Single replica, 1 client",1259,0.6423000013455749
"Single replica, 1 client",1260,0.6207999540492892
"Single replica, 1 client",1261,0.7178999949246645
"Single replica, 1 client",1262,0.6476999842561781
"Single replica, 1 client",1263,0.8585000177845359
"Single replica, 1 client",1264,0.6429000059142709
"Single replica, 1 client",1265,0.6208000122569501
"Single replica, 1 client",1266,0.6256999913603067
"Single replica, 1 client",1267,0.6133000133559108
"Single replica, 1 client",1268,0.6075000273995101
"Single replica, 1 client",1269,0.666300009470433
"Single replica, 1 client",1270,0.6915000267326832
"Single replica, 1 client",1271,0.6189999985508621
"Single replica, 1 client",1272,0.6319999811239541
"Single replica, 1 client",1273,0.6450999644584954
"Single replica, 1 client",1274,0.6496999994851649
"Single replica, 1 client",1275,0.616899982560426
"Single replica, 1 client",1276,0.6614000303670764
"Single replica, 1 client",1277,0.6960000027902424
"Single replica, 1 client",1278,0.6056000129319727
"Single replica, 1 client",1279,0.665100000333041
"Single replica, 1 client",1280,0.7956000044941902
"Single replica, 1 client",1281,0.8207000209949911
"Single replica, 1 client",1282,0.7432999555021524
"Single replica, 1 client",1283,0.7125000120140612
"Single replica, 1 client",1284,0.6262999959290028
"Single replica, 1 client",1285,0.6665999535471201
"Single replica, 1 client",1286,0.7520000217482448
"Single replica, 1 client",1287,0.6477999850176275
"Single replica, 1 client",1288,0.637299963273108
"Single replica, 1 client",1289,0.6699999794363976
"Single replica, 1 client",1290,0.6719999946653843
"Single replica, 1 client",1291,0.6985000218264759
"Single replica, 1 client",1292,0.6144000217318535
"Single replica, 1 client",1293,0.630499969702214
"Single replica, 1 client",1294,0.645000021904707
"Single replica, 1 client",1295,0.6276999483816326
"Single replica, 1 client",1296,0.6219000206328928
"Single replica, 1 client",1297,0.6311999750323594
"Single replica, 1 client",1298,0.6376000237651169
"Single replica, 1 client",1299,0.6033000536262989
"Single replica, 1 client",1300,0.645900028757751
"Single replica, 1 client",1301,0.6330999894998968
"Single replica, 1 client",1302,0.6741999532096088
"Single replica, 1 client",1303,0.6964000058360398
"Single replica, 1 client",1304,0.7225999725051224
"Single replica, 1 client",1305,0.7787999929860234
"Single replica, 1 client",1306,0.7878000033088028
"Single replica, 1 client",1307,0.6632999866269529
"Single replica, 1 client",1308,0.6280000088736415
"Single replica, 1 client",1309,0.7980999653227627
"Single replica, 1 client",1310,0.6509000086225569
"Single replica, 1 client",1311,0.6551999831572175
"Single replica, 1 client",1312,0.6069999653846025
"Single replica, 1 client",1313,0.6546000367961824
"Single replica, 1 client",1314,0.6557000451721251
"Single replica, 1 client",1315,0.7103999960236251
"Single replica, 1 client",1316,0.6613000296056271
"Single replica, 1 client",1317,0.685799983330071
"Single replica, 1 client",1318,0.6219999631866813
"Single replica, 1 client",1319,0.7436000159941614
"Single replica, 1 client",1320,0.7354999543167651
"Single replica, 1 client",1321,0.6228000274859369
"Single replica, 1 client",1322,0.6288999575190246
"Single replica, 1 client",1323,0.7140000234358013
"Single replica, 1 client",1324,0.5969999474473298
"Single replica, 1 client",1325,0.6304000271484256
"Single replica, 1 client",1326,0.6269000004976988
"Single replica, 1 client",1327,0.6209000130183995
"Single replica, 1 client",1328,0.6325999856926501
"Single replica, 1 client",1329,0.7871999987401068
"Single replica, 1 client",1330,0.768299971241504
"Single replica, 1 client",1331,0.6826000171713531
"Single replica, 1 client",1332,0.7400999893434346
"Single replica, 1 client",1333,0.7314999820664525
"Single replica, 1 client",1334,0.6504000048153102
"Single replica, 1 client",1335,0.671899993903935
"Single replica, 1 client",1336,0.6690000300295651
"Single replica, 1 client",1337,0.6216999609023333
"Single replica, 1 client",1338,0.6658000056631863
"Single replica, 1 client",1339,0.6738000083714724
"Single replica, 1 client",1340,0.6420999998226762
"Single replica, 1 client",1341,0.6420999998226762
"Single replica, 1 client",1342,0.6011999794282019
"Single replica, 1 client",1343,0.602399988565594
"Single replica, 1 client",1344,0.5994000239297748
"Single replica, 1 client",1345,0.630799971986562
"Single replica, 1 client",1346,0.629299960564822
"Single replica, 1 client",1347,0.6325000431388617
"Single replica, 1 client",1348,0.6384000298567116
"Single replica, 1 client",1349,0.6155999726615846
"Single replica, 1 client",1350,0.645299965981394
"Single replica, 1 client",1351,0.6751000182703137
"Single replica, 1 client",1352,0.6870999932289124
"Single replica, 1 client",1353,0.7117000059224665
"Single replica, 1 client",1354,0.7660000119358301
"Single replica, 1 client",1355,0.8322999929077923
"Single replica, 1 client",1356,0.8092999923974276
"Single replica, 1 client",1357,0.6015999824739993
"Single replica, 1 client",1358,0.6924999761395156
"Single replica, 1 client",1359,0.624899985268712
"Single replica, 1 client",1360,0.6304000271484256
"Single replica, 1 client",1361,0.6227000267244875
"Single replica, 1 client",1362,0.6417999975383282
"Single replica, 1 client",1363,0.6342999986372888
"Single replica, 1 client",1364,0.6428000051528215
"Single replica, 1 client",1365,0.6543000345118344
"Single replica, 1 client",1366,0.6782000418752432
"Single replica, 1 client",1367,0.6469000363722444
"Single replica, 1 client",1368,0.7385999779216945
"Single replica, 1 client",1369,0.6387999746948481
"Single replica, 1 client",1370,0.6184999947436154
"Single replica, 1 client",1371,0.631699978839606
"Single replica, 1 client",1372,0.618399993982166
"Single replica, 1 client",1373,0.6354000070132315
"Single replica, 1 client",1374,0.6461999728344381
"Single replica, 1 client",1375,0.7082999800331891
"Single replica, 1 client",1376,0.6470999796874821
"Single replica, 1 client",1377,0.6512000109069049
"Single replica, 1 client",1378,0.818600005004555
"Single replica, 1 client",1379,1.1233000550419092
"Single replica, 1 client",1380,0.8499000105075538
"Single replica, 1 client",1381,0.6967000081203878
"Single replica, 1 client",1382,0.6270999438129365
"Single replica, 1 client",1383,0.6296000210568309
"Single replica, 1 client",1384,0.6198000046424568
"Single replica, 1 client",1385,0.6856000400148332
"Single replica, 1 client",1386,0.6471999804489315
"Single replica, 1 client",1387,0.6621999782510102
"Single replica, 1 client",1388,0.6275000050663948
"Single replica, 1 client",1389,0.6648999988101423
"Single replica, 1 client",1390,0.6239000358618796
"Single replica, 1 client",1391,0.6195000023581088
"Single replica, 1 client",1392,0.6179000483825803
"Single replica, 1 client",1393,0.6287000142037868
"Single replica, 1 client",1394,0.6671000155620277
"Single replica, 1 client",1395,0.6342999986372888
"Single replica, 1 client",1396,0.647100037895143
"Single replica, 1 client",1397,0.6355000077746809
"Single replica, 1 client",1398,0.6864999886602163
"Single replica, 1 client",1399,0.6365000153891742
"Single replica, 1 client",1400,0.6702999817207456
"Single replica, 1 client",1401,0.8912999765016139
"Single replica, 1 client",1402,0.8695999858900905
"Single replica, 1 client",1403,0.7865999941714108
"Single replica, 1 client",1404,0.6810000049881637
"Single replica, 1 client",1405,0.6578000029549003
"Single replica, 1 client",1406,0.6699999794363976
"Single replica, 1 client",1407,0.6102999905124307
"Single replica, 1 client",1408,0.6430000066757202
"Single replica, 1 client",1409,0.6510000093840063
"Single replica, 1 client",1410,0.660100020468235
"Single replica, 1 client",1411,0.6357000092975795
"Single replica, 1 client",1412,0.6502000032924116
"Single replica, 1 client",1413,0.645900028757751
"Single replica, 1 client",1414,0.6219999631866813
"Single replica, 1 client",1415,0.6269000004976988
"Single replica, 1 client",1416,0.618399993982166
"Single replica, 1 client",1417,0.5954999942332506
"Single replica, 1 client",1418,0.6554999854415655
"Single replica, 1 client",1419,0.6111999973654747
"Single replica, 1 client",1420,0.6350999465212226
"Single replica, 1 client",1421,0.6062000175006688
"Single replica, 1 client",1422,0.6287000142037868
"Single replica, 1 client",1423,0.6102999905124307
"Single replica, 1 client",1424,0.6252999883145094
"Single replica, 1 client",1425,0.742000003810972
"Single replica, 1 client",1426,0.8698999881744385
"Single replica, 1 client",1427,0.8283000206574798
"Single replica, 1 client",1428,0.8493000059388578
"Single replica, 1 client",1429,0.6390999769791961
"Single replica, 1 client",1430,0.6306000286713243
"Single replica, 1 client",1431,0.64439995912835
"Single replica, 1 client",1432,0.624899985268712
"Single replica, 1 client",1433,0.6767000304535031
"Single replica, 1 client",1434,0.6773000350221992
"Single replica, 1 client",1435,0.6285999552346766
"Single replica, 1 client",1436,0.6089000380598009
"Single replica, 1 client",1437,0.6205000099726021
"Single replica, 1 client",1438,0.6534000276587903
"Single replica, 1 client",1439,0.6972000119276345
"Single replica, 1 client",1440,0.6913999677635729
"Single replica, 1 client",1441,0.6835000240243971
"Single replica, 1 client",1442,0.6555999862030149
"Single replica, 1 client",1443,0.6438999553211033
"Single replica, 1 client",1444,0.6511000101454556
"Single replica, 1 client",1445,0.6454999675042927
"Single replica, 1 client",1446,0.609199982136488
"Single replica, 1 client",1447,0.6156000308692455
"Single replica, 1 client",1448,0.7943999953567982
"Single replica, 1 client",1449,0.6554000428877771
"Single replica, 1 client",1450,0.7320999866351485
"Single replica, 1 client",1451,0.7366999634541571
"Single replica, 1 client",1452,0.8245999924838543
"Single replica, 1 client",1453,0.6776999798603356
"Single replica, 1 client",1454,0.6488999933935702
"Single replica, 1 client",1455,0.7977000204846263
"Single replica, 1 client",1456,0.6897000130265951
"Single replica, 1 client",1457,0.6294000195339322
"Single replica, 1 client",1458,0.5935000372119248
"Single replica, 1 client",1459,0.6173999863676727
"Single replica, 1 client",1460,0.6132999551482499
"Single replica, 1 client",1461,0.6137000164017081
"Single replica, 1 client",1462,0.6300999666564167
"Single replica, 1 client",1463,0.7183999987319112
"Single replica, 1 client",1464,0.5985000170767307
"Single replica, 1 client",1465,0.6715000490657985
"Single replica, 1 client",1466,0.658900011330843
"Single replica, 1 client",1467,0.6503000040538609
"Single replica, 1 client",1468,0.609199982136488
"Single replica, 1 client",1469,0.6536999717354774
"Single replica, 1 client",1470,0.6169999833218753
"Single replica, 1 client",1471,1.3637000229209661
"Single replica, 1 client",1472,0.680500001180917
"Single replica, 1 client",1473,0.6412000511772931
"Single replica, 1 client",1474,0.8719000034034252
"Single replica, 1 client",1475,0.8293000282719731
"Single replica, 1 client",1476,0.7439000182785094
"Single replica, 1 client",1477,0.6528999656438828
"Single replica, 1 client",1478,0.6729000015184283
"Single replica, 1 client",1479,0.6340999971143901
"Single replica, 1 client",1480,0.7099999929778278
"Single replica, 1 client",1481,0.6647999980486929
"Single replica, 1 client",1482,0.6286999559961259
"Single replica, 1 client",1483,0.7207000162452459
"Single replica, 1 client",1484,0.6735000060871243
"Single replica, 1 client",1485,0.6573999999091029
"Single replica, 1 client",1486,0.6564999930560589
"Single replica, 1 client",1487,0.6484999903477728
"Single replica, 1 client",1488,0.6223000236786902
"Single replica, 1 client",1489,0.6080000312067568
"Single replica, 1 client",1490,0.6139999604783952
"Single replica, 1 client",1491,0.6216000183485448
"Single replica, 1 client",1492,0.6220999639481306
"Single replica, 1 client",1493,0.7507000118494034
"Single replica, 1 client",1494,0.6070999661460519
"Single replica, 1 client",1495,0.6820000126026571
"Single replica, 1 client",1496,0.6445999606512487
"Single replica, 1 client",1497,0.6283000111579895
"Single replica, 1 client",1498,0.7412999984808266
"Single replica, 1 client",1499,0.8219999726861715
"Single replica, 1 client",1500,0.7522999658249319
"Single replica, 1 client",1501,0.7192000048235059
"Single replica, 1 client",1502,0.6295000202953815
"Single replica, 1 client",1503,0.6449000211432576
"Single replica, 1 client",1504,0.6747000152245164
"Single replica, 1 client",1505,0.6240000366233289
"Single replica, 1 client",1506,0.630799971986562
"Single replica, 1 client",1507,0.6888000061735511
"Single replica, 1 client",1508,0.6190999993123114
"Single replica, 1 client",1509,0.6303000263869762
"Single replica, 1 client",1510,0.6046000053174794
"Single replica, 1 client",1511,0.6416999967768788
"Single replica, 1 client",1512,0.6409999914467335
"Single replica, 1 client",1513,0.6646999972872436
"Single replica, 1 client",1514,0.6806000019423664
"Single replica, 1 client",1515,0.6591000128537416
"Single replica, 1 client",1516,0.6233000312931836
"Single replica, 1 client",1517,0.7051999564282596
"Single replica, 1 client",1518,0.6495999987237155
"Single replica, 1 client",1519,0.6212000153027475
"Single replica, 1 client",1520,0.6458999705500901
"Single replica, 1 client",1521,0.6620999774895608
"Single replica, 1 client",1522,0.685499981045723
"Single replica, 1 client",1523,0.7750000222586095
"Single replica, 1 client",1524,0.7913999725133181
"Single replica, 1 client",1525,0.6976000149734318
"Single replica, 1 client",1526,0.6620000349357724
"Single replica, 1 client",1527,0.6426000036299229
"Single replica, 1 client",1528,0.7309000357054174
"Single replica, 1 client",1529,0.6314999773167074
"Single replica, 1 client",1530,0.6311999750323594
"Single replica, 1 client",1531,0.6326999864540994
"Single replica, 1 client",1532,0.6253999890759587
"Single replica, 1 client",1533,0.6269000004976988
"Single replica, 1 client",1534,0.6169999833218753
"Single replica, 1 client",1535,0.5978000117465854
"Single replica, 1 client",1536,0.6525000208057463
"Single replica, 1 client",1537,0.6081999745219946
"Single replica, 1 client",1538,0.6516000139527023
"Single replica, 1 client",1539,0.5987999611534178
"Single replica, 1 client",1540,0.8012999896891415
"Single replica, 1 client",1541,0.7897000177763402
"Single replica, 1 client",1542,0.6797999958507717
"Single replica, 1 client",1543,0.6979000172577798
"Single replica, 1 client",1544,0.6355000077746809
"Single replica, 1 client",1545,0.6938999867998064
"Single replica, 1 client",1546,0.7187000010162592
"Single replica, 1 client",1547,0.7382000330835581
"Single replica, 1 client",1548,0.7525999681092799
"Single replica, 1 client",1549,0.7562999962829053
"Single replica, 1 client",1550,0.6896000122651458
"Single replica, 1 client",1551,0.6237000343389809
"Single replica, 1 client",1552,0.617199984844774
"Single replica, 1 client",1553,0.610999995842576
"Single replica, 1 client",1554,0.6566000520251691
"Single replica, 1 client",1555,0.7141000241972506
"Single replica, 1 client",1556,0.6945999921299517
"Single replica, 1 client",1557,0.714799971319735
"Single replica, 1 client",1558,0.6353000062517822
"Single replica, 1 client",1559,0.6615999736823142
"Single replica, 1 client",1560,0.6185999955050647
"Single replica, 1 client",1561,0.6297999643720686
"Single replica, 1 client",1562,0.660100020468235
"Single replica, 1 client",1563,0.942799961194396
"Single replica, 1 client",1564,0.9725000127218664
"Single replica, 1 client",1565,0.7033000001683831
"Single replica, 1 client",1566,0.6466000340878963
"Single replica, 1 client",1567,0.6667999550700188
"Single replica, 1 client",1568,0.8209000225178897
"Single replica, 1 client",1569,0.7543000392615795
"Single replica, 1 client",1570,1.1877999641001225
"Single replica, 1 client",1571,1.0671999771147966
"Single replica, 1 client",1572,0.9353000205010176
"Single replica, 1 client",1573,0.9105000062845647
"Single replica, 1 client",1574,0.8581000147387385
"Single replica, 1 client",1575,0.8171999943442643
"Single replica, 1 client",1576,0.8375000325031579
"Single replica, 1 client",1577,0.831299985293299
"Single replica, 1 client",1578,0.7533999742008746
"Single replica, 1 client",1579,0.769199978094548
"Single replica, 1 client",1580,0.8911999757401645
"Single replica, 1 client",1581,0.9871000074781477
"Single replica, 1 client",1582,1.0152999893762171
"Single replica, 1 client",1583,0.7899999618530273
"Single replica, 1 client",1584,0.8100999984890223
"Single replica, 1 client",1585,1.2375999940559268
"Single replica, 1 client",1586,0.7857999880798161
"Single replica, 1 client",1587,0.8067000308074057
"Single replica, 1 client",1588,0.7766000344417989
"Single replica, 1 client",1589,0.9017999982461333
"Single replica, 1 client",1590,0.901399995200336
"Single replica, 1 client",1591,0.9467999916523695
"Single replica, 1 client",1592,0.8512000204063952
"Single replica, 1 client",1593,0.8131000213325024
"Single replica, 1 client",1594,0.8228999795392156
"Single replica, 1 client",1595,1.0040999623015523
"Single replica, 1 client",1596,0.8977000252343714
"Single replica, 1 client",1597,0.7864999934099615
"Single replica, 1 client",1598,0.8271000115200877
"Single replica, 1 client",1599,0.8917999803088605
"Single replica, 1 client",1600,0.7266000029630959
"Single replica, 1 client",1601,0.6571999983862042
"Single replica, 1 client",1602,0.6781999836675823
"Single replica, 1 client",1603,0.8441999671049416
"Single replica, 1 client",1604,0.8759999764151871
"Single replica, 1 client",1605,0.7945999968796968
"Single replica, 1 client",1606,0.8149999775923789
"Single replica, 1 client",1607,0.729600025806576
"Single replica, 1 client",1608,0.7511000148952007
"Single replica, 1 client",1609,0.894299999345094
"Single replica, 1 client",1610,0.8909999742172658
"Single replica, 1 client",1611,0.8296999731101096
"Single replica, 1 client",1612,0.7838000310584903
"Single replica, 1 client",1613,0.7847000379115343
"Single replica, 1 client",1614,0.6938000442460179
"Single replica, 1 client",1615,0.6723999977111816
"Single replica, 1 client",1616,0.7104999967850745
"Single replica, 1 client",1617,0.6964000058360398
"Single replica, 1 client",1618,0.7119000074453652
"Single replica, 1 client",1619,0.8558999979868531
"Single replica, 1 client",1620,0.792600039858371
"Single replica, 1 client",1621,0.7817000150680542
"Single replica, 1 client",1622,0.756199995521456
"Single replica, 1 client",1623,0.8539999835193157
"Single replica, 1 client",1624,0.790799967944622
"Single replica, 1 client",1625,0.8003999828360975
"Single replica, 1 client",1626,0.8731000125408173
"Single replica, 1 client",1627,0.9572000126354396
"Single replica, 1 client",1628,0.9928999934345484
"Single replica, 1 client",1629,1.0438999743200839
"Single replica, 1 client",1630,1.3924000086262822
"Single replica, 1 client",1631,0.8993000374175608
"Single replica, 1 client",1632,0.7674000225961208
"Single replica, 1 client",1633,0.7114000036381185
"Single replica, 1 client",1634,0.6791000487282872
"Single replica, 1 client",1635,0.6513000116683543
"Single replica, 1 client",1636,0.6880000000819564
"Single replica, 1 client",1637,0.6164999795146286
"Single replica, 1 client",1638,0.8526999736204743
"Single replica, 1 client",1639,0.8734000148251653
"Single replica, 1 client",1640,0.8446999709121883
"Single replica, 1 client",1641,0.8715000003576279
"Single replica, 1 client",1642,0.8666999638080597
"Single replica, 1 client",1643,0.8378999773412943
"Single replica, 1 client",1644,0.8313999860547483
"Single replica, 1 client",1645,0.8446000283583999
"Single replica, 1 client",1646,0.7836000295355916
"Single replica, 1 client",1647,0.8418999495916069
"Single replica, 1 client",1648,1.1505000293254852
"Single replica, 1 client",1649,0.8373000309802592
"Single replica, 1 client",1650,0.7698999834246933
"Single replica, 1 client",1651,0.6479999865405262
"Single replica, 1 client",1652,0.6419999990612268
"Single replica, 1 client",1653,0.6296000210568309
"Single replica, 1 client",1654,0.6351000047288835
"Single replica, 1 client",1655,0.678699987474829
"Single replica, 1 client",1656,0.6376999663189054
"Single replica, 1 client",1657,0.6487999926321208
"Single replica, 1 client",1658,1.2170000118203461
"Single replica, 1 client",1659,0.7715999963693321
"Single replica, 1 client",1660,0.674300012178719
"Single replica, 1 client",1661,0.6453999667428434
"Single replica, 1 client",1662,0.6511000101454556
"Single replica, 1 client",1663,0.6913999677635729
"Single replica, 1 client",1664,0.6896000122651458
"Single replica, 1 client",1665,0.65179995726794
"Single replica, 1 client",1666,0.660400022752583
"Single replica, 1 client",1667,0.7113000028766692
"Single replica, 1 client",1668,0.6630000425502658
"Single replica, 1 client",1669,0.6945999921299517
"Single replica, 1 client",1670,0.6541000329889357
"Single replica, 1 client",1671,0.8420000085607171
"Single replica, 1 client",1672,0.7537000346928835
"Single replica, 1 client",1673,0.8030000026337802
"Single replica, 1 client",1674,0.645300024189055
"Single replica, 1 client",1675,0.6684000254608691
"Single replica, 1 client",1676,0.7105999975465238
"Single replica, 1 client",1677,0.6390999769791961
"Single replica, 1 client",1678,0.6752999615855515
"Single replica, 1 client",1679,0.6633000448346138
"Single replica, 1 client",1680,0.654200033750385
"Single replica, 1 client",1681,0.8467999869026244
"Single replica, 1 client",1682,0.8166999905370176
"Single replica, 1 client",1683,0.7315000402741134
"Single replica, 1 client",1684,0.7805999484844506
"Single replica, 1 client",1685,0.7110000005923212
"Single replica, 1 client",1686,0.7782999891787767
"Single replica, 1 client",1687,0.7269000052474439
"Single replica, 1 client",1688,0.673100003041327
"Single replica, 1 client",1689,0.7250000489875674
"Single replica, 1 client",1690,0.6706000422127545
"Single replica, 1 client",1691,0.6609000265598297
"Single replica, 1 client",1692,0.7300999714061618
"Single replica, 1 client",1693,0.8580000139772892
"Single replica, 1 client",1694,0.9964000200852752
"Single replica, 1 client",1695,1.1155999964103103
"Single replica, 1 client",1696,0.7610999746248126
"Single replica, 1 client",1697,0.7122000097297132
"Single replica, 1 client",1698,0.7134000188671052
"Single replica, 1 client",1699,0.7683999720029533
"Single replica, 1 client",1700,0.7402999908663332
"Single replica, 1 client",1701,0.923299987334758
"Single replica, 1 client",1702,0.8629999938420951
"Single replica, 1 client",1703,0.686999992467463
"Single replica, 1 client",1704,0.775699969381094
"Single replica, 1 client",1705,0.722500029951334
"Single replica, 1 client",1706,0.853800040204078
"Single replica, 1 client",1707,0.8417999488301575
"Single replica, 1 client",1708,0.7587000145576894
"Single replica, 1 client",1709,0.7668999605812132
"Single replica, 1 client",1710,0.8045000140555203
"Single replica, 1 client",1711,0.838099978864193
"Single replica, 1 client",1712,0.7530999719165266
"Single replica, 1 client",1713,0.7477999897673726
"Single replica, 1 client",1714,0.9407000034116209
"Single replica, 1 client",1715,0.928599969483912
"Single replica, 1 client",1716,1.0640000109560788
"Single replica, 1 client",1717,0.9178000036627054
"Single replica, 1 client",1718,0.8220000308938324
"Single replica, 1 client",1719,0.709500047378242
"Single replica, 1 client",1720,0.902600004337728
"Single replica, 1 client",1721,0.8567000040784478
"Single replica, 1 client",1722,0.8706999942660332
"Single replica, 1 client",1723,0.8792000007815659
"Single replica, 1 client",1724,0.770099984947592
"Single replica, 1 client",1725,0.7803000044077635
"Single replica, 1 client",1726,0.8077999809756875
"Single replica, 1 client",1727,0.7179999956861138
"Single replica, 1 client",1728,0.8258000016212463
"Single replica, 1 client",1729,0.7661999552510679
"Single replica, 1 client",1730,0.7778999861329794
"Single replica, 1 client",1731,0.7895000162534416
"Single replica, 1 client",1732,0.8545999880880117
"Single replica, 1 client",1733,0.8219999726861715
"Single replica, 1 client",1734,0.8913999772630632
"Single replica, 1 client",1735,0.9068999788723886
"Single replica, 1 client",1736,0.8435000199824572
"Single replica, 1 client",1737,0.74970000423491
"Single replica, 1 client",1738,0.8965000160969794
"Single replica, 1 client",1739,0.9064999758265913
"Single replica, 1 client",1740,0.9629999985918403
"Single replica, 1 client",1741,0.8288000244647264
"Single replica, 1 client",1742,0.8628999930806458
"Single replica, 1 client",1743,0.9678999776951969
"Single replica, 1 client",1744,1.072299957741052
"Single replica, 1 client",1745,0.9737000218592584
"Single replica, 1 client",1746,0.9138000314123929
"Single replica, 1 client",1747,0.8157999836839736
"Single replica, 1 client",1748,0.8668999653309584
"Single replica, 1 client",1749,0.9738999651744962
"Single replica, 1 client",1750,0.804400013294071
"Single replica, 1 client",1751,0.9005999891087413
"Single replica, 1 client",1752,0.9549999958835542
"Single replica, 1 client",1753,1.1133000371046364
"Single replica, 1 client",1754,1.3101999647915363
"Single replica, 1 client",1755,0.8170999935828149
"Single replica, 1 client",1756,0.7511999574489892
"Single replica, 1 client",1757,0.6862999871373177
"Single replica, 1 client",1758,0.8307000389322639
"Single replica, 1 client",1759,0.7325999904423952
"Single replica, 1 client",1760,0.8925999864004552
"Single replica, 1 client",1761,0.8776999893598258
"Single replica, 1 client",1762,0.9024000028148293
"Single replica, 1 client",1763,0.8344000088982284
"Single replica, 1 client",1764,0.8185000042431056
"Single replica, 1 client",1765,0.8254999993368983
"Single replica, 1 client",1766,0.9064999758265913
"Single replica, 1 client",1767,0.8672999683767557
"Single replica, 1 client",1768,0.896700017619878
"Single replica, 1 client",1769,0.7877999451011419
"Single replica, 1 client",1770,0.8199000149033964
"Single replica, 1 client",1771,0.7823999621905386
"Single replica, 1 client",1772,0.799100031144917
"Single replica, 1 client",1773,0.9426000178791583
"Single replica, 1 client",1774,0.7065999670885503
"Single replica, 1 client",1775,0.6575000006705523
"Single replica, 1 client",1776,0.6588000105693936
"Single replica, 1 client",1777,0.6897999555803835
"Single replica, 1 client",1778,0.6363000138662755
"Single replica, 1 client",1779,0.686699990183115
"Single replica, 1 client",1780,0.6457999697886407
"Single replica, 1 client",1781,0.6821000133641064
"Single replica, 1 client",1782,0.6105000502429903
"Single replica, 1 client",1783,0.618399993982166
"Single replica, 1 client",1784,0.6215000175870955
"Single replica, 1 client",1785,0.6249999860301614
"Single replica, 1 client",1786,0.6628999835811555
"Single replica, 1 client",1787,0.6387999746948481
"Single replica, 1 client",1788,0.6127000087872148
"Single replica, 1 client",1789,0.6576000014320016
"Single replica, 1 client",1790,0.7255999953486025
"Single replica, 1 client",1791,0.6232999730855227
"Single replica, 1 client",1792,0.6404999876394868
"Single replica, 1 client",1793,0.5863999831490219
"Single replica, 1 client",1794,0.7679000264033675
"Single replica, 1 client",1795,0.9267999557778239
"Single replica, 1 client",1796,1.167299982625991
"Single replica, 1 client",1797,0.6722999969497323
"Single replica, 1 client",1798,0.7270000060088933
"Single replica, 1 client",1799,0.6972999544814229
"Single replica, 1 client",1800,0.6591000128537416
"Single replica, 1 client",1801,0.6600999622605741
"Single replica, 1 client",1802,0.5680000176653266
"Single replica, 1 client",1803,0.6256999913603067
"Single replica, 1 client",1804,0.6299999658949673
"Single replica, 1 client",1805,0.6284000119194388
"Single replica, 1 client",1806,0.6941999890841544
"Single replica, 1 client",1807,0.6704000406898558
"Single replica, 1 client",1808,0.6954999989829957
"Single replica, 1 client",1809,0.6240000366233289
"Single replica, 1 client",1810,0.6519999587908387
"Single replica, 1 client",1811,0.6510000093840063
"Single replica, 1 client",1812,0.6557999877259135
"Single replica, 1 client",1813,0.6597999599762261
"Single replica, 1 client",1814,0.6939999875612557
"Single replica, 1 client",1815,0.6697000353597105
"Single replica, 1 client",1816,0.7082000374794006
"Single replica, 1 client",1817,1.1499000247567892
"Single replica, 1 client",1818,0.831599987577647
"Single replica, 1 client",1819,0.8167999912984669
"Single replica, 1 client",1820,0.7588999578729272
"Single replica, 1 client",1821,0.6720999954268336
"Single replica, 1 client",1822,0.72900002123788
"Single replica, 1 client",1823,0.7722000009380281
"Single replica, 1 client",1824,0.6886000046506524
"Single replica, 1 client",1825,0.7508000126108527
"Single replica, 1 client",1826,0.6862000445835292
"Single replica, 1 client",1827,0.7194000063464046
"Single replica, 1 client",1828,0.6867999909445643
"Single replica, 1 client",1829,0.7751000230200589
"Single replica, 1 client",1830,0.7773000397719443
"Single replica, 1 client",1831,0.901399995200336
"Single replica, 1 client",1832,0.8221000316552818
"Single replica, 1 client",1833,0.7441999623551965
"Single replica, 1 client",1834,0.6959000020287931
"Single replica, 1 client",1835,0.7757999701425433
"Single replica, 1 client",1836,0.7814000127837062
"Single replica, 1 client",1837,0.6960000027902424
"Single replica, 1 client",1838,0.9321999968960881
"Single replica, 1 client",1839,0.8211000240407884
"Single replica, 1 client",1840,0.7134999614208937
"Single replica, 1 client",1841,0.7178999949246645
"Single replica, 1 client",1842,0.6972000119276345
"Single replica, 1 client",1843,0.7006000378169119
"Single replica, 1 client",1844,0.6347000016830862
"Single replica, 1 client",1845,0.6248000427149236
"Single replica, 1 client",1846,0.6677000201307237
"Single replica, 1 client",1847,0.6988999666646123
"Single replica, 1 client",1848,0.7090999861247838
"Single replica, 1 client",1849,0.7590000168420374
"Single replica, 1 client",1850,0.7172999903559685
"Single replica, 1 client",1851,0.6896999548189342
"Single replica, 1 client",1852,0.8784999954514205
"Single replica, 1 client",1853,0.7376000285148621
"Single replica, 1 client",1854,0.7277000113390386
"Single replica, 1 client",1855,0.7286000181920826
"Single replica, 1 client",1856,0.6514000124298036
"Single replica, 1 client",1857,0.6274000043049455
"Single replica, 1 client",1858,0.6053000106476247
"Single replica, 1 client",1859,0.6215000175870955
"Single replica, 1 client",1860,0.6282000103965402
"Single replica, 1 client",1861,0.9977000299841166
"Single replica, 1 client",1862,0.7621999830007553
"Single replica, 1 client",1863,0.7382999756373465
"Single replica, 1 client",1864,0.7156999781727791
"Single replica, 1 client",1865,0.6553999846801162
"Single replica, 1 client",1866,0.6212000153027475
"Single replica, 1 client",1867,0.6254999898374081
"Single replica, 1 client",1868,0.6834999658167362
"Single replica, 1 client",1869,0.6818000110797584
"Single replica, 1 client",1870,0.6659000064246356
"Single replica, 1 client",1871,0.694399990607053
"Single replica, 1 client",1872,0.7016999879851937
"Single replica, 1 client",1873,0.6237000343389809
"Single replica, 1 client",1874,0.6001000292599201
"Single replica, 1 client",1875,0.6184999947436154
"Single replica, 1 client",1876,0.5937999812886119
"Single replica, 1 client",1877,0.6387999746948481
"Single replica, 1 client",1878,0.680500001180917
"Single replica, 1 client",1879,0.6408999906852841
"Single replica, 1 client",1880,0.617199984844774
"Single replica, 1 client",1881,0.6498000002466142
"Single replica, 1 client",1882,0.6246999837458134
"Single replica, 1 client",1883,0.7876000017859042
"Single replica, 1 client",1884,0.6449000211432576
"Single replica, 1 client",1885,0.6161999772302806
"Single replica, 1 client",1886,0.6434000097215176
"Single replica, 1 client",1887,0.6371999625116587
"Single replica, 1 client",1888,0.6257999921217561
"Single replica, 1 client",1889,0.6139000179246068
"Single replica, 1 client",1890,0.6648999988101423
"Single replica, 1 client",1891,0.7106999983079731
"Single replica, 1 client",1892,0.700599979609251
"Single replica, 1 client",1893,0.7264000014401972
"Single replica, 1 client",1894,0.6895000115036964
"Single replica, 1 client",1895,0.6734999478794634
"Single replica, 1 client",1896,0.6957000005058944
"Single replica, 1 client",1897,0.6813000072725117
"Single replica, 1 client",1898,0.6265999982133508
"Single replica, 1 client",1899,0.6577000021934509
"Single replica, 1 client",1900,0.5745000089518726
"Single replica, 1 client",1901,0.6220000213943422
"Single replica, 1 client",1902,0.5775000317953527
"Single replica, 1 client",1903,0.6393999792635441
"Single replica, 1 client",1904,0.6539999740198255
"Single replica, 1 client",1905,0.6010999786667526
"Single replica, 1 client",1906,0.653300026897341
"Single replica, 1 client",1907,0.7550999871455133
"Single replica, 1 client",1908,0.7432999555021524
"Single replica, 1 client",1909,0.7480999920517206
"Single replica, 1 client",1910,0.7015999872237444
"Single replica, 1 client",1911,0.8357000187970698
"Single replica, 1 client",1912,0.8268000092357397
"Single replica, 1 client",1913,0.7884000078774989
"Single replica, 1 client",1914,0.8283999632112682
"Single replica, 1 client",1915,0.813000020571053
"Single replica, 1 client",1916,0.7303999736905098
"Single replica, 1 client",1917,0.7751999655738473
"Single replica, 1 client",1918,0.6809000042267144
"Single replica, 1 client",1919,0.660400022752583
"Single replica, 1 client",1920,0.6931000389158726
"Single replica, 1 client",1921,0.7247000467032194
"Single replica, 1 client",1922,0.6793000502511859
"Single replica, 1 client",1923,0.6478000432252884
"Single replica, 1 client",1924,0.638200028333813
"Single replica, 1 client",1925,0.6754999631084502
"Single replica, 1 client",1926,0.6166999810375273
"Single replica, 1 client",1927,0.6933000404387712
"Single replica, 1 client",1928,0.6861999863758683
"Single replica, 1 client",1929,0.6793999928049743
"Single replica, 1 client",1930,0.7430000114254653
"Single replica, 1 client",1931,0.6425000028684735
"Single replica, 1 client",1932,0.6325999856926501
"Single replica, 1 client",1933,0.6212999578565359
"Single replica, 1 client",1934,0.7419000030495226
"Single replica, 1 client",1935,0.7080999785102904
"Single replica, 1 client",1936,0.7110000005923212
"Single replica, 1 client",1937,0.6417999975383282
"Single replica, 1 client",1938,0.6377999670803547
"Single replica, 1 client",1939,0.6478999857790768
"Single replica, 1 client",1940,0.637899967841804
"Single replica, 1 client",1941,0.6360000115819275
"Single replica, 1 client",1942,0.6665000109933317
"Single replica, 1 client",1943,0.6489000516012311
"Single replica, 1 client",1944,0.7175999926403165
"Single replica, 1 client",1945,0.6155000301077962
"Single replica, 1 client",1946,0.7009999826550484
"Single replica, 1 client",1947,0.6228999700397253
"Single replica, 1 client",1948,0.659500015899539
"Single replica, 1 client",1949,0.6463000318035483
"Single replica, 1 client",1950,1.3938999618403614
"Single replica, 1 client",1951,0.6890000076964498
"Single replica, 1 client",1952,0.6609999691136181
"Single replica, 1 client",1953,0.6723999977111816
"Single replica, 1 client",1954,0.6835999665781856
"Single replica, 1 client",1955,0.6113999988883734
"Single replica, 1 client",1956,0.6407999899238348
"Single replica, 1 client",1957,0.6845999741926789
"Single replica, 1 client",1958,0.6541000329889357
"Single replica, 1 client",1959,0.6275000050663948
"Single replica, 1 client",1960,0.6102999905124307
"Single replica, 1 client",1961,0.6016999832354486
"Single replica, 1 client",1962,0.5765000241808593
"Single replica, 1 client",1963,0.5964000010862947
"Single replica, 1 client",1964,0.6305000279098749
"Single replica, 1 client",1965,0.6195000023581088
"Single replica, 1 client",1966,0.6499000010080636
"Single replica, 1 client",1967,0.6348000024445355
"Single replica, 1 client",1968,0.631699978839606
"Single replica, 1 client",1969,0.7098999922163785
"Single replica, 1 client",1970,0.7218000246211886
"Single replica, 1 client",1971,0.7146000280044973
"Single replica, 1 client",1972,0.6670999573543668
"Single replica, 1 client",1973,0.597400008700788
"Single replica, 1 client",1974,0.8747999672777951
"Single replica, 1 client",1975,0.693199981469661
"Single replica, 1 client",1976,0.6457000272348523
"Single replica, 1 client",1977,0.6638000486418605
"Single replica, 1 client",1978,0.6433000089600682
"Single replica, 1 client",1979,0.6547999801114202
"Single replica, 1 client",1980,0.6319000385701656
"Single replica, 1 client",1981,0.7142000249586999
"Single replica, 1 client",1982,0.6952999974600971
"Single replica, 1 client",1983,0.7769000367261469
"Single replica, 1 client",1984,0.7331999950110912
"Single replica, 1 client",1985,0.7702000439167023
"Single replica, 1 client",1986,0.7119999499991536
"Single replica, 1 client",1987,0.7268000044859946
"Single replica, 1 client",1988,0.6593000143766403
"Single replica, 1 client",1989,0.604200002271682
"Single replica, 1 client",1990,0.6185999955050647
"Single replica, 1 client",1991,0.6818000110797584
"Single replica, 1 client",1992,0.5785999819636345
"Single replica, 1 client",1993,0.5973000079393387
"Single replica, 1 client",1994,0.6069000228308141
"Single replica, 1 client",1995,0.6702999817207456
"Single replica, 1 client",1996,0.7296999683603644
"Single replica, 1 client",1997,0.7577000069431961
"Single replica, 1 client",1998,0.6649999995715916
"Single replica, 1 client",1999,0.6620999774895608
"Single replica, 16 clients",0,2.7356999926269054
"Single replica, 16 clients",1,5.008399952203035
"Single replica, 16 clients",2,5.514900025445968
"Single replica, 16 clients",3,5.552099959459156
"Single replica, 16 clients",4,5.058999988250434
"Single replica, 16 clients",5,5.006799998227507
"Single replica, 16 clients",6,4.8723999643698335
"Single replica, 16 clients",7,4.823499999474734
"Single replica, 16 clients",8,5.246300017461181
"Single replica, 16 clients",9,5.051300046034157
"Single replica, 16 clients",10,5.216600024141371
"Single replica, 16 clients",11,5.063699965830892
"Single replica, 16 clients",12,5.535500007681549
"Single replica, 16 clients",13,4.664700012654066
"Single replica, 16 clients",14,4.800900002010167
"Single replica, 16 clients",15,5.347500031348318
"Single replica, 16 clients",16,5.012700043153018
"Single replica, 16 clients",17,4.962000006344169
"Single replica, 16 clients",18,5.088799982331693
"Single replica, 16 clients",19,4.862400004640222
"Single replica, 16 clients",20,5.460300017148256
"Single replica, 16 clients",21,5.146300012711436
"Single replica, 16 clients",22,5.034799978602678
"Single replica, 16 clients",23,5.032000015489757
"Single replica, 16 clients",24,5.294399976264685
"Single replica, 16 clients",25,5.420600005891174
"Single replica, 16 clients",26,5.554200033657253
"Single replica, 16 clients",27,5.098499997984618
"Single replica, 16 clients",28,4.719800024759024
"Single replica, 16 clients",29,5.146400013472885
"Single replica, 16 clients",30,6.0678000445477664
"Single replica, 16 clients",31,4.712500027380884
"Single replica, 16 clients",32,4.929999995511025
"Single replica, 16 clients",33,5.629099963698536
"Single replica, 16 clients",34,5.875599978026003
"Single replica, 16 clients",35,5.750000011175871
"Single replica, 16 clients",36,4.971099959220737
"Single replica, 16 clients",37,4.929399990942329
"Single replica, 16 clients",38,4.9934000126086175
"Single replica, 16 clients",39,5.159399996045977
"Single replica, 16 clients",40,5.168999952729791
"Single replica, 16 clients",41,5.382000003010035
"Single replica, 16 clients",42,5.040799966081977
"Single replica, 16 clients",43,5.134600040037185
"Single replica, 16 clients",44,4.9149999977089465
"Single replica, 16 clients",45,5.341000040061772
"Single replica, 16 clients",46,5.719100008718669
"Single replica, 16 clients",47,5.3425999940373
"Single replica, 16 clients",48,5.347599973902106
"Single replica, 16 clients",49,5.51599997561425
"Single replica, 16 clients",50,4.702900012489408
"Single replica, 16 clients",51,5.036699993070215
"Single replica, 16 clients",52,5.460099957417697
"Single replica, 16 clients",53,5.436900013592094
"Single replica, 16 clients",54,5.5195000022649765
"Single replica, 16 clients",55,5.1120000425726175
"Single replica, 16 clients",56,4.931200004648417
"Single replica, 16 clients",57,4.965500032994896
"Single replica, 16 clients",58,4.8130000359378755
"Single replica, 16 clients",59,4.897699982393533
"Single replica, 16 clients",60,4.981499980203807
"Single replica, 16 clients",61,5.227799993008375
"Single replica, 16 clients",62,4.71289997221902
"Single replica, 16 clients",63,4.934699973091483
"Single replica, 16 clients",64,4.979000019375235
"Single replica, 16 clients",65,4.761900054290891
"Single replica, 16 clients",66,4.912000033073127
"Single replica, 16 clients",67,5.157999985385686
"Single replica, 16 clients",68,5.025799968279898
"Single replica, 16 clients",69,5.100400012452155
"Single replica, 16 clients",70,4.986899963114411
"Single replica, 16 clients",71,4.796300025191158
"Single replica, 16 clients",72,4.801100003533065
"Single replica, 16 clients",73,4.98870003502816
"Single replica, 16 clients",74,4.76340000750497
"Single replica, 16 clients",75,4.88640001276508
"Single replica, 16 clients",76,5.047099955845624
"Single replica, 16 clients",77,4.891699994914234
"Single replica, 16 clients",78,5.0137999933212996
"Single replica, 16 clients",79,5.149499978870153
"Single replica, 16 clients",80,4.8806999693624675
"Single replica, 16 clients",81,4.945099994074553
"Single replica, 16 clients",82,5.265799991320819
"Single replica, 16 clients",83,4.911699972581118
"Single replica, 16 clients",84,4.615000041667372
"Single replica, 16 clients",85,4.886800015810877
"Single replica, 16 clients",86,4.748000006657094
"Single replica, 16 clients",87,4.931499948725104
"Single replica, 16 clients",88,4.683200037106872
"Single replica, 16 clients",89,5.338700022548437
"Single replica, 16 clients",90,4.995799972675741
"Single replica, 16 clients",91,4.7833999851718545
"Single replica, 16 clients",92,5.050199979450554
"Single replica, 16 clients",93,4.660000035073608
"Single replica, 16 clients",94,5.853200040291995
"Single replica, 16 clients",95,5.238600017037243
"Single replica, 16 clients",96,4.805999982636422
"Single replica, 16 clients",97,4.777599999215454
"Single replica, 16 clients",98,4.941699968185276
"Single replica, 16 clients",99,4.644800035748631
"Single replica, 16 clients",100,4.79010003618896
"Single replica, 16 clients",101,5.225699977017939
"Single replica, 16 clients",102,4.565599956549704
"Single replica, 16 clients",103,4.697700031101704
"Single replica, 16 clients",104,5.333999986760318
"Single replica, 16 clients",105,4.934499971568584
"Single replica, 16 clients",106,5.062200012616813
"Single replica, 16 clients",107,4.962700011674315
"Single replica, 16 clients",108,4.827000026125461
"Single replica, 16 clients",109,5.362400028388947
"Single replica, 16 clients",110,4.505300021264702
"Single replica, 16 clients",111,4.87900001462549
"Single replica, 16 clients",112,4.912500036880374
"Single replica, 16 clients",113,4.7333999536931515
"Single replica, 16 clients",114,5.2257000352256
"Single replica, 16 clients",115,4.985800012946129
"Single replica, 16 clients",116,5.014700000174344
"Single replica, 16 clients",117,4.961099999491125
"Single replica, 16 clients",118,5.245599953923374
"Single replica, 16 clients",119,1.4031000318937004
"Single replica, 16 clients",120,4.820800037123263
"Single replica, 16 clients",121,4.941500024870038
"Single replica, 16 clients",122,5.039100011344999
"Single replica, 16 clients",123,4.899799998383969
"Single replica, 16 clients",124,5.183800007216632
"Single replica, 16 clients",125,2.9471999732777476
"Single replica, 16 clients",126,5.15450001694262
"Single replica, 16 clients",127,5.5006000329740345
"Single replica, 16 clients",128,5.707599979359657
"Single replica, 16 clients",129,5.4416999919340014
"Single replica, 16 clients",130,4.698799981269985
"Single replica, 16 clients",131,4.854300001170486
"Single replica, 16 clients",132,5.474400008097291
"Single replica, 16 clients",133,5.218999984208494
"Single replica, 16 clients",134,5.580299999564886
"Single replica, 16 clients",135,5.124599963892251
"Single replica, 16 clients",136,5.0755999982357025
"Single replica, 16 clients",137,5.168400006368756
"Single replica, 16 clients",138,4.849899967666715
"Single replica, 16 clients",139,4.884499998297542
"Single replica, 16 clients",140,5.518099991604686
"Single replica, 16 clients",141,4.8602999886497855
"Single replica, 16 clients",142,4.959799989592284
"Single replica, 16 clients",143,5.054399953223765
"Single replica, 16 clients",144,5.117700027767569
"Single replica, 16 clients",145,4.929699993226677
"Single replica, 16 clients",146,5.2625000244006515
"Single replica, 16 clients",147,5.098599998746067
"Single replica, 16 clients",148,4.804899974260479
"Single replica, 16 clients",149,5.651600018609315
"Single replica, 16 clients",150,5.2223000093363225
"Single replica, 16 clients",151,5.223600019235164
"Single replica, 16 clients",152,5.115600011777133
"Single replica, 16 clients",153,5.006199993658811
"Single replica, 16 clients",154,4.931700008455664
"Single replica, 16 clients",155,5.943800031673163
"Single replica, 16 clients",156,4.863200010731816
"Single replica, 16 clients",157,5.216000019572675
"Single replica, 16 clients",158,5.981100024655461
"Single replica, 16 clients",159,5.732399993576109
"Single replica, 16 clients",160,5.634800007101148
"Single replica, 16 clients",161,5.02849998883903
"Single replica, 16 clients",162,4.925999965053052
"Single replica, 16 clients",163,5.021999997552484
"Single replica, 16 clients",164,5.3796999854967
"Single replica, 16 clients",165,5.160600005183369
"Single replica, 16 clients",166,5.2337999804876745
"Single replica, 16 clients",167,4.968900000676513
"Single replica, 16 clients",168,4.955599957611412
"Single replica, 16 clients",169,5.166899994947016
"Single replica, 16 clients",170,5.598500021733344
"Single replica, 16 clients",171,5.365899996832013
"Single replica, 16 clients",172,5.283100006636232
"Single replica, 16 clients",173,5.168800009414554
"Single replica, 16 clients",174,5.169699958059937
"Single replica, 16 clients",175,4.866200033575296
"Single replica, 16 clients",176,5.312000052072108
"Single replica, 16 clients",177,5.572800000663847
"Single replica, 16 clients",178,5.469600029755384
"Single replica, 16 clients",179,5.32039999961853
"Single replica, 16 clients",180,4.870700009632856
"Single replica, 16 clients",181,5.136299994774163
"Single replica, 16 clients",182,4.717599949799478
"Single replica, 16 clients",183,5.096499982755631
"Single replica, 16 clients",184,4.707499989308417
"Single replica, 16 clients",185,5.167299997992814
"Single replica, 16 clients",186,5.129600001964718
"Single replica, 16 clients",187,4.6295999782159925
"Single replica, 16 clients",188,4.918600025121123
"Single replica, 16 clients",189,5.019500036723912
"Single replica, 16 clients",190,4.916699952445924
"Single replica, 16 clients",191,4.989499982912093
"Single replica, 16 clients",192,4.925300017930567
"Single replica, 16 clients",193,5.016899958718568
"Single replica, 16 clients",194,5.224600026849657
"Single replica, 16 clients",195,5.10559999383986
"Single replica, 16 clients",196,4.926000023260713
"Single replica, 16 clients",197,4.908100003376603
"Single replica, 16 clients",198,4.939899954479188
"Single replica, 16 clients",199,4.71900001866743
"Single replica, 16 clients",200,5.035199981648475
"Single replica, 16 clients",201,4.951999988406897
"Single replica, 16 clients",202,4.785400000400841
"Single replica, 16 clients",203,4.799300048034638
"Single replica, 16 clients",204,5.057400034274906
"Single replica, 16 clients",205,4.815599997527897
"Single replica, 16 clients",206,4.88490000134334
"Single replica, 16 clients",207,5.405100004281849
"Single replica, 16 clients",208,4.698299977462739
"Single replica, 16 clients",209,4.851899982895702
"Single replica, 16 clients",210,5.1509999902918935
"Single replica, 16 clients",211,4.548700002487749
"Single replica, 16 clients",212,4.604499961715192
"Single replica, 16 clients",213,5.212799995206296
"Single replica, 16 clients",214,5.325599981006235
"Single replica, 16 clients",215,4.564000002574176
"Single replica, 16 clients",216,5.2488999790512025
"Single replica, 16 clients",217,4.554099985398352
"Single replica, 16 clients",218,6.03160000173375
"Single replica, 16 clients",219,4.656100005377084
"Single replica, 16 clients",220,4.9631999572739005
"Single replica, 16 clients",221,4.937899997457862
"Single replica, 16 clients",222,4.679500008933246
"Single replica, 16 clients",223,4.952199989929795
"Single replica, 16 clients",224,4.868299991358072
"Single replica, 16 clients",225,4.809100006241351
"Single replica, 16 clients",226,5.023500008974224
"Single replica, 16 clients",227,4.458900017198175
"Single replica, 16 clients",228,4.716299998108298
"Single replica, 16 clients",229,5.300499964505434
"Single replica, 16 clients",230,5.315700022038072
"Single replica, 16 clients",231,4.631799994967878
"Single replica, 16 clients",232,5.175700003746897
"Single replica, 16 clients",233,4.630299983546138
"Single replica, 16 clients",234,5.001500016078353
"Single replica, 16 clients",235,5.014199996367097
"Single replica, 16 clients",236,4.920800041873008
"Single replica, 16 clients",237,5.035099980887026
"Single replica, 16 clients",238,5.194899975322187
"Single replica, 16 clients",239,5.536300013773143
"Single replica, 16 clients",240,4.556599946226925
"Single replica, 16 clients",241,4.412400012370199
"Single replica, 16 clients",242,1.693999976851046
"Single replica, 16 clients",243,5.217199970502406
"Single replica, 16 clients",244,5.282099999021739
"Single replica, 16 clients",245,4.969400004483759
"Single replica, 16 clients",246,4.544399969745427
"Single replica, 16 clients",247,5.415800027549267
"Single replica, 16 clients",248,4.973100032657385
"Single replica, 16 clients",249,4.816800006665289
"Single replica, 16 clients",250,2.432700013741851
"Single replica, 16 clients",251,5.101900023873895
"Single replica, 16 clients",252,5.588900006841868
"Single replica, 16 clients",253,5.48940000589937
"Single replica, 16 clients",254,5.2628000266849995
"Single replica, 16 clients",255,5.078000016510487
"Single replica, 16 clients",256,4.72919997991994
"Single replica, 16 clients",257,5.2078000153414905
"Single replica, 16 clients",258,5.145200004335493
"Single replica, 16 clients",259,5.2838000119663775
"Single replica, 16 clients",260,5.239200021605939
"Single replica, 16 clients",261,5.146500014234334
"Single replica, 16 clients",262,5.160600005183369
"Single replica, 16 clients",263,4.724300000816584
"Single replica, 16 clients",264,4.995400027837604
"Single replica, 16 clients",265,5.694999999832362
"Single replica, 16 clients",266,5.135999992489815
"Single replica, 16 clients",267,4.748300008941442
"Single replica, 16 clients",268,5.117799970321357
"Single replica, 16 clients",269,4.629700037185103
"Single replica, 16 clients",270,5.0469000125303864
"Single replica, 16 clients",271,5.160300002899021
"Single replica, 16 clients",272,5.054100009147078
"Single replica, 16 clients",273,5.087500030640513
"Single replica, 16 clients",274,5.281399993691593
"Single replica, 16 clients",275,5.425399984233081
"Single replica, 16 clients",276,5.141699977684766
"Single replica, 16 clients",277,5.3319999715313315
"Single replica, 16 clients",278,4.911900032311678
"Single replica, 16 clients",279,5.044499994255602
"Single replica, 16 clients",280,5.844700033776462
"Single replica, 16 clients",281,5.032500019297004
"Single replica, 16 clients",282,4.928199981804937
"Single replica, 16 clients",283,6.125799962319434
"Single replica, 16 clients",284,5.7206000201404095
"Single replica, 16 clients",285,5.807199981063604
"Single replica, 16 clients",286,5.035299982409924
"Single replica, 16 clients",287,4.962900013197213
"Single replica, 16 clients",288,5.129700002726167
"Single replica, 16 clients",289,5.119899986311793
"Single replica, 16 clients",290,5.101900023873895
"Single replica, 16 clients",291,5.155199964065105
"Single replica, 16 clients",292,5.109300022013485
"Single replica, 16 clients",293,4.960400052368641
"Single replica, 16 clients",294,4.962200007867068
"Single replica, 16 clients",295,5.5540999746881425
"Single replica, 16 clients",296,5.450700002256781
"Single replica, 16 clients",297,5.188399984035641
"Single replica, 16 clients",298,5.699799978174269
"Single replica, 16 clients",299,5.102500028442591
"Single replica, 16 clients",300,4.930199997033924
"Single replica, 16 clients",301,5.120700050611049
"Single replica, 16 clients",302,5.557700002100319
"Single replica, 16 clients",303,5.377600027713925
"Single replica, 16 clients",304,5.5136000155471265
"Single replica, 16 clients",305,4.9226999981328845
"Single replica, 16 clients",306,4.883599991444498
"Single replica, 16 clients",307,4.761699994560331
"Single replica, 16 clients",308,4.704899969510734
"Single replica, 16 clients",309,5.049999977927655
"Single replica, 16 clients",310,5.044399993494153
"Single replica, 16 clients",311,5.030800006352365
"Single replica, 16 clients",312,5.14409999595955
"Single replica, 16 clients",313,4.962300008628517
"Single replica, 16 clients",314,4.88029996631667
"Single replica, 16 clients",315,4.861699999310076
"Single replica, 16 clients",316,5.387999990489334
"Single replica, 16 clients",317,4.599599982611835
"Single replica, 16 clients",318,5.206200003158301
"Single replica, 16 clients",319,4.867799987550825
"Single replica, 16 clients",320,5.05079998401925
"Single replica, 16 clients",321,4.526200005784631
"Single replica, 16 clients",322,5.017600022256374
"Single replica, 16 clients",323,4.753599991090596
"Single replica, 16 clients",324,4.8448999878019094
"Single replica, 16 clients",325,4.788699967321008
"Single replica, 16 clients",326,5.097199988085777
"Single replica, 16 clients",327,5.377500026952475
"Single replica, 16 clients",328,4.984700004570186
"Single replica, 16 clients",329,4.974699986632913
"Single replica, 16 clients",330,4.974499985110015
"Single replica, 16 clients",331,4.830799996852875
"Single replica, 16 clients",332,5.148799973540008
"Single replica, 16 clients",333,4.825000010896474
"Single replica, 16 clients",334,5.014900001697242
"Single replica, 16 clients",335,4.943899984937161
"Single replica, 16 clients",336,4.822999995667487
"Single replica, 16 clients",337,4.861900000832975
"Single replica, 16 clients",338,4.950900038238615
"Single replica, 16 clients",339,5.575500021222979
"Single replica, 16 clients",340,4.704499966464937
"Single replica, 16 clients",341,4.902200016658753
"Single replica, 16 clients",342,4.94409998646006
"Single replica, 16 clients",343,5.726999952457845
"Single replica, 16 clients",344,5.112100043334067
"Single replica, 16 clients",345,5.06709999172017
"Single replica, 16 clients",346,4.716900002676994
"Single replica, 16 clients",347,4.866099974606186
"Single replica, 16 clients",348,4.929899994749576
"Single replica, 16 clients",349,4.988100030459464
"Single replica, 16 clients",350,4.8198000295087695
"Single replica, 16 clients",351,5.187399976421148
"Single replica, 16 clients",352,4.7067999839782715
"Single replica, 16 clients",353,4.9507999792695045
"Single replica, 16 clients",354,5.2690000156871974
"Single replica, 16 clients",355,5.419399996753782
"Single replica, 16 clients",356,4.73220000276342
"Single replica, 16 clients",357,4.948200017679483
"Single replica, 16 clients",358,4.765100020449609
"Single replica, 16 clients",359,4.872500023338944
"Single replica, 16 clients",360,5.004399979952723
"Single replica, 16 clients",361,4.926599969621748
"Single replica, 16 clients",362,5.021899996791035
"Single replica, 16 clients",363,4.733500012662262
"Single replica, 16 clients",364,4.981999984011054
"Single replica, 16 clients",365,5.416899977717549
"Single replica, 16 clients",366,5.0877999747172
"Single replica, 16 clients",367,4.846499999985099
"Single replica, 16 clients",368,5.151199991814792
"Single replica, 16 clients",369,5.087899975478649
"Single replica, 16 clients",370,4.77369996951893
"Single replica, 16 clients",371,5.383100011385977
"Single replica, 16 clients",372,5.120499990880489
"Single replica, 16 clients",373,4.953399999067187
"Single replica, 16 clients",374,4.26549999974668
"Single replica, 16 clients",375,4.646699992008507
"Single replica, 16 clients",376,5.542200000490993
"Single replica, 16 clients",377,5.590699962340295
"Single replica, 16 clients",378,5.136599997058511
"Single replica, 16 clients",379,5.118399974890053
"Single replica, 16 clients",380,4.961600003298372
"Single replica, 16 clients",381,5.254200019408017
"Single replica, 16 clients",382,5.123900016769767
"Single replica, 16 clients",383,4.967299988493323
"Single replica, 16 clients",384,5.253400013316423
"Single replica, 16 clients",385,4.983000049833208
"Single replica, 16 clients",386,5.2640000358223915
"Single replica, 16 clients",387,4.94099996285513
"Single replica, 16 clients",388,5.054500012192875
"Single replica, 16 clients",389,5.011799978092313
"Single replica, 16 clients",390,5.213600001297891
"Single replica, 16 clients",391,4.773999971803278
"Single replica, 16 clients",392,4.9017000128515065
"Single replica, 16 clients",393,4.952399991452694
"Single replica, 16 clients",394,5.144599999766797
"Single replica, 16 clients",395,5.052499996963888
"Single replica, 16 clients",396,5.840199999511242
"Single replica, 16 clients",397,5.221600004006177
"Single replica, 16 clients",398,5.226899986155331
"Single replica, 16 clients",399,5.413100006990135
"Single replica, 16 clients",400,5.223199957981706
"Single replica, 16 clients",401,5.408400029409677
"Single replica, 16 clients",402,4.965100029949099
"Single replica, 16 clients",403,5.122799950186163
"Single replica, 16 clients",404,5.300700024235994
"Single replica, 16 clients",405,5.019899981562048
"Single replica, 16 clients",406,5.030400003306568
"Single replica, 16 clients",407,5.410999990999699
"Single replica, 16 clients",408,5.760800035204738
"Single replica, 16 clients",409,5.964699957985431
"Single replica, 16 clients",410,5.253900017123669
"Single replica, 16 clients",411,4.919899976812303
"Single replica, 16 clients",412,5.071199964731932
"Single replica, 16 clients",413,5.302100034896284
"Single replica, 16 clients",414,5.113999999593943
"Single replica, 16 clients",415,5.327399994712323
"Single replica, 16 clients",416,5.148400028701872
"Single replica, 16 clients",417,4.760300042107701
"Single replica, 16 clients",418,5.3184000425972044
"Single replica, 16 clients",419,5.155700026080012
"Single replica, 16 clients",420,5.617799994070083
"Single replica, 16 clients",421,5.404700001236051
"Single replica, 16 clients",422,5.380000045988709
"Single replica, 16 clients",423,5.476500024087727
"Single replica, 16 clients",424,4.755100002512336
"Single replica, 16 clients",425,5.037100054323673
"Single replica, 16 clients",426,5.317700037267059
"Single replica, 16 clients",427,5.648400052450597
"Single replica, 16 clients",428,5.490600015036762
"Single replica, 16 clients",429,5.055100016761571
"Single replica, 16 clients",430,4.946700006257743
"Single replica, 16 clients",431,4.979000019375235
"Single replica, 16 clients",432,4.791799990925938
"Single replica, 16 clients",433,4.972499969881028
"Single replica, 16 clients",434,5.015600007027388
"Single replica, 16 clients",435,5.056300025898963
"Single replica, 16 clients",436,4.789699974935502
"Single replica, 16 clients",437,4.808300000149757
"Single replica, 16 clients",438,4.845099989324808
"Single replica, 16 clients",439,5.188799987081438
"Single replica, 16 clients",440,4.9223999958485365
"Single replica, 16 clients",441,4.984400002285838
"Single replica, 16 clients",442,5.004600039683282
"Single replica, 16 clients",443,5.015799950342625
"Single replica, 16 clients",444,5.120599991641939
"Single replica, 16 clients",445,4.744000034406781
"Single replica, 16 clients",446,4.999099997803569
"Single replica, 16 clients",447,4.66109998524189
"Single replica, 16 clients",448,4.632500000298023
"Single replica, 16 clients",449,4.988599976059049
"Single replica, 16 clients",450,4.968399996869266
"Single replica, 16 clients",451,4.743100027553737
"Single replica, 16 clients",452,4.887200018856674
"Single replica, 16 clients",453,5.067699996288866
"Single replica, 16 clients",454,5.00179996015504
"Single replica, 16 clients",455,4.812399973161519
"Single replica, 16 clients",456,5.122100003063679
"Single replica, 16 clients",457,5.118999979458749
"Single replica, 16 clients",458,4.570599994622171
"Single replica, 16 clients",459,5.045199999585748
"Single replica, 16 clients",460,4.8528999905101955
"Single replica, 16 clients",461,4.906799993477762
"Single replica, 16 clients",462,5.020899989176542
"Single replica, 16 clients",463,5.287099978886545
"Single replica, 16 clients",464,5.078599962871522
"Single replica, 16 clients",465,4.77820000378415
"Single replica, 16 clients",466,5.018899973947555
"Single replica, 16 clients",467,4.367700021248311
"Single replica, 16 clients",468,5.81980001879856
"Single replica, 16 clients",469,5.21969998953864
"Single replica, 16 clients",470,4.879300016909838
"Single replica, 16 clients",471,4.775800043717027
"Single replica, 16 clients",472,5.130199948325753
"Single replica, 16 clients",473,4.799299989826977
"Single replica, 16 clients",474,4.7577000223100185
"Single replica, 16 clients",475,5.17379998927936
"Single replica, 16 clients",476,4.663300001993775
"Single replica, 16 clients",477,4.835100029595196
"Single replica, 16 clients",478,5.007200001273304
"Single replica, 16 clients",479,5.203200038522482
"Single replica, 16 clients",480,4.966000036802143
"Single replica, 16 clients",481,4.928799986373633
"Single replica, 16 clients",482,4.951799986883998
"Single replica, 16 clients",483,4.835199972148985
"Single replica, 16 clients",484,4.838099994231015
"Single replica, 16 clients",485,4.931000003125519
"Single replica, 16 clients",486,5.372600047849119
"Single replica, 16 clients",487,4.952499992214143
"Single replica, 16 clients",488,5.150499986484647
"Single replica, 16 clients",489,5.017100018449128
"Single replica, 16 clients",490,4.844399983994663
"Single replica, 16 clients",491,5.132000020239502
"Single replica, 16 clients",492,5.138100008480251
"Single replica, 16 clients",493,4.761499993037432
"Single replica, 16 clients",494,5.002399964723736
"Single replica, 16 clients",495,4.644600034225732
"Single replica, 16 clients",496,5.3950000437907875
"Single replica, 16 clients",497,5.598800024017692
"Single replica, 16 clients",498,4.64479997754097
"Single replica, 16 clients",499,2.9063000110909343
"Single replica, 16 clients",500,2.6987000019289553
"Single replica, 16 clients",501,5.3884999942965806
"Single replica, 16 clients",502,5.347899976186454
"Single replica, 16 clients",503,5.505500012077391
"Single replica, 16 clients",504,5.577199975959957
"Single replica, 16 clients",505,4.74860001122579
"Single replica, 16 clients",506,4.8544000019319355
"Single replica, 16 clients",507,5.01080002868548
"Single replica, 16 clients",508,5.300600023474544
"Single replica, 16 clients",509,5.119999987073243
"Single replica, 16 clients",510,5.012799985706806
"Single replica, 16 clients",511,5.195299978367984
"Single replica, 16 clients",512,5.042399978265166
"Single replica, 16 clients",513,4.851700039580464
"Single replica, 16 clients",514,5.0002000061795115
"Single replica, 16 clients",515,5.177200015168637
"Single replica, 16 clients",516,5.163099966011941
"Single replica, 16 clients",517,4.757999966386706
"Single replica, 16 clients",518,4.990099987480789
"Single replica, 16 clients",519,5.068400001619011
"Single replica, 16 clients",520,5.1927000167779624
"Single replica, 16 clients",521,5.211599986068904
"Single replica, 16 clients",522,4.926699970383197
"Single replica, 16 clients",523,5.204599990975112
"Single replica, 16 clients",524,5.399700021371245
"Single replica, 16 clients",525,5.26270002592355
"Single replica, 16 clients",526,5.242199986241758
"Single replica, 16 clients",527,5.279799981508404
"Single replica, 16 clients",528,4.876499995589256
"Single replica, 16 clients",529,5.067699996288866
"Single replica, 16 clients",530,5.656399996951222
"Single replica, 16 clients",531,5.215100012719631
"Single replica, 16 clients",532,4.739099997095764
"Single replica, 16 clients",533,5.740199994761497
"Single replica, 16 clients",534,5.662999988999218
"Single replica, 16 clients",535,5.77369995880872
"Single replica, 16 clients",536,5.058899987488985
"Single replica, 16 clients",537,4.959699988830835
"Single replica, 16 clients",538,5.1367999985814095
"Single replica, 16 clients",539,5.2696000202558935
"Single replica, 16 clients",540,5.60800003586337
"Single replica, 16 clients",541,5.126900039613247
"Single replica, 16 clients",542,5.341699987184256
"Single replica, 16 clients",543,4.996999981813133
"Single replica, 16 clients",544,5.131100013386458
"Single replica, 16 clients",545,5.25530002778396
"Single replica, 16 clients",546,5.293299967888743
"Single replica, 16 clients",547,5.312399996910244
"Single replica, 16 clients",548,5.590899963863194
"Single replica, 16 clients",549,5.251499998848885
"Single replica, 16 clients",550,4.77669999236241
"Single replica, 16 clients",551,5.18119998741895
"Single replica, 16 clients",552,5.582100013270974
"Single replica, 16 clients",553,5.422100017312914
"Single replica, 16 clients",554,5.4564999882131815
"Single replica, 16 clients",555,4.890299984253943
"Single replica, 16 clients",556,5.047100014053285
"Single replica, 16 clients",557,4.751799977384508
"Single replica, 16 clients",558,4.790999984834343
"Single replica, 16 clients",559,5.256399977952242
"Single replica, 16 clients",560,4.890499985776842
"Single replica, 16 clients",561,5.046100006438792
"Single replica, 16 clients",562,4.633700009435415
"Single replica, 16 clients",563,4.987700027413666
"Single replica, 16 clients",564,5.005999992135912
"Single replica, 16 clients",565,5.122400005348027
"Single replica, 16 clients",566,4.983699996955693
"Single replica, 16 clients",567,4.814799991436303
"Single replica, 16 clients",568,5.1710999687202275
"Single replica, 16 clients",569,5.178700026590377
"Single replica, 16 clients",570,4.725700011476874
"Single replica, 16 clients",571,5.34410000545904
"Single replica, 16 clients",572,4.848300013691187
"Single replica, 16 clients",573,4.612000018823892
"Single replica, 16 clients",574,4.965099971741438
"Single replica, 16 clients",575,4.832600010558963
"Single replica, 16 clients",576,4.889899981208146
"Single replica, 16 clients",577,4.905699985101819
"Single replica, 16 clients",578,4.9162000068463385
"Single replica, 16 clients",579,5.103300034534186
"Single replica, 16 clients",580,5.306200007908046
"Single replica, 16 clients",581,5.124300019815564
"Single replica, 16 clients",582,4.983699996955693
"Single replica, 16 clients",583,4.598900035489351
"Single replica, 16 clients",584,4.892900004051626
"Single replica, 16 clients",585,5.033800029195845
"Single replica, 16 clients",586,4.656200006138533
"Single replica, 16 clients",587,4.745000042021275
"Single replica, 16 clients",588,4.9573000287637115
"Single replica, 16 clients",589,5.141299974638969
"Single replica, 16 clients",590,4.530199978034943
"Single replica, 16 clients",591,4.915199999231845
"Single replica, 16 clients",592,5.059799994342029
"Single replica, 16 clients",593,5.539799982216209
"Single replica, 16 clients",594,5.072699976153672
"Single replica, 16 clients",595,5.118499975651503
"Single replica, 16 clients",596,4.960899997968227
"Single replica, 16 clients",597,4.811200022231787
"Single replica, 16 clients",598,4.975100047886372
"Single replica, 16 clients",599,4.371300048660487
"Single replica, 16 clients",600,4.9517000443302095
"Single replica, 16 clients",601,5.139900022186339
"Single replica, 16 clients",602,4.590699973050505
"Single replica, 16 clients",603,4.808199999388307
"Single replica, 16 clients",604,5.2399999694898725
"Single replica, 16 clients",605,5.1525000017136335
"Single replica, 16 clients",606,4.713099973741919
"Single replica, 16 clients",607,5.286300031002611
"Single replica, 16 clients",608,4.721500037703663
"Single replica, 16 clients",609,4.510200000368059
"Single replica, 16 clients",610,4.938800004310906
"Single replica, 16 clients",611,4.543099959846586
"Single replica, 16 clients",612,5.146800016518682
"Single replica, 16 clients",613,4.863300011493266
"Single replica, 16 clients",614,5.232400028035045
"Single replica, 16 clients",615,5.1781999645754695
"Single replica, 16 clients",616,4.656300006899983
"Single replica, 16 clients",617,5.144900002051145
"Single replica, 16 clients",618,5.102299968712032
"Single replica, 16 clients",619,4.788100020959973
"Single replica, 16 clients",620,4.962900013197213
"Single replica, 16 clients",621,4.781299969181418
"Single replica, 16 clients",622,5.325100035406649
"Single replica, 16 clients",623,5.1043000421486795
"Single replica, 16 clients",624,4.805100033991039
"Single replica, 16 clients",625,2.281900029629469
"Single replica, 16 clients",626,4.641399951651692
"Single replica, 16 clients",627,5.558400007430464
"Single replica, 16 clients",628,5.612200009636581
"Single replica, 16 clients",629,5.156199971679598
"Single replica, 16 clients",630,5.009800021070987
"Single replica, 16 clients",631,4.960799997206777
"Single replica, 16 clients",632,4.988400032743812
"Single replica, 16 clients",633,5.082499992568046
"Single replica, 16 clients",634,5.042100034188479
"Single replica, 16 clients",635,5.236400000285357
"Single replica, 16 clients",636,5.230200011283159
"Single replica, 16 clients",637,4.9906999920494854
"Single replica, 16 clients",638,4.961300001014024
"Single replica, 16 clients",639,4.885000002104789
"Single replica, 16 clients",640,5.25970000308007
"Single replica, 16 clients",641,5.12190000154078
"Single replica, 16 clients",642,4.919399973005056
"Single replica, 16 clients",643,5.095599975902587
"Single replica, 16 clients",644,4.956200020387769
"Single replica, 16 clients",645,5.122200003825128
"Single replica, 16 clients",646,5.076600005850196
"Single replica, 16 clients",647,4.862200003117323
"Single replica, 16 clients",648,4.932500014547259
"Single replica, 16 clients",649,4.991399997379631
"Single replica, 16 clients",650,5.908299994189292
"Single replica, 16 clients",651,4.972600028850138
"Single replica, 16 clients",652,5.484400026034564
"Single replica, 16 clients",653,4.8046999727375805
"Single replica, 16 clients",654,4.939000005833805
"Single replica, 16 clients",655,6.380399980116636
"Single replica, 16 clients",656,5.1300000050105155
"Single replica, 16 clients",657,5.070700019132346
"Single replica, 16 clients",658,5.453000019770116
"Single replica, 16 clients",659,5.904700024984777
"Single replica, 16 clients",660,5.721999972593039
"Single replica, 16 clients",661,5.487999995239079
"Single replica, 16 clients",662,5.061600008048117
"Single replica, 16 clients",663,5.051800049841404
"Single replica, 16 clients",664,5.2220000070519745
"Single replica, 16 clients",665,5.197599995881319
"Single replica, 16 clients",666,5.246100015938282
"Single replica, 16 clients",667,5.150000040885061
"Single replica, 16 clients",668,4.953999945428222
"Single replica, 16 clients",669,4.919400031212717
"Single replica, 16 clients",670,5.5133000132627785
"Single replica, 16 clients",671,5.457499995827675
"Single replica, 16 clients",672,5.320199998095632
"Single replica, 16 clients",673,5.5041000014171
"Single replica, 16 clients",674,5.33670000731945
"Single replica, 16 clients",675,4.884399997536093
"Single replica, 16 clients",676,5.166999995708466
"Single replica, 16 clients",677,5.536400014534593
"Single replica, 16 clients",678,5.383900017477572
"Single replica, 16 clients",679,5.419799999799579
"Single replica, 16 clients",680,4.884499998297542
"Single replica, 16 clients",681,5.241300037596375
"Single replica, 16 clients",682,4.8105999594554305
"Single replica, 16 clients",683,4.700999998021871
"Single replica, 16 clients",684,5.18999999621883
"Single replica, 16 clients",685,5.058899987488985
"Single replica, 16 clients",686,4.999099997803569
"Single replica, 16 clients",687,4.764299956150353
"Single replica, 16 clients",688,4.872700024861842
"Single replica, 16 clients",689,4.814999992959201
"Single replica, 16 clients",690,5.188200040720403
"Single replica, 16 clients",691,4.916400008369237
"Single replica, 16 clients",692,4.919600032735616
"Single replica, 16 clients",693,4.983099992386997
"Single replica, 16 clients",694,4.9668000428937376
"Single replica, 16 clients",695,5.164800037164241
"Single replica, 16 clients",696,4.741300013847649
"Single replica, 16 clients",697,4.95450000744313
"Single replica, 16 clients",698,4.857399966567755
"Single replica, 16 clients",699,4.858899977989495
"Single replica, 16 clients",700,4.873300029430538
"Single replica, 16 clients",701,4.984799947123975
"Single replica, 16 clients",702,4.718400014098734
"Single replica, 16 clients",703,4.7259999555535614
"Single replica, 16 clients",704,5.048000020906329
"Single replica, 16 clients",705,4.808899946510792
"Single replica, 16 clients",706,4.929999995511025
"Single replica, 16 clients",707,5.092400009743869
"Single replica, 16 clients",708,4.707899992354214
"Single replica, 16 clients",709,4.869500000495464
"Single replica, 16 clients",710,4.851399979088455
"Single replica, 16 clients",711,4.895499965641648
"Single replica, 16 clients",712,4.734600021038204
"Single replica, 16 clients",713,4.767399979755282
"Single replica, 16 clients",714,4.964299965649843
"Single replica, 16 clients",715,5.066499987151474
"Single replica, 16 clients",716,4.499899980146438
"Single replica, 16 clients",717,4.909000010229647
"Single replica, 16 clients",718,4.690200032200664
"Single replica, 16 clients",719,5.723199981730431
"Single replica, 16 clients",720,5.222699954174459
"Single replica, 16 clients",721,4.933700023684651
"Single replica, 16 clients",722,5.008300009649247
"Single replica, 16 clients",723,5.082299991045147
"Single replica, 16 clients",724,4.769399994984269
"Single replica, 16 clients",725,4.855700011830777
"Single replica, 16 clients",726,5.015100003220141
"Single replica, 16 clients",727,4.830400052014738
"Single replica, 16 clients",728,4.6610000426881015
"Single replica, 16 clients",729,5.086100019980222
"Single replica, 16 clients",730,5.25970000308007
"Single replica, 16 clients",731,5.135299987159669
"Single replica, 16 clients",732,4.799599992111325
"Single replica, 16 clients",733,5.065299978014082
"Single replica, 16 clients",734,4.738700052257627
"Single replica, 16 clients",735,4.946600005496293
"Single replica, 16 clients",736,4.808500001672655
"Single replica, 16 clients",737,5.037299997638911
"Single replica, 16 clients",738,4.918399965390563
"Single replica, 16 clients",739,5.194999976083636
"Single replica, 16 clients",740,5.187600036151707
"Single replica, 16 clients",741,4.684200044721365
"Single replica, 16 clients",742,5.074200045783073
"Single replica, 16 clients",743,5.484200024511665
"Single replica, 16 clients",744,4.815099993720651
"Single replica, 16 clients",745,4.919299972243607
"Single replica, 16 clients",746,4.8664999776519835
"Single replica, 16 clients",747,5.2016000263392925
"Single replica, 16 clients",748,5.0360000459477305
"Single replica, 16 clients",749,4.697100026533008
"Single replica, 16 clients",750,2.252000034786761
"Single replica, 16 clients",751,4.83150000218302
"Single replica, 16 clients",752,5.424700037110597
"Single replica, 16 clients",753,5.758600018452853
"Single replica, 16 clients",754,5.390700011048466
"Single replica, 16 clients",755,5.178600025828928
"Single replica, 16 clients",756,4.871699959039688
"Single replica, 16 clients",757,5.0697000115178525
"Single replica, 16 clients",758,5.303999991156161
"Single replica, 16 clients",759,5.083900003228337
"Single replica, 16 clients",760,5.015800008550286
"Single replica, 16 clients",761,5.386899982113391
"Single replica, 16 clients",762,5.060399998910725
"Single replica, 16 clients",763,4.978700017090887
"Single replica, 16 clients",764,4.847200005315244
"Single replica, 16 clients",765,5.389500001911074
"Single replica, 16 clients",766,4.967599990777671
"Single replica, 16 clients",767,4.9977999879047275
"Single replica, 16 clients",768,4.972000024281442
"Single replica, 16 clients",769,4.673300019931048
"Single replica, 16 clients",770,4.953299998305738
"Single replica, 16 clients",771,5.068300000857562
"Single replica, 16 clients",772,4.589199961628765
"Single replica, 16 clients",773,5.099200003314763
"Single replica, 16 clients",774,5.121499998494983
"Single replica, 16 clients",775,5.6390000390820205
"Single replica, 16 clients",776,5.101399961858988
"Single replica, 16 clients",777,5.3817000007256866
"Single replica, 16 clients",778,4.913599987048656
"Single replica, 16 clients",779,5.0685000023804605
"Single replica, 16 clients",780,5.54270000429824
"Single replica, 16 clients",781,4.855900013353676
"Single replica, 16 clients",782,5.0261999713256955
"Single replica, 16 clients",783,5.376200017053634
"Single replica, 16 clients",784,5.957400018814951
"Single replica, 16 clients",785,5.764800007455051
"Single replica, 16 clients",786,5.303600046318024
"Single replica, 16 clients",787,4.98860003426671
"Single replica, 16 clients",788,4.996299976482987
"Single replica, 16 clients",789,5.352200008928776
"Single replica, 16 clients",790,5.092100007459521
"Single replica, 16 clients",791,5.283000005874783
"Single replica, 16 clients",792,5.2352999919094145
"Single replica, 16 clients",793,4.820299975108355
"Single replica, 16 clients",794,5.050499981734902
"Single replica, 16 clients",795,5.261800019070506
"Single replica, 16 clients",796,5.544100014958531
"Single replica, 16 clients",797,5.517899990081787
"Single replica, 16 clients",798,5.407299962826073
"Single replica, 16 clients",799,5.344600009266287
"Single replica, 16 clients",800,4.890999989584088
"Single replica, 16 clients",801,5.038200004491955
"Single replica, 16 clients",802,5.408999975770712
"Single replica, 16 clients",803,5.309199972543865
"Single replica, 16 clients",804,5.723899987060577
"Single replica, 16 clients",805,4.970100009813905
"Single replica, 16 clients",806,4.9156000022776425
"Single replica, 16 clients",807,5.063400021754205
"Single replica, 16 clients",808,4.814599989913404
"Single replica, 16 clients",809,4.930600000079721
"Single replica, 16 clients",810,5.004199978429824
"Single replica, 16 clients",811,5.138499953318387
"Single replica, 16 clients",812,4.76640003034845
"Single replica, 16 clients",813,4.744199977722019
"Single replica, 16 clients",814,5.115000007208437
"Single replica, 16 clients",815,4.9103000201284885
"Single replica, 16 clients",816,5.0048999837599695
"Single replica, 16 clients",817,4.9442999879829586
"Single replica, 16 clients",818,5.065999983344227
"Single replica, 16 clients",819,4.891899996437132
"Single replica, 16 clients",820,5.268599954433739
"Single replica, 16 clients",821,4.72640001680702
"Single replica, 16 clients",822,4.699499986600131
"Single replica, 16 clients",823,5.08629996329546
"Single replica, 16 clients",824,4.492899985052645
"Single replica, 16 clients",825,4.829599987715483
"Single replica, 16 clients",826,5.121599999256432
"Single replica, 16 clients",827,4.857699968852103
"Single replica, 16 clients",828,4.667999979574233
"Single replica, 16 clients",829,5.159499996807426
"Single replica, 16 clients",830,4.994900024030358
"Single replica, 16 clients",831,4.609399999026209
"Single replica, 16 clients",832,5.434999999124557
"Single replica, 16 clients",833,5.205800000112504
"Single replica, 16 clients",834,4.272399994079024
"Single replica, 16 clients",835,4.835099971387535
"Single replica, 16 clients",836,4.846199997700751
"Single replica, 16 clients",837,4.898899991530925
"Single replica, 16 clients",838,4.911599971819669
"Single replica, 16 clients",839,5.105999996885657
"Single replica, 16 clients",840,4.948700021486729
"Single replica, 16 clients",841,4.831099999137223
"Single replica, 16 clients",842,5.3255000384524465
"Single replica, 16 clients",843,4.932200012262911
"Single replica, 16 clients",844,5.615999980363995
"Single replica, 16 clients",845,5.263799976091832
"Single replica, 16 clients",846,4.875699989497662
"Single replica, 16 clients",847,4.6048000222072005
"Single replica, 16 clients",848,4.898600047454238
"Single replica, 16 clients",849,4.792500054463744
"Single replica, 16 clients",850,4.842500027734786
"Single replica, 16 clients",851,5.140099965501577
"Single replica, 16 clients",852,4.863800015300512
"Single replica, 16 clients",853,4.537199973128736
"Single replica, 16 clients",854,4.968799999915063
"Single replica, 16 clients",855,5.328500003088266
"Single replica, 16 clients",856,5.331900028977543
"Single replica, 16 clients",857,4.7966999700292945
"Single replica, 16 clients",858,5.084700009319931
"Single replica, 16 clients",859,4.588200012221932
"Single replica, 16 clients",860,4.909300012513995
"Single replica, 16 clients",861,4.886999959126115
"Single replica, 16 clients",862,4.962500010151416
"Single replica, 16 clients",863,4.922299995087087
"Single replica, 16 clients",864,5.189499992411584
"Single replica, 16 clients",865,5.075400054920465
"Single replica, 16 clients",866,4.885600006673485
"Single replica, 16 clients",867,5.1383000100031495
"Single replica, 16 clients",868,4.868299991358072
"Single replica, 16 clients",869,5.189500050619245
"Single replica, 16 clients",870,4.9597000470384955
"Single replica, 16 clients",871,4.799899994395673
"Single replica, 16 clients",872,5.195000034291297
"Single replica, 16 clients",873,5.071999970823526
"Single replica, 16 clients",874,4.806399985682219
"Single replica, 16 clients",875,2.948200039099902
"Single replica, 16 clients",876,5.429299955721945
"Single replica, 16 clients",877,6.1509000370278955
"Single replica, 16 clients",878,4.881100030615926
"Single replica, 16 clients",879,5.423299968242645
"Single replica, 16 clients",880,4.667499975766987
"Single replica, 16 clients",881,5.003599973861128
"Single replica, 16 clients",882,4.959499987307936
"Single replica, 16 clients",883,5.029699997976422
"Single replica, 16 clients",884,5.233200034126639
"Single replica, 16 clients",885,5.292500020004809
"Single replica, 16 clients",886,5.072499974630773
"Single replica, 16 clients",887,5.1645999774336815
"Single replica, 16 clients",888,4.846600000746548
"Single replica, 16 clients",889,4.937399993650615
"Single replica, 16 clients",890,5.414600018411875
"Single replica, 16 clients",891,4.976099997293204
"Single replica, 16 clients",892,5.119599984027445
"Single replica, 16 clients",893,5.008800013456494
"Single replica, 16 clients",894,5.368699959944934
"Single replica, 16 clients",895,4.751900036353618
"Single replica, 16 clients",896,5.28060004580766
"Single replica, 16 clients",897,5.1043000421486795
"Single replica, 16 clients",898,4.774100030772388
"Single replica, 16 clients",899,5.668099969625473
"Single replica, 16 clients",900,5.241399980150163
"Single replica, 16 clients",901,5.2149000111967325
"Single replica, 16 clients",902,5.188099981751293
"Single replica, 16 clients",903,4.928099981043488
"Single replica, 16 clients",904,5.041999975219369
"Single replica, 16 clients",905,5.810300004668534
"Single replica, 16 clients",906,4.932200012262911
"Single replica, 16 clients",907,5.178599967621267
"Single replica, 16 clients",908,5.900599993765354
"Single replica, 16 clients",909,5.659999966155738
"Single replica, 16 clients",910,5.729100026655942
"Single replica, 16 clients",911,4.983199993148446
"Single replica, 16 clients",912,4.872100020293146
"Single replica, 16 clients",913,5.045500001870096
"Single replica, 16 clients",914,5.119999987073243
"Single replica, 16 clients",915,5.2133999997749925
"Single replica, 16 clients",916,5.307299958076328
"Single replica, 16 clients",917,4.965400032233447
"Single replica, 16 clients",918,5.022199999075383
"Single replica, 16 clients",919,4.908900009468198
"Single replica, 16 clients",920,5.644499964546412
"Single replica, 16 clients",921,5.438400025013834
"Single replica, 16 clients",922,5.264899984467775
"Single replica, 16 clients",923,5.423899972811341
"Single replica, 16 clients",924,5.209099967032671
"Single replica, 16 clients",925,5.088700039777905
"Single replica, 16 clients",926,5.118400033097714
"Single replica, 16 clients",927,5.574699956923723
"Single replica, 16 clients",928,5.48779999371618
"Single replica, 16 clients",929,5.185200017876923
"Single replica, 16 clients",930,5.0317999557591975
"Single replica, 16 clients",931,5.094700027257204
"Single replica, 16 clients",932,4.818400018848479
"Single replica, 16 clients",933,4.938500002026558
"Single replica, 16 clients",934,4.972299968358129
"Single replica, 16 clients",935,4.90860000718385
"Single replica, 16 clients",936,5.057199974544346
"Single replica, 16 clients",937,4.828199977055192
"Single replica, 16 clients",938,4.841500020120293
"Single replica, 16 clients",939,5.061500007286668
"Single replica, 16 clients",940,4.902200016658753
"Single replica, 16 clients",941,5.11450000340119
"Single replica, 16 clients",942,4.763200005982071
"Single replica, 16 clients",943,5.225400032941252
"Single replica, 16 clients",944,4.942800034768879
"Single replica, 16 clients",945,5.1179000292904675
"Single replica, 16 clients",946,4.713799979072064
"Single replica, 16 clients",947,5.027199978940189
"Single replica, 16 clients",948,4.736899980343878
"Single replica, 16 clients",949,4.70270001096651
"Single replica, 16 clients",950,4.982099984772503
"Single replica, 16 clients",951,4.956599965225905
"Single replica, 16 clients",952,4.7636000090278685
"Single replica, 16 clients",953,4.99439996201545
"Single replica, 16 clients",954,5.201700027100742
"Single replica, 16 clients",955,4.571600002236664
"Single replica, 16 clients",956,4.562899994198233
"Single replica, 16 clients",957,6.086100009270012
"Single replica, 16 clients",958,4.915500001516193
"Single replica, 16 clients",959,4.823900002520531
"Single replica, 16 clients",960,4.862900008447468
"Single replica, 16 clients",961,5.133399972692132
"Single replica, 16 clients",962,4.907199996523559
"Single replica, 16 clients",963,5.131600017193705
"Single replica, 16 clients",964,5.080700037069619
"Single replica, 16 clients",965,4.644200031179935
"Single replica, 16 clients",966,5.188699986319989
"Single replica, 16 clients",967,4.72179998178035
"Single replica, 16 clients",968,5.85529999807477
"Single replica, 16 clients",969,4.941400024108589
"Single replica, 16 clients",970,5.122500006109476
"Single replica, 16 clients",971,4.817600012756884
"Single replica, 16 clients",972,4.9288999871350825
"Single replica, 16 clients",973,4.938700003549457
"Single replica, 16 clients",974,4.739500000141561
"Single replica, 16 clients",975,4.862800007686019
"Single replica, 16 clients",976,5.162100016605109
"Single replica, 16 clients",977,4.419899953063577
"Single replica, 16 clients",978,5.022099998313934
"Single replica, 16 clients",979,5.216300021857023
"Single replica, 16 clients",980,5.222299951128662
"Single replica, 16 clients",981,4.656200006138533
"Single replica, 16 clients",982,4.9563999637030065
"Single replica, 16 clients",983,4.721800039988011
"Single replica, 16 clients",984,4.879200016148388
"Single replica, 16 clients",985,4.98870003502816
"Single replica, 16 clients",986,4.950599977746606
"Single replica, 16 clients",987,4.858199972659349
"Single replica, 16 clients",988,5.381800001487136
"Single replica, 16 clients",989,5.2352999919094145
"Single replica, 16 clients",990,4.900700005237013
"Single replica, 16 clients",991,4.732400004286319
"Single replica, 16 clients",992,4.894400015473366
"Single replica, 16 clients",993,5.335699999704957
"Single replica, 16 clients",994,4.950200032908469
"Single replica, 16 clients",995,4.70989994937554
"Single replica, 16 clients",996,5.038500006776303
"Single replica, 16 clients",997,4.89659997401759
"Single replica, 16 clients",998,4.893200006335974
"Single replica, 16 clients",999,4.29660000372678
"Single replica, 16 clients",1000,2.5108999689109623
"Single replica, 16 clients",1001,5.306200007908046
"Single replica, 16 clients",1002,5.455399979837239
"Single replica, 16 clients",1003,5.609499989077449
"Single replica, 16 clients",1004,5.1580999861471355
"Single replica, 16 clients",1005,4.926099965814501
"Single replica, 16 clients",1006,4.967999993823469
"Single replica, 16 clients",1007,5.153700010851026
"Single replica, 16 clients",1008,5.156499973963946
"Single replica, 16 clients",1009,5.600299977231771
"Single replica, 16 clients",1010,5.162800021935254
"Single replica, 16 clients",1011,5.171500029973686
"Single replica, 16 clients",1012,5.087099969387054
"Single replica, 16 clients",1013,4.880700027570128
"Single replica, 16 clients",1014,4.963200015481561
"Single replica, 16 clients",1015,5.406700016465038
"Single replica, 16 clients",1016,4.939100006595254
"Single replica, 16 clients",1017,4.9721000250428915
"Single replica, 16 clients",1018,5.0484000239521265
"Single replica, 16 clients",1019,4.8185999621637166
"Single replica, 16 clients",1020,5.132800026331097
"Single replica, 16 clients",1021,5.258699995465577
"Single replica, 16 clients",1022,5.130999954417348
"Single replica, 16 clients",1023,4.800499998964369
"Single replica, 16 clients",1024,5.428300006315112
"Single replica, 16 clients",1025,5.419399996753782
"Single replica, 16 clients",1026,5.211200041230768
"Single replica, 16 clients",1027,5.300499964505434
"Single replica, 16 clients",1028,4.863800015300512
"Single replica, 16 clients",1029,5.066399986390024
"Single replica, 16 clients",1030,5.56929997401312
"Single replica, 16 clients",1031,5.1318000187166035
"Single replica, 16 clients",1032,5.210600036662072
"Single replica, 16 clients",1033,5.565700004808605
"Single replica, 16 clients",1034,6.069900002330542
"Single replica, 16 clients",1035,5.592399975284934
"Single replica, 16 clients",1036,5.0953999743796885
"Single replica, 16 clients",1037,4.907800001092255
"Single replica, 16 clients",1038,5.243999999947846
"Single replica, 16 clients",1039,5.033799970988184
"Single replica, 16 clients",1040,5.234599986579269
"Single replica, 16 clients",1041,5.329800012987107
"Single replica, 16 clients",1042,4.862200003117323
"Single replica, 16 clients",1043,4.863500013016164
"Single replica, 16 clients",1044,4.988699976820499
"Single replica, 16 clients",1045,5.822900042403489
"Single replica, 16 clients",1046,5.654500040691346
"Single replica, 16 clients",1047,5.099500005599111
"Single replica, 16 clients",1048,5.593199981376529
"Single replica, 16 clients",1049,5.073999986052513
"Single replica, 16 clients",1050,5.053500004578382
"Single replica, 16 clients",1051,5.014099995605648
"Single replica, 16 clients",1052,5.4913999629206955
"Single replica, 16 clients",1053,5.635300010908395
"Single replica, 16 clients",1054,5.393399973399937
"Single replica, 16 clients",1055,4.94860002072528
"Single replica, 16 clients",1056,5.00930001726374
"Single replica, 16 clients",1057,4.765300021972507
"Single replica, 16 clients",1058,5.005300045013428
"Single replica, 16 clients",1059,4.861800000071526
"Single replica, 16 clients",1060,5.092200008220971
"Single replica, 16 clients",1061,5.071199964731932
"Single replica, 16 clients",1062,4.703000013250858
"Single replica, 16 clients",1063,4.879600019194186
"Single replica, 16 clients",1064,5.055600020568818
"Single replica, 16 clients",1065,4.8667999799363315
"Single replica, 16 clients",1066,5.06709999172017
"Single replica, 16 clients",1067,4.9100000178441405
"Single replica, 16 clients",1068,5.001600016839802
"Single replica, 16 clients",1069,5.18999999621883
"Single replica, 16 clients",1070,4.922199994325638
"Single replica, 16 clients",1071,4.689499968662858
"Single replica, 16 clients",1072,4.626400012057275
"Single replica, 16 clients",1073,4.9724000273272395
"Single replica, 16 clients",1074,4.754900000989437
"Single replica, 16 clients",1075,4.8877999652177095
"Single replica, 16 clients",1076,5.022500001359731
"Single replica, 16 clients",1077,4.65069996425882
"Single replica, 16 clients",1078,4.766899975948036
"Single replica, 16 clients",1079,5.051899992395192
"Single replica, 16 clients",1080,4.930299997795373
"Single replica, 16 clients",1081,4.688000015448779
"Single replica, 16 clients",1082,5.424700037110597
"Single replica, 16 clients",1083,4.8325000097975135
"Single replica, 16 clients",1084,4.844400042202324
"Single replica, 16 clients",1085,4.913900047540665
"Single replica, 16 clients",1086,4.850300028920174
"Single replica, 16 clients",1087,4.918999969959259
"Single replica, 16 clients",1088,5.122100003063679
"Single replica, 16 clients",1089,5.032499961089343
"Single replica, 16 clients",1090,4.623599990736693
"Single replica, 16 clients",1091,4.512900020927191
"Single replica, 16 clients",1092,5.021600052714348
"Single replica, 16 clients",1093,4.69090003753081
"Single replica, 16 clients",1094,5.8320999960415065
"Single replica, 16 clients",1095,5.2064000046812
"Single replica, 16 clients",1096,4.805899981874973
"Single replica, 16 clients",1097,4.878600011579692
"Single replica, 16 clients",1098,4.973199975211173
"Single replica, 16 clients",1099,4.783299984410405
"Single replica, 16 clients",1100,4.757300019264221
"Single replica, 16 clients",1101,5.246399960014969
"Single replica, 16 clients",1102,4.574200022034347
"Single replica, 16 clients",1103,4.860300046857446
"Single replica, 16 clients",1104,5.187300033867359
"Single replica, 16 clients",1105,5.526799999643117
"Single replica, 16 clients",1106,4.674200026784092
"Single replica, 16 clients",1107,5.115200008731335
"Single replica, 16 clients",1108,4.558400018140674
"Single replica, 16 clients",1109,4.997899988666177
"Single replica, 16 clients",1110,5.2488999790512025
"Single replica, 16 clients",1111,4.796500026714057
"Single replica, 16 clients",1112,5.179200030397624
"Single replica, 16 clients",1113,4.6811000211164355
"Single replica, 16 clients",1114,5.281099991407245
"Single replica, 16 clients",1115,5.277100019156933
"Single replica, 16 clients",1116,4.671700007747859
"Single replica, 16 clients",1117,5.099400004837662
"Single replica, 16 clients",1118,5.075699998997152
"Single replica, 16 clients",1119,4.73960000090301
"Single replica, 16 clients",1120,4.985800012946129
"Single replica, 16 clients",1121,4.920499981380999
"Single replica, 16 clients",1122,5.207300011534244
"Single replica, 16 clients",1123,4.459699965082109
"Single replica, 16 clients",1124,4.640800005290657
"Single replica, 16 clients",1125,3.442599961999804
"Single replica, 16 clients",1126,5.594099988229573
"Single replica, 16 clients",1127,5.726700008381158
"Single replica, 16 clients",1128,4.891499993391335
"Single replica, 16 clients",1129,5.299100012052804
"Single replica, 16 clients",1130,5.045800004154444
"Single replica, 16 clients",1131,4.704400023911148
"Single replica, 16 clients",1132,5.01230004010722
"Single replica, 16 clients",1133,5.198200000450015
"Single replica, 16 clients",1134,5.136300052981824
"Single replica, 16 clients",1135,4.87010000506416
"Single replica, 16 clients",1136,5.2903000032529235
"Single replica, 16 clients",1137,5.075099994428456
"Single replica, 16 clients",1138,4.676599986851215
"Single replica, 16 clients",1139,5.1377000054344535
"Single replica, 16 clients",1140,5.407700024079531
"Single replica, 16 clients",1141,4.835699975956231
"Single replica, 16 clients",1142,4.799199989065528
"Single replica, 16 clients",1143,4.98699996387586
"Single replica, 16 clients",1144,5.11600001482293
"Single replica, 16 clients",1145,4.83890000032261
"Single replica, 16 clients",1146,5.288999993354082
"Single replica, 16 clients",1147,5.098399997223169
"Single replica, 16 clients",1148,4.6530000399798155
"Single replica, 16 clients",1149,5.630899977404624
"Single replica, 16 clients",1150,5.390500009525567
"Single replica, 16 clients",1151,5.205399997066706
"Single replica, 16 clients",1152,5.369500024244189
"Single replica, 16 clients",1153,4.780800023581833
"Single replica, 16 clients",1154,5.044199991971254
"Single replica, 16 clients",1155,5.790299968793988
"Single replica, 16 clients",1156,4.919800034258515
"Single replica, 16 clients",1157,5.052099993918091
"Single replica, 16 clients",1158,5.688500008545816
"Single replica, 16 clients",1159,6.175699993036687
"Single replica, 16 clients",1160,5.738299980293959
"Single replica, 16 clients",1161,4.820099973585457
"Single replica, 16 clients",1162,5.04640000872314
"Single replica, 16 clients",1163,5.480099993292242
"Single replica, 16 clients",1164,5.201999971177429
"Single replica, 16 clients",1165,5.169900017790496
"Single replica, 16 clients",1166,5.123600014485419
"Single replica, 16 clients",1167,5.108000012114644
"Single replica, 16 clients",1168,5.032900022342801
"Single replica, 16 clients",1169,5.067499994765967
"Single replica, 16 clients",1170,5.512000003363937
"Single replica, 16 clients",1171,5.608900042716414
"Single replica, 16 clients",1172,5.043200042564422
"Single replica, 16 clients",1173,1.4599999994970858
"Single replica, 16 clients",1174,4.995200026314706
"Single replica, 16 clients",1175,5.2334999782033265
"Single replica, 16 clients",1176,5.0823999918065965
"Single replica, 16 clients",1177,5.197599995881319
"Single replica, 16 clients",1178,5.53229998331517
"Single replica, 16 clients",1179,5.659499962348491
"Single replica, 16 clients",1180,4.9789000186137855
"Single replica, 16 clients",1181,4.992600006517023
"Single replica, 16 clients",1182,5.251199996564537
"Single replica, 16 clients",1183,4.598699975758791
"Single replica, 16 clients",1184,4.953099996782839
"Single replica, 16 clients",1185,4.486399993766099
"Single replica, 16 clients",1186,5.1380000077188015
"Single replica, 16 clients",1187,5.009299959056079
"Single replica, 16 clients",1188,4.647099995054305
"Single replica, 16 clients",1189,5.375700013246387
"Single replica, 16 clients",1190,5.0271000363864005
"Single replica, 16 clients",1191,4.849499964620918
"Single replica, 16 clients",1192,5.159499996807426
"Single replica, 16 clients",1193,4.767899983562529
"Single replica, 16 clients",1194,5.09970000712201
"Single replica, 16 clients",1195,5.292699963320047
"Single replica, 16 clients",1196,4.741500015370548
"Single replica, 16 clients",1197,4.694899951573461
"Single replica, 16 clients",1198,5.053500004578382
"Single replica, 16 clients",1199,4.686000000219792
"Single replica, 16 clients",1200,4.829199984669685
"Single replica, 16 clients",1201,5.132499965839088
"Single replica, 16 clients",1202,4.790399980265647
"Single replica, 16 clients",1203,4.857499967329204
"Single replica, 16 clients",1204,4.643800028134137
"Single replica, 16 clients",1205,5.141799978446215
"Single replica, 16 clients",1206,4.938500002026558
"Single replica, 16 clients",1207,4.714000038802624
"Single replica, 16 clients",1208,5.343600001651794
"Single replica, 16 clients",1209,4.71740000648424
"Single replica, 16 clients",1210,4.868999996688217
"Single replica, 16 clients",1211,5.078900023363531
"Single replica, 16 clients",1212,4.7158999950625
"Single replica, 16 clients",1213,5.128799995873123
"Single replica, 16 clients",1214,5.07750001270324
"Single replica, 16 clients",1215,5.205099994782358
"Single replica, 16 clients",1216,4.57830005325377
"Single replica, 16 clients",1217,5.2714000339619815
"Single replica, 16 clients",1218,4.739900003187358
"Single replica, 16 clients",1219,5.740900000091642
"Single replica, 16 clients",1220,5.1515999948605895
"Single replica, 16 clients",1221,5.013999994844198
"Single replica, 16 clients",1222,4.620099964085966
"Single replica, 16 clients",1223,5.087499972432852
"Single replica, 16 clients",1224,4.905100038740784
"Single replica, 16 clients",1225,4.890300042461604
"Single replica, 16 clients",1226,4.794600012246519
"Single replica, 16 clients",1227,5.012399982661009
"Single replica, 16 clients",1228,4.525399999693036
"Single replica, 16 clients",1229,4.803399962838739
"Single replica, 16 clients",1230,5.217400030232966
"Single replica, 16 clients",1231,5.000399949494749
"Single replica, 16 clients",1232,4.854300001170486
"Single replica, 16 clients",1233,5.095899978186935
"Single replica, 16 clients",1234,4.818999965209514
"Single replica, 16 clients",1235,4.94409998646006
"Single replica, 16 clients",1236,4.939200007356703
"Single replica, 16 clients",1237,4.991099995095283
"Single replica, 16 clients",1238,4.928099981043488
"Single replica, 16 clients",1239,5.005999992135912
"Single replica, 16 clients",1240,5.172699980903417
"Single replica, 16 clients",1241,4.9928000080399215
"Single replica, 16 clients",1242,4.949199967086315
"Single replica, 16 clients",1243,4.65670000994578
"Single replica, 16 clients",1244,5.320999945979565
"Single replica, 16 clients",1245,5.062500014901161
"Single replica, 16 clients",1246,4.811399965547025
"Single replica, 16 clients",1247,4.991099995095283
"Single replica, 16 clients",1248,4.959599988069385
"Single replica, 16 clients",1249,4.954400006681681
"Single replica, 16 clients",1250,3.2245999900624156
"Single replica, 16 clients",1251,5.657000001519918
"Single replica, 16 clients",1252,5.707899981644005
"Single replica, 16 clients",1253,5.035199981648475
"Single replica, 16 clients",1254,5.265199986752123
"Single replica, 16 clients",1255,4.954800009727478
"Single replica, 16 clients",1256,4.835900035686791
"Single replica, 16 clients",1257,5.482699954882264
"Single replica, 16 clients",1258,5.2288000006228685
"Single replica, 16 clients",1259,5.243599996902049
"Single replica, 16 clients",1260,5.117400025483221
"Single replica, 16 clients",1261,5.192300013732165
"Single replica, 16 clients",1262,5.027499981224537
"Single replica, 16 clients",1263,4.867599986027926
"Single replica, 16 clients",1264,5.056500027421862
"Single replica, 16 clients",1265,5.350100051146001
"Single replica, 16 clients",1266,4.965800035279244
"Single replica, 16 clients",1267,4.9239000072702765
"Single replica, 16 clients",1268,4.9983999924734235
"Single replica, 16 clients",1269,5.2491999813355505
"Single replica, 16 clients",1270,4.782200034242123
"Single replica, 16 clients",1271,5.287700041662902
"Single replica, 16 clients",1272,5.06120000500232
"Single replica, 16 clients",1273,4.880000022239983
"Single replica, 16 clients",1274,5.687199998646975
"Single replica, 16 clients",1275,5.638600036036223
"Single replica, 16 clients",1276,4.712500027380884
"Single replica, 16 clients",1277,5.293299967888743
"Single replica, 16 clients",1278,4.842400026973337
"Single replica, 16 clients",1279,4.929900052957237
"Single replica, 16 clients",1280,5.841900012455881
"Single replica, 16 clients",1281,5.080099974293262
"Single replica, 16 clients",1282,5.081299983430654
"Single replica, 16 clients",1283,6.001700006891042
"Single replica, 16 clients",1284,5.767099966760725
"Single replica, 16 clients",1285,5.606800026725978
"Single replica, 16 clients",1286,4.85219998518005
"Single replica, 16 clients",1287,5.1928999600932
"Single replica, 16 clients",1288,4.969800007529557
"Single replica, 16 clients",1289,5.244400002993643
"Single replica, 16 clients",1290,5.230599956121296
"Single replica, 16 clients",1291,5.231300019659102
"Single replica, 16 clients",1292,4.994499962776899
"Single replica, 16 clients",1293,5.0752999959513545
"Single replica, 16 clients",1294,5.087899975478649
"Single replica, 16 clients",1295,5.538400029763579
"Single replica, 16 clients",1296,5.407500022556633
"Single replica, 16 clients",1297,5.275200004689395
"Single replica, 16 clients",1298,5.148999975062907
"Single replica, 16 clients",1299,5.2473999676294625
"Single replica, 16 clients",1300,4.840900015551597
"Single replica, 16 clients",1301,5.2980000036768615
"Single replica, 16 clients",1302,5.539500038139522
"Single replica, 16 clients",1303,5.7131999637931585
"Single replica, 16 clients",1304,5.349199986085296
"Single replica, 16 clients",1305,4.6175000024959445
"Single replica, 16 clients",1306,5.175099999178201
"Single replica, 16 clients",1307,4.624500055797398
"Single replica, 16 clients",1308,5.026200029533356
"Single replica, 16 clients",1309,4.990299989003688
"Single replica, 16 clients",1310,4.977600008714944
"Single replica, 16 clients",1311,4.970100009813905
"Single replica, 16 clients",1312,4.840000008698553
"Single replica, 16 clients",1313,4.856100014876574
"Single replica, 16 clients",1314,5.0193999777548015
"Single replica, 16 clients",1315,5.053200002294034
"Single replica, 16 clients",1316,4.836899985093623
"Single replica, 16 clients",1317,5.052699998486787
"Single replica, 16 clients",1318,4.9350999761372805
"Single replica, 16 clients",1319,5.263899976853281
"Single replica, 16 clients",1320,4.633900010958314
"Single replica, 16 clients",1321,4.614299978129566
"Single replica, 16 clients",1322,5.1592999952845275
"Single replica, 16 clients",1323,4.717300005722791
"Single replica, 16 clients",1324,4.727099963929504
"Single replica, 16 clients",1325,4.9492999678477645
"Single replica, 16 clients",1326,5.081399984192103
"Single replica, 16 clients",1327,4.76929999422282
"Single replica, 16 clients",1328,4.960899997968227
"Single replica, 16 clients",1329,4.926499968860298
"Single replica, 16 clients",1330,4.569699987769127
"Single replica, 16 clients",1331,4.931500006932765
"Single replica, 16 clients",1332,5.223599961027503
"Single replica, 16 clients",1333,4.438699979800731
"Single replica, 16 clients",1334,4.876599996350706
"Single replica, 16 clients",1335,5.047000013291836
"Single replica, 16 clients",1336,5.263799976091832
"Single replica, 16 clients",1337,4.755100002512336
"Single replica, 16 clients",1338,5.066299985628575
"Single replica, 16 clients",1339,5.113599996548146
"Single replica, 16 clients",1340,4.7975999768823385
"Single replica, 16 clients",1341,4.895599966403097
"Single replica, 16 clients",1342,4.907800001092255
"Single replica, 16 clients",1343,5.69819996599108
"Single replica, 16 clients",1344,5.422300018835813
"Single replica, 16 clients",1345,5.117699969559908
"Single replica, 16 clients",1346,4.914599994663149
"Single replica, 16 clients",1347,4.676299984566867
"Single replica, 16 clients",1348,5.106900003738701
"Single replica, 16 clients",1349,4.7685999888926744
"Single replica, 16 clients",1350,4.813499981537461
"Single replica, 16 clients",1351,5.112699989695102
"Single replica, 16 clients",1352,4.636599973309785
"Single replica, 16 clients",1353,4.869700002018362
"Single replica, 16 clients",1354,5.201299965847284
"Single replica, 16 clients",1355,5.220099992584437
"Single replica, 16 clients",1356,5.086800025310367
"Single replica, 16 clients",1357,4.967800050508231
"Single replica, 16 clients",1358,5.013100046198815
"Single replica, 16 clients",1359,4.743100027553737
"Single replica, 16 clients",1360,4.951500042807311
"Single replica, 16 clients",1361,4.999499942641705
"Single replica, 16 clients",1362,4.754099994897842
"Single replica, 16 clients",1363,5.053300003055483
"Single replica, 16 clients",1364,5.146700015757233
"Single replica, 16 clients",1365,4.749500018078834
"Single replica, 16 clients",1366,4.744599980767816
"Single replica, 16 clients",1367,4.709500004537404
"Single replica, 16 clients",1368,5.306700011715293
"Single replica, 16 clients",1369,4.94710000930354
"Single replica, 16 clients",1370,4.777599999215454
"Single replica, 16 clients",1371,5.178999970667064
"Single replica, 16 clients",1372,5.075799999758601
"Single replica, 16 clients",1373,4.765000019688159
"Single replica, 16 clients",1374,4.4643000001087785
"Single replica, 16 clients",1375,3.799300000537187
"Single replica, 16 clients",1376,5.535400006920099
"Single replica, 16 clients",1377,5.631799984257668
"Single replica, 16 clients",1378,5.085399956442416
"Single replica, 16 clients",1379,5.184400011785328
"Single replica, 16 clients",1380,4.91289998171851
"Single replica, 16 clients",1381,5.087599973194301
"Single replica, 16 clients",1382,4.976199998054653
"Single replica, 16 clients",1383,5.243599996902049
"Single replica, 16 clients",1384,5.20189997041598
"Single replica, 16 clients",1385,5.153500009328127
"Single replica, 16 clients",1386,5.150799988768995
"Single replica, 16 clients",1387,5.005699989851564
"Single replica, 16 clients",1388,4.901500011328608
"Single replica, 16 clients",1389,5.017800023779273
"Single replica, 16 clients",1390,5.281999998260289
"Single replica, 16 clients",1391,4.967699991539121
"Single replica, 16 clients",1392,5.149599979631603
"Single replica, 16 clients",1393,4.888599971309304
"Single replica, 16 clients",1394,5.077900015749037
"Single replica, 16 clients",1395,5.016699957195669
"Single replica, 16 clients",1396,5.231500021182001
"Single replica, 16 clients",1397,5.0537000061012805
"Single replica, 16 clients",1398,4.714599985163659
"Single replica, 16 clients",1399,5.715500039514154
"Single replica, 16 clients",1400,5.620900017675012
"Single replica, 16 clients",1401,5.030700005590916
"Single replica, 16 clients",1402,4.932100011501461
"Single replica, 16 clients",1403,5.059299990534782
"Single replica, 16 clients",1404,4.927899979520589
"Single replica, 16 clients",1405,5.97240001661703
"Single replica, 16 clients",1406,4.922499996609986
"Single replica, 16 clients",1407,5.061600008048117
"Single replica, 16 clients",1408,6.156500021461397
"Single replica, 16 clients",1409,5.689100013114512
"Single replica, 16 clients",1410,5.544500018004328
"Single replica, 16 clients",1411,5.006899998988956
"Single replica, 16 clients",1412,4.913300042971969
"Single replica, 16 clients",1413,5.262000020593405
"Single replica, 16 clients",1414,5.180199979804456
"Single replica, 16 clients",1415,5.265999992843717
"Single replica, 16 clients",1416,5.123700015246868
"Single replica, 16 clients",1417,5.059499992057681
"Single replica, 16 clients",1418,4.991300054825842
"Single replica, 16 clients",1419,5.057500035036355
"Single replica, 16 clients",1420,5.5265999981202185
"Single replica, 16 clients",1421,5.689200013875961
"Single replica, 16 clients",1422,5.828400026075542
"Single replica, 16 clients",1423,5.1930000190623105
"Single replica, 16 clients",1424,4.926799971144646
"Single replica, 16 clients",1425,5.086200020741671
"Single replica, 16 clients",1426,5.210400035139173
"Single replica, 16 clients",1427,5.389700003433973
"Single replica, 16 clients",1428,5.64190000295639
"Single replica, 16 clients",1429,5.127099982928485
"Single replica, 16 clients",1430,5.088099977001548
"Single replica, 16 clients",1431,4.994800023268908
"Single replica, 16 clients",1432,4.759599978569895
"Single replica, 16 clients",1433,4.94999997317791
"Single replica, 16 clients",1434,4.846600000746548
"Single replica, 16 clients",1435,5.13519998639822
"Single replica, 16 clients",1436,5.0626000156626105
"Single replica, 16 clients",1437,4.634700017049909
"Single replica, 16 clients",1438,5.002100020647049
"Single replica, 16 clients",1439,4.983999999240041
"Single replica, 16 clients",1440,5.007800005842
"Single replica, 16 clients",1441,5.197199992835522
"Single replica, 16 clients",1442,4.7002999926917255
"Single replica, 16 clients",1443,4.896999977063388
"Single replica, 16 clients",1444,5.36189996637404
"Single replica, 16 clients",1445,4.811600025277585
"Single replica, 16 clients",1446,4.810999962501228
"Single replica, 16 clients",1447,5.089099984616041
"Single replica, 16 clients",1448,4.565300012473017
"Single replica, 16 clients",1449,4.886099952273071
"Single replica, 16 clients",1450,5.0558000220917165
"Single replica, 16 clients",1451,4.72929998068139
"Single replica, 16 clients",1452,5.06259995745495
"Single replica, 16 clients",1453,4.781400028150529
"Single replica, 16 clients",1454,5.417699983809143
"Single replica, 16 clients",1455,4.467499966267496
"Single replica, 16 clients",1456,5.174799996893853
"Single replica, 16 clients",1457,5.013999994844198
"Single replica, 16 clients",1458,4.765499965287745
"Single replica, 16 clients",1459,4.912400036118925
"Single replica, 16 clients",1460,4.888000024948269
"Single replica, 16 clients",1461,4.70399996265769
"Single replica, 16 clients",1462,5.31010003760457
"Single replica, 16 clients",1463,4.879600019194186
"Single replica, 16 clients",1464,5.1238000160083175
"Single replica, 16 clients",1465,4.668200039304793
"Single replica, 16 clients",1466,5.124800023622811
"Single replica, 16 clients",1467,4.599199979566038
"Single replica, 16 clients",1468,5.888100014999509
"Single replica, 16 clients",1469,5.064100027084351
"Single replica, 16 clients",1470,5.116899963468313
"Single replica, 16 clients",1471,4.786400008015335
"Single replica, 16 clients",1472,4.853999998886138
"Single replica, 16 clients",1473,4.93669998832047
"Single replica, 16 clients",1474,4.78259997908026
"Single replica, 16 clients",1475,4.880199965555221
"Single replica, 16 clients",1476,5.098599998746067
"Single replica, 16 clients",1477,4.591999982949346
"Single replica, 16 clients",1478,4.9103000201284885
"Single replica, 16 clients",1479,5.094699969049543
"Single replica, 16 clients",1480,5.291700013913214
"Single replica, 16 clients",1481,4.997200041543692
"Single replica, 16 clients",1482,4.890100040938705
"Single replica, 16 clients",1483,4.904699977487326
"Single replica, 16 clients",1484,4.825299954973161
"Single replica, 16 clients",1485,4.962500010151416
"Single replica, 16 clients",1486,5.147099960595369
"Single replica, 16 clients",1487,4.746199992951006
"Single replica, 16 clients",1488,5.172000033780932
"Single replica, 16 clients",1489,5.082199990283698
"Single replica, 16 clients",1490,5.0632000202313066
"Single replica, 16 clients",1491,4.992000001948327
"Single replica, 16 clients",1492,4.7923000529408455
"Single replica, 16 clients",1493,5.251099995803088
"Single replica, 16 clients",1494,5.076100002042949
"Single replica, 16 clients",1495,4.694800009019673
"Single replica, 16 clients",1496,5.280499986838549
"Single replica, 16 clients",1497,4.983099992386997
"Single replica, 16 clients",1498,4.827099968679249
"Single replica, 16 clients",1499,3.8665999891236424
"Single replica, 16 clients",1500,4.084599961061031
"Single replica, 16 clients",1501,5.445900023914874
"Single replica, 16 clients",1502,5.6508000125177205
"Single replica, 16 clients",1503,4.940000013448298
"Single replica, 16 clients",1504,5.348699982278049
"Single replica, 16 clients",1505,4.894699959550053
"Single replica, 16 clients",1506,5.032900022342801
"Single replica, 16 clients",1507,5.055900022853166
"Single replica, 16 clients",1508,5.216000019572675
"Single replica, 16 clients",1509,5.291600013151765
"Single replica, 16 clients",1510,5.088199977762997
"Single replica, 16 clients",1511,5.571099987719208
"Single replica, 16 clients",1512,4.931700008455664
"Single replica, 16 clients",1513,4.940599959809333
"Single replica, 16 clients",1514,5.0623000133782625
"Single replica, 16 clients",1515,5.294499977026135
"Single replica, 16 clients",1516,4.940300015732646
"Single replica, 16 clients",1517,5.050700041465461
"Single replica, 16 clients",1518,4.853899998124689
"Single replica, 16 clients",1519,5.134500039275736
"Single replica, 16 clients",1520,4.73220000276342
"Single replica, 16 clients",1521,5.155800026841462
"Single replica, 16 clients",1522,5.134799983352423
"Single replica, 16 clients",1523,5.397300003096461
"Single replica, 16 clients",1524,5.627800012007356
"Single replica, 16 clients",1525,5.326599988620728
"Single replica, 16 clients",1526,5.663699994329363
"Single replica, 16 clients",1527,4.643099964596331
"Single replica, 16 clients",1528,5.098699999507517
"Single replica, 16 clients",1529,5.451400007586926
"Single replica, 16 clients",1530,5.195200035814196
"Single replica, 16 clients",1531,4.996799980290234
"Single replica, 16 clients",1532,5.602699995506555
"Single replica, 16 clients",1533,5.959199974313378
"Single replica, 16 clients",1534,5.479399987962097
"Single replica, 16 clients",1535,5.408699973486364
"Single replica, 16 clients",1536,5.113099992740899
"Single replica, 16 clients",1537,4.845899995416403
"Single replica, 16 clients",1538,5.280699988361448
"Single replica, 16 clients",1539,5.188799987081438
"Single replica, 16 clients",1540,5.204199987929314
"Single replica, 16 clients",1541,5.274800001643598
"Single replica, 16 clients",1542,4.96329995803535
"Single replica, 16 clients",1543,4.98410000000149
"Single replica, 16 clients",1544,5.191300006117672
"Single replica, 16 clients",1545,5.551599955651909
"Single replica, 16 clients",1546,5.362700030673295
"Single replica, 16 clients",1547,5.411100049968809
"Single replica, 16 clients",1548,5.409600038547069
"Single replica, 16 clients",1549,5.017099960241467
"Single replica, 16 clients",1550,5.057699978351593
"Single replica, 16 clients",1551,5.468800023663789
"Single replica, 16 clients",1552,5.338899965863675
"Single replica, 16 clients",1553,5.576499970629811
"Single replica, 16 clients",1554,4.9641000223346055
"Single replica, 16 clients",1555,5.1512999925762415
"Single replica, 16 clients",1556,4.837699991185218
"Single replica, 16 clients",1557,4.866900038905442
"Single replica, 16 clients",1558,4.9262999673374
"Single replica, 16 clients",1559,4.969700006768107
"Single replica, 16 clients",1560,5.074599990621209
"Single replica, 16 clients",1561,4.908799950499088
"Single replica, 16 clients",1562,4.7225000453181565
"Single replica, 16 clients",1563,4.85520000802353
"Single replica, 16 clients",1564,5.154900019988418
"Single replica, 16 clients",1565,5.010500026401132
"Single replica, 16 clients",1566,5.0506999832578
"Single replica, 16 clients",1567,4.895599966403097
"Single replica, 16 clients",1568,4.909000010229647
"Single replica, 16 clients",1569,5.303499987348914
"Single replica, 16 clients",1570,4.702400008682162
"Single replica, 16 clients",1571,4.853299993555993
"Single replica, 16 clients",1572,5.56940003298223
"Single replica, 16 clients",1573,4.747200000565499
"Single replica, 16 clients",1574,4.899399995338172
"Single replica, 16 clients",1575,4.9647000269033015
"Single replica, 16 clients",1576,4.936099983751774
"Single replica, 16 clients",1577,4.774999979417771
"Single replica, 16 clients",1578,5.183400004170835
"Single replica, 16 clients",1579,4.934600030537695
"Single replica, 16 clients",1580,4.808700003195554
"Single replica, 16 clients",1581,5.567100015468895
"Single replica, 16 clients",1582,5.136399995535612
"Single replica, 16 clients",1583,4.539399989880621
"Single replica, 16 clients",1584,5.240199971012771
"Single replica, 16 clients",1585,4.856500017922372
"Single replica, 16 clients",1586,4.835099971387535
"Single replica, 16 clients",1587,4.9977999879047275
"Single replica, 16 clients",1588,5.143799993675202
"Single replica, 16 clients",1589,4.974399984348565
"Single replica, 16 clients",1590,4.956499964464456
"Single replica, 16 clients",1591,5.090299993753433
"Single replica, 16 clients",1592,5.720400018617511
"Single replica, 16 clients",1593,4.771200008690357
"Single replica, 16 clients",1594,5.326899990905076
"Single replica, 16 clients",1595,4.9011000082828104
"Single replica, 16 clients",1596,4.6387999900616705
"Single replica, 16 clients",1597,5.156799976248294
"Single replica, 16 clients",1598,4.844299983233213
"Single replica, 16 clients",1599,4.800299997441471
"Single replica, 16 clients",1600,5.144599999766797
"Single replica, 16 clients",1601,4.6319999964907765
"Single replica, 16 clients",1602,4.78270003804937
"Single replica, 16 clients",1603,5.199099949095398
"Single replica, 16 clients",1604,5.316800030414015
"Single replica, 16 clients",1605,4.707700049038976
"Single replica, 16 clients",1606,5.148000025656074
"Single replica, 16 clients",1607,5.171499971766025
"Single replica, 16 clients",1608,4.696200019679964
"Single replica, 16 clients",1609,5.103500036057085
"Single replica, 16 clients",1610,4.996600036974996
"Single replica, 16 clients",1611,5.079199967440218
"Single replica, 16 clients",1612,5.075699998997152
"Single replica, 16 clients",1613,5.0620000110939145
"Single replica, 16 clients",1614,4.960199992638081
"Single replica, 16 clients",1615,4.644100030418485
"Single replica, 16 clients",1616,5.151199991814792
"Single replica, 16 clients",1617,5.307399958837777
"Single replica, 16 clients",1618,4.832100006751716
"Single replica, 16 clients",1619,4.980499972589314
"Single replica, 16 clients",1620,4.963900020811707
"Single replica, 16 clients",1621,4.946500004734844
"Single replica, 16 clients",1622,5.144399998243898
"Single replica, 16 clients",1623,4.293899983167648
"Single replica, 16 clients",1624,2.441000018734485
"Single replica, 16 clients",1625,4.150599997956306
"Single replica, 16 clients",1626,5.726899951696396
"Single replica, 16 clients",1627,5.5253999889828265
"Single replica, 16 clients",1628,5.379999987781048
"Single replica, 16 clients",1629,5.171500029973686
"Single replica, 16 clients",1630,4.93530003586784
"Single replica, 16 clients",1631,4.939399950671941
"Single replica, 16 clients",1632,5.371500039473176
"Single replica, 16 clients",1633,4.847400006838143
"Single replica, 16 clients",1634,5.448999989312142
"Single replica, 16 clients",1635,5.123700015246868
"Single replica, 16 clients",1636,5.1083999569527805
"Single replica, 16 clients",1637,4.936499986797571
"Single replica, 16 clients",1638,4.868199990596622
"Single replica, 16 clients",1639,5.299200012814254
"Single replica, 16 clients",1640,5.1151999505236745
"Single replica, 16 clients",1641,5.253600014839321
"Single replica, 16 clients",1642,5.110699974466115
"Single replica, 16 clients",1643,4.90409997291863
"Single replica, 16 clients",1644,5.1383000100031495
"Single replica, 16 clients",1645,5.154700018465519
"Single replica, 16 clients",1646,4.82120004016906
"Single replica, 16 clients",1647,4.892800003290176
"Single replica, 16 clients",1648,4.762199998367578
"Single replica, 16 clients",1649,5.654599983245134
"Single replica, 16 clients",1650,5.23900002008304
"Single replica, 16 clients",1651,5.286700034048408
"Single replica, 16 clients",1652,4.820099973585457
"Single replica, 16 clients",1653,5.191400006879121
"Single replica, 16 clients",1654,5.507299967575818
"Single replica, 16 clients",1655,5.008800013456494
"Single replica, 16 clients",1656,5.161300010513514
"Single replica, 16 clients",1657,5.5612000287510455
"Single replica, 16 clients",1658,5.799300037324429
"Single replica, 16 clients",1659,5.608300038147718
"Single replica, 16 clients",1660,5.502700048964471
"Single replica, 16 clients",1661,5.061600008048117
"Single replica, 16 clients",1662,4.875099984928966
"Single replica, 16 clients",1663,5.182900000363588
"Single replica, 16 clients",1664,5.270999972708523
"Single replica, 16 clients",1665,5.233800038695335
"Single replica, 16 clients",1666,5.2568000392057
"Single replica, 16 clients",1667,4.899500054307282
"Single replica, 16 clients",1668,5.061000003479421
"Single replica, 16 clients",1669,5.1235000137239695
"Single replica, 16 clients",1670,5.569099972490221
"Single replica, 16 clients",1671,5.318599985912442
"Single replica, 16 clients",1672,5.634400004055351
"Single replica, 16 clients",1673,5.203700042329729
"Single replica, 16 clients",1674,5.076999950688332
"Single replica, 16 clients",1675,4.923200001940131
"Single replica, 16 clients",1676,5.344600009266287
"Single replica, 16 clients",1677,5.682399962097406
"Single replica, 16 clients",1678,5.486199981532991
"Single replica, 16 clients",1679,5.106199998408556
"Single replica, 16 clients",1680,4.991800000425428
"Single replica, 16 clients",1681,5.0329999648965895
"Single replica, 16 clients",1682,4.703800019342452
"Single replica, 16 clients",1683,4.934099968522787
"Single replica, 16 clients",1684,4.852999991271645
"Single replica, 16 clients",1685,5.21669996669516
"Single replica, 16 clients",1686,4.888500028755516
"Single replica, 16 clients",1687,4.7058999771252275
"Single replica, 16 clients",1688,5.047100014053285
"Single replica, 16 clients",1689,4.850500030443072
"Single replica, 16 clients",1690,5.147900024894625
"Single replica, 16 clients",1691,5.209099967032671
"Single replica, 16 clients",1692,4.6870000078342855
"Single replica, 16 clients",1693,4.955600015819073
"Single replica, 16 clients",1694,5.319500050973147
"Single replica, 16 clients",1695,4.820300033316016
"Single replica, 16 clients",1696,4.8735999735072255
"Single replica, 16 clients",1697,4.971899965312332
"Single replica, 16 clients",1698,4.611100011970848
"Single replica, 16 clients",1699,4.955000011250377
"Single replica, 16 clients",1700,4.9641000223346055
"Single replica, 16 clients",1701,4.903299966827035
"Single replica, 16 clients",1702,4.771900014020503
"Single replica, 16 clients",1703,4.99889999628067
"Single replica, 16 clients",1704,5.126000032760203
"Single replica, 16 clients",1705,5.00629999442026
"Single replica, 16 clients",1706,5.090499995276332
"Single replica, 16 clients",1707,4.751500033307821
"Single replica, 16 clients",1708,5.0202999846078455
"Single replica, 16 clients",1709,4.848299955483526
"Single replica, 16 clients",1710,5.016400013118982
"Single replica, 16 clients",1711,4.889599978923798
"Single replica, 16 clients",1712,4.8544000019319355
"Single replica, 16 clients",1713,5.199899955186993
"Single replica, 16 clients",1714,5.344700010027736
"Single replica, 16 clients",1715,4.675599979236722
"Single replica, 16 clients",1716,5.1395000191405416
"Single replica, 16 clients",1717,4.8676999867893755
"Single replica, 16 clients",1718,6.161199999041855
"Single replica, 16 clients",1719,5.050700041465461
"Single replica, 16 clients",1720,5.00500004272908
"Single replica, 16 clients",1721,4.641200008336455
"Single replica, 16 clients",1722,5.334899993613362
"Single replica, 16 clients",1723,4.669099987950176
"Single replica, 16 clients",1724,4.953900002874434
"Single replica, 16 clients",1725,5.073499982245266
"Single replica, 16 clients",1726,4.736899980343878
"Single replica, 16 clients",1727,4.7067999839782715
"Single replica, 16 clients",1728,5.1790999714285135
"Single replica, 16 clients",1729,5.199300008825958
"Single replica, 16 clients",1730,4.891099990345538
"Single replica, 16 clients",1731,5.1796999759972095
"Single replica, 16 clients",1732,4.705199971795082
"Single replica, 16 clients",1733,5.098900001030415
"Single replica, 16 clients",1734,4.671900009270757
"Single replica, 16 clients",1735,4.8958000261336565
"Single replica, 16 clients",1736,4.930499999318272
"Single replica, 16 clients",1737,4.946900007780641
"Single replica, 16 clients",1738,5.491800024174154
"Single replica, 16 clients",1739,5.194700032006949
"Single replica, 16 clients",1740,4.473200009670109
"Single replica, 16 clients",1741,5.080000031739473
"Single replica, 16 clients",1742,5.015199945773929
"Single replica, 16 clients",1743,4.9236000049859285
"Single replica, 16 clients",1744,4.966699983924627
"Single replica, 16 clients",1745,4.640800005290657
"Single replica, 16 clients",1746,5.413700011558831
"Single replica, 16 clients",1747,4.940300015732646
"Single replica, 16 clients",1748,4.526200005784631
"Single replica, 16 clients",1749,2.881099993828684
"Single replica, 16 clients",1750,4.421900026500225
"Single replica, 16 clients",1751,5.475600017234683
"Single replica, 16 clients",1752,5.607399973087013
"Single replica, 16 clients",1753,4.825500014703721
"Single replica, 16 clients",1754,5.22120000096038
"Single replica, 16 clients",1755,4.951300041284412
"Single replica, 16 clients",1756,5.035499983932823
"Single replica, 16 clients",1757,5.270699970424175
"Single replica, 16 clients",1758,4.953399999067187
"Single replica, 16 clients",1759,5.275600007735193
"Single replica, 16 clients",1760,5.182199995033443
"Single replica, 16 clients",1761,5.060299998149276
"Single replica, 16 clients",1762,4.735100024845451
"Single replica, 16 clients",1763,4.885299946181476
"Single replica, 16 clients",1764,5.036799993831664
"Single replica, 16 clients",1765,5.357199988793582
"Single replica, 16 clients",1766,4.828100034501404
"Single replica, 16 clients",1767,5.393400031607598
"Single replica, 16 clients",1768,4.635499964933842
"Single replica, 16 clients",1769,5.14560000738129
"Single replica, 16 clients",1770,5.223299958743155
"Single replica, 16 clients",1771,5.284800019580871
"Single replica, 16 clients",1772,4.990199988242239
"Single replica, 16 clients",1773,4.850799974519759
"Single replica, 16 clients",1774,5.411799997091293
"Single replica, 16 clients",1775,5.378399975597858
"Single replica, 16 clients",1776,5.091700004413724
"Single replica, 16 clients",1777,5.175700003746897
"Single replica, 16 clients",1778,4.991399997379631
"Single replica, 16 clients",1779,4.8337000189349055
"Single replica, 16 clients",1780,5.859999975655228
"Single replica, 16 clients",1781,5.235199991147965
"Single replica, 16 clients",1782,4.999500000849366
"Single replica, 16 clients",1783,6.121199985500425
"Single replica, 16 clients",1784,5.7619999861344695
"Single replica, 16 clients",1785,5.415799969341606
"Single replica, 16 clients",1786,5.0255999667569995
"Single replica, 16 clients",1787,4.894100013189018
"Single replica, 16 clients",1788,5.32190001104027
"Single replica, 16 clients",1789,5.159200052730739
"Single replica, 16 clients",1790,5.216600024141371
"Single replica, 16 clients",1791,5.259400000795722
"Single replica, 16 clients",1792,4.830299993045628
"Single replica, 16 clients",1793,5.093400017358363
"Single replica, 16 clients",1794,5.121099995449185
"Single replica, 16 clients",1795,5.563499988056719
"Single replica, 16 clients",1796,5.199300008825958
"Single replica, 16 clients",1797,5.1123000448569655
"Single replica, 16 clients",1798,5.1595999975688756
"Single replica, 16 clients",1799,5.19739999435842
"Single replica, 16 clients",1800,4.947800014633685
"Single replica, 16 clients",1801,5.295699986163527
"Single replica, 16 clients",1802,5.526799999643117
"Single replica, 16 clients",1803,5.497000005561858
"Single replica, 16 clients",1804,5.333299981430173
"Single replica, 16 clients",1805,4.781300027389079
"Single replica, 16 clients",1806,5.0546000129543245
"Single replica, 16 clients",1807,4.739399999380112
"Single replica, 16 clients",1808,5.025199963711202
"Single replica, 16 clients",1809,5.016600014641881
"Single replica, 16 clients",1810,5.3186999866738915
"Single replica, 16 clients",1811,4.976800002623349
"Single replica, 16 clients",1812,4.686999949626625
"Single replica, 16 clients",1813,4.88040002528578
"Single replica, 16 clients",1814,4.611799959093332
"Single replica, 16 clients",1815,5.0755999982357025
"Single replica, 16 clients",1816,5.180699983611703
"Single replica, 16 clients",1817,4.949399968609214
"Single replica, 16 clients",1818,4.842200025450438
"Single replica, 16 clients",1819,5.3316999692469835
"Single replica, 16 clients",1820,4.718100011814386
"Single replica, 16 clients",1821,4.917600017506629
"Single replica, 16 clients",1822,4.89669997477904
"Single replica, 16 clients",1823,4.820999980438501
"Single replica, 16 clients",1824,4.702900012489408
"Single replica, 16 clients",1825,5.144599999766797
"Single replica, 16 clients",1826,4.798499983735383
"Single replica, 16 clients",1827,4.798400041181594
"Single replica, 16 clients",1828,5.1095999660901725
"Single replica, 16 clients",1829,5.299100012052804
"Single replica, 16 clients",1830,4.771099949721247
"Single replica, 16 clients",1831,5.197999998927116
"Single replica, 16 clients",1832,4.974799987394363
"Single replica, 16 clients",1833,4.800900002010167
"Single replica, 16 clients",1834,4.9297999939881265
"Single replica, 16 clients",1835,4.829899989999831
"Single replica, 16 clients",1836,4.898499988485128
"Single replica, 16 clients",1837,4.690199973993003
"Single replica, 16 clients",1838,4.881499975454062
"Single replica, 16 clients",1839,5.122900009155273
"Single replica, 16 clients",1840,4.804499971214682
"Single replica, 16 clients",1841,5.042399978265166
"Single replica, 16 clients",1842,4.827700031455606
"Single replica, 16 clients",1843,5.734400008805096
"Single replica, 16 clients",1844,5.069600010756403
"Single replica, 16 clients",1845,5.115500011015683
"Single replica, 16 clients",1846,4.790000035427511
"Single replica, 16 clients",1847,4.967100045178086
"Single replica, 16 clients",1848,4.762299999129027
"Single replica, 16 clients",1849,4.916100006084889
"Single replica, 16 clients",1850,4.864000016823411
"Single replica, 16 clients",1851,5.147500021848828
"Single replica, 16 clients",1852,4.807999997865409
"Single replica, 16 clients",1853,5.080699978861958
"Single replica, 16 clients",1854,5.036999995354563
"Single replica, 16 clients",1855,5.137699947226793
"Single replica, 16 clients",1856,5.0345000345259905
"Single replica, 16 clients",1857,4.8810000298544765
"Single replica, 16 clients",1858,5.107700009830296
"Single replica, 16 clients",1859,4.6456000418402255
"Single replica, 16 clients",1860,4.788300022482872
"Single replica, 16 clients",1861,5.133999977260828
"Single replica, 16 clients",1862,4.884199996013194
"Single replica, 16 clients",1863,5.056999973021448
"Single replica, 16 clients",1864,5.210599978454411
"Single replica, 16 clients",1865,4.982799990102649
"Single replica, 16 clients",1866,4.9730000318959355
"Single replica, 16 clients",1867,4.86109999474138
"Single replica, 16 clients",1868,5.064100027084351
"Single replica, 16 clients",1869,5.072299973107874
"Single replica, 16 clients",1870,4.6236999914981425
"Single replica, 16 clients",1871,5.194699973799288
"Single replica, 16 clients",1872,5.057599977590144
"Single replica, 16 clients",1873,4.84340003458783
"Single replica, 16 clients",1874,4.110800044145435
"Single replica, 16 clients",1875,2.6075999485328794
"Single replica, 16 clients",1876,4.491200030315667
"Single replica, 16 clients",1877,5.50709996605292
"Single replica, 16 clients",1878,5.6511000148020685
"Single replica, 16 clients",1879,5.039300012867898
"Single replica, 16 clients",1880,5.127599986735731
"Single replica, 16 clients",1881,5.00940001802519
"Single replica, 16 clients",1882,5.551799957174808
"Single replica, 16 clients",1883,5.403999995905906
"Single replica, 16 clients",1884,5.020899989176542
"Single replica, 16 clients",1885,5.281299992930144
"Single replica, 16 clients",1886,5.381299997679889
"Single replica, 16 clients",1887,4.993699956685305
"Single replica, 16 clients",1888,4.880100023001432
"Single replica, 16 clients",1889,4.842699971050024
"Single replica, 16 clients",1890,5.334899993613362
"Single replica, 16 clients",1891,5.035099980887026
"Single replica, 16 clients",1892,4.876899998635054
"Single replica, 16 clients",1893,5.233299976680428
"Single replica, 16 clients",1894,5.114100000355393
"Single replica, 16 clients",1895,5.091300001367927
"Single replica, 16 clients",1896,5.323000019416213
"Single replica, 16 clients",1897,4.8652999685145915
"Single replica, 16 clients",1898,5.313500005286187
"Single replica, 16 clients",1899,5.000700009986758
"Single replica, 16 clients",1900,5.473900004290044
"Single replica, 16 clients",1901,5.314900015946478
"Single replica, 16 clients",1902,5.1784999668598175
"Single replica, 16 clients",1903,4.89380001090467
"Single replica, 16 clients",1904,5.037300055846572
"Single replica, 16 clients",1905,5.979100009426475
"Single replica, 16 clients",1906,4.878200008533895
"Single replica, 16 clients",1907,4.899399995338172
"Single replica, 16 clients",1908,5.647100042551756
"Single replica, 16 clients",1909,5.917700007557869
"Single replica, 16 clients",1910,5.705900024622679
"Single replica, 16 clients",1911,5.164000031072646
"Single replica, 16 clients",1912,4.970799956936389
"Single replica, 16 clients",1913,5.14130003284663
"Single replica, 16 clients",1914,5.200499959755689
"Single replica, 16 clients",1915,5.139300017617643
"Single replica, 16 clients",1916,5.309299973305315
"Single replica, 16 clients",1917,5.1525000017136335
"Single replica, 16 clients",1918,4.965599975548685
"Single replica, 16 clients",1919,4.9217999912798405
"Single replica, 16 clients",1920,5.553099967073649
"Single replica, 16 clients",1921,5.439899978227913
"Single replica, 16 clients",1922,5.388299992773682
"Single replica, 16 clients",1923,5.403999995905906
"Single replica, 16 clients",1924,5.355199973564595
"Single replica, 16 clients",1925,4.822799994144589
"Single replica, 16 clients",1926,5.069900013040751
"Single replica, 16 clients",1927,5.682599963620305
"Single replica, 16 clients",1928,5.461600027047098
"Single replica, 16 clients",1929,5.445200018584728
"Single replica, 16 clients",1930,4.7975999768823385
"Single replica, 16 clients",1931,5.398300010710955
"Single replica, 16 clients",1932,4.961099999491125
"Single replica, 16 clients",1933,4.654099990148097
"Single replica, 16 clients",1934,5.400100024417043
"Single replica, 16 clients",1935,4.529099969659001
"Single replica, 16 clients",1936,5.218299978878349
"Single replica, 16 clients",1937,4.646599991247058
"Single replica, 16 clients",1938,4.836799984332174
"Single replica, 16 clients",1939,4.835700034163892
"Single replica, 16 clients",1940,4.928200040012598
"Single replica, 16 clients",1941,5.174900055862963
"Single replica, 16 clients",1942,4.826700023841113
"Single replica, 16 clients",1943,5.072199972346425
"Single replica, 16 clients",1944,5.002300022169948
"Single replica, 16 clients",1945,5.4290000116452575
"Single replica, 16 clients",1946,4.702800011727959
"Single replica, 16 clients",1947,5.012399982661009
"Single replica, 16 clients",1948,4.792099993210286
"Single replica, 16 clients",1949,4.749299958348274
"Single replica, 16 clients",1950,4.87300002714619
"Single replica, 16 clients",1951,5.0546000129543245
"Single replica, 16 clients",1952,4.5828999718651175
"Single replica, 16 clients",1953,4.835500032640994
"Single replica, 16 clients",1954,5.0339000299572945
"Single replica, 16 clients",1955,4.995999974198639
"Single replica, 16 clients",1956,4.668699984904379
"Single replica, 16 clients",1957,5.242799990810454
"Single replica, 16 clients",1958,4.950099973939359
"Single replica, 16 clients",1959,4.884599999058992
"Single replica, 16 clients",1960,4.896000027656555
"Single replica, 16 clients",1961,4.792399995494634
"Single replica, 16 clients",1962,4.934000025968999
"Single replica, 16 clients",1963,5.096000037156045
"Single replica, 16 clients",1964,5.114700004924089
"Single replica, 16 clients",1965,5.05959999281913
"Single replica, 16 clients",1966,4.796800028998405
"Single replica, 16 clients",1967,5.094200023449957
"Single replica, 16 clients",1968,5.571299989242107
"Single replica, 16 clients",1969,5.021399992983788
"Single replica, 16 clients",1970,5.232199968304485
"Single replica, 16 clients",1971,4.9303999985568225
"Single replica, 16 clients",1972,4.828799981623888
"Single replica, 16 clients",1973,4.971300018951297
"Single replica, 16 clients",1974,4.9795000231824815
"Single replica, 16 clients",1975,4.967099986970425
"Single replica, 16 clients",1976,5.163799971342087
"Single replica, 16 clients",1977,4.57520002964884
"Single replica, 16 clients",1978,4.9152999999932945
"Single replica, 16 clients",1979,5.23310003336519
"Single replica, 16 clients",1980,5.401200032792985
"Single replica, 16 clients",1981,4.595500009600073
"Single replica, 16 clients",1982,5.038600007537752
"Single replica, 16 clients",1983,4.771600011736155
"Single replica, 16 clients",1984,4.825900017749518
"Single replica, 16 clients",1985,4.590699973050505
"Single replica, 16 clients",1986,4.909200011752546
"Single replica, 16 clients",1987,5.191699950955808
"Single replica, 16 clients",1988,4.777699999976903
"Single replica, 16 clients",1989,5.194199969992042
"Single replica, 16 clients",1990,5.378400033805519
"Single replica, 16 clients",1991,4.819100024178624
"Single replica, 16 clients",1992,5.038200004491955
"Single replica, 16 clients",1993,5.475200014188886
"Single replica, 16 clients",1994,4.767199978232384
"Single replica, 16 clients",1995,4.892900004051626
"Single replica, 16 clients",1996,5.148999975062907
"Single replica, 16 clients",1997,5.322500015608966
"Single replica, 16 clients",1998,4.698199976701289
"Single replica, 16 clients",1999,4.386099986732006
"Quorum (3 replicas), 1 client",0,1.0872999555431306
"Quorum (3 replicas), 1 client",1,0.9976000292226672
"Quorum (3 replicas), 1 client",2,1.0667000315152109
"Quorum (3 replicas), 1 client",3,1.0901999776251614
"Quorum (3 replicas), 1 client",4,1.0287999757565558
"Quorum (3 replicas), 1 client",5,0.9833999793045223
"Quorum (3 replicas), 1 client",6,1.0040000197477639
"Quorum (3 replicas), 1 client",7,0.9723000111989677
"Quorum (3 replicas), 1 client",8,0.9563000057823956
"Quorum (3 replicas), 1 client",9,1.0239999974146485
"Quorum (3 replicas), 1 client",10,0.9563000057823956
"Quorum (3 replicas), 1 client",11,0.9862000006251037
"Quorum (3 replicas), 1 client",12,0.9605999803170562
"Quorum (3 replicas), 1 client",13,0.9751000325195491
"Quorum (3 replicas), 1 client",14,0.9946000063791871
"Quorum (3 replicas), 1 client",15,1.0116000194102526
"Quorum (3 replicas), 1 client",16,1.0202000266872346
"Quorum (3 replicas), 1 client",17,1.000499993097037
"Quorum (3 replicas), 1 client",18,1.173199969343841
"Quorum (3 replicas), 1 client",19,1.089799974579364
"Quorum (3 replicas), 1 client",20,1.0577000211924314
"Quorum (3 replicas), 1 client",21,1.096000021789223
"Quorum (3 replicas), 1 client",22,1.0190000175498426
"Quorum (3 replicas), 1 client",23,1.0383999906480312
"Quorum (3 replicas), 1 client",24,0.9697999921627343
"Quorum (3 replicas), 1 client",25,1.0331000084988773
"Quorum (3 replicas), 1 client",26,1.0867000091820955
"Quorum (3 replicas), 1 client",27,1.0751000372692943
"Quorum (3 replicas), 1 client",28,1.005799975246191
"Quorum (3 replicas), 1 client",29,1.0406000073999166
"Quorum (3 replicas), 1 client",30,1.0193000198341906
"Quorum (3 replicas), 1 client",31,0.9893999667838216
"Quorum (3 replicas), 1 client",32,0.9221999789588153
"Quorum (3 replicas), 1 client",33,1.0003999923355877
"Quorum (3 replicas), 1 client",34,1.1495000217109919
"Quorum (3 replicas), 1 client",35,1.1162000009790063
"Quorum (3 replicas), 1 client",36,1.0094000026583672
"Quorum (3 replicas), 1 client",37,1.0432999697513878
"Quorum (3 replicas), 1 client",38,1.0941000073216856
"Quorum (3 replicas), 1 client",39,1.0913999867625535
"Quorum (3 replicas), 1 client",40,1.055800006724894
"Quorum (3 replicas), 1 client",41,0.9780000546015799
"Quorum (3 replicas), 1 client",42,1.0293000377714634
"Quorum (3 replicas), 1 client",43,1.0579000227153301
"Quorum (3 replicas), 1 client",44,1.039499999023974
"Quorum (3 replicas), 1 client",45,0.9703999967314303
"Quorum (3 replicas), 1 client",46,1.0700999991968274
"Quorum (3 replicas), 1 client",47,1.0997999925166368
"Quorum (3 replicas), 1 client",48,1.9801000016741455
"Quorum (3 replicas), 1 client",49,1.0685999877750874
"Quorum (3 replicas), 1 client",50,1.0296999826095998
"Quorum (3 replicas), 1 client",51,1.1059999815188348
"Quorum (3 replicas), 1 client",52,1.08149996958673
"Quorum (3 replicas), 1 client",53,1.0373999830335379
"Quorum (3 replicas), 1 client",54,1.0435000294819474
"Quorum (3 replicas), 1 client",55,1.0024000075645745
"Quorum (3 replicas), 1 client",56,1.0848999954760075
"Quorum (3 replicas), 1 client",57,1.0239999974146485
"Quorum (3 replicas), 1 client",58,1.052799983881414
"Quorum (3 replicas), 1 client",59,1.0113000171259046
"Quorum (3 replicas), 1 client",60,1.0136000346392393
"Quorum (3 replicas), 1 client",61,1.0340999579057097
"Quorum (3 replicas), 1 client",62,1.0671999771147966
"Quorum (3 replicas), 1 client",63,1.04310002643615
"Quorum (3 replicas), 1 client",64,1.0438000317662954
"Quorum (3 replicas), 1 client",65,1.1049999739043415
"Quorum (3 replicas), 1 client",66,1.095699961297214
"Quorum (3 replicas), 1 client",67,1.1431000311858952
"Quorum (3 replicas), 1 client",68,1.03420001687482
"Quorum (3 replicas), 1 client",69,1.0187000152654946
"Quorum (3 replicas), 1 client",70,1.0550000006332994
"Quorum (3 replicas), 1 client",71,1.067899982444942
"Quorum (3 replicas), 1 client",72,1.0922999936155975
"Quorum (3 replicas), 1 client",73,1.0389999952167273
"Quorum (3 replicas), 1 client",74,1.0606999858282506
"Quorum (3 replicas), 1 client",75,1.222899998538196
"Quorum (3 replicas), 1 client",76,1.1703000054694712
"Quorum (3 replicas), 1 client",77,1.2926000053994358
"Quorum (3 replicas), 1 client",78,1.0266999597661197
"Quorum (3 replicas), 1 client",79,1.1056000366806984
"Quorum (3 replicas), 1 client",80,1.1282000341452658
"Quorum (3 replicas), 1 client",81,1.0087999980896711
"Quorum (3 replicas), 1 client",82,0.9728000150062144
"Quorum (3 replicas), 1 client",83,0.9079999872483313
"Quorum (3 replicas), 1 client",84,0.9400999988429248
"Quorum (3 replicas), 1 client",85,0.9889999637380242
"Quorum (3 replicas), 1 client",86,0.9637000039219856
"Quorum (3 replicas), 1 client",87,1.0047999676316977
"Quorum (3 replicas), 1 client",88,0.9640000062063336
"Quorum (3 replicas), 1 client",89,1.010799955110997
"Quorum (3 replicas), 1 client",90,0.9745000279508531
"Quorum (3 replicas), 1 client",91,0.9899999713525176
"Quorum (3 replicas), 1 client",92,1.1323000071570277
"Quorum (3 replicas), 1 client",93,1.181500032544136
"Quorum (3 replicas), 1 client",94,1.05339998845011
"Quorum (3 replicas), 1 client",95,1.057000015862286
"Quorum (3 replicas), 1 client",96,1.0348999639973044
"Quorum (3 replicas), 1 client",97,0.9778999956324697
"Quorum (3 replicas), 1 client",98,1.0506000253371894
"Quorum (3 replicas), 1 client",99,0.9732000180520117
"Quorum (3 replicas), 1 client",100,0.985099992249161
"Quorum (3 replicas), 1 client",101,1.0316999978385866
"Quorum (3 replicas), 1 client",102,0.9627999970689416
"Quorum (3 replicas), 1 client",103,1.0251000057905912
"Quorum (3 replicas), 1 client",104,0.9744999697431922
"Quorum (3 replicas), 1 client",105,1.0050000273622572
"Quorum (3 replicas), 1 client",106,0.9648999548517168
"Quorum (3 replicas), 1 client",107,1.0956000187434256
"Quorum (3 replicas), 1 client",108,1.0337999556213617
"Quorum (3 replicas), 1 client",109,1.0302999871782959
"Quorum (3 replicas), 1 client",110,0.9457999840378761
"Quorum (3 replicas), 1 client",111,1.0180000099353492
"Quorum (3 replicas), 1 client",112,1.019700022879988
"Quorum (3 replicas), 1 client",113,1.0647999588400126
"Quorum (3 replicas), 1 client",114,0.9746000287123024
"Quorum (3 replicas), 1 client",115,0.9897000272758305
"Quorum (3 replicas), 1 client",116,0.9800000116229057
"Quorum (3 replicas), 1 client",117,1.048700010869652
"Quorum (3 replicas), 1 client",118,1.072899962309748
"Quorum (3 replicas), 1 client",119,1.0463999933563173
"Quorum (3 replicas), 1 client",120,1.0221999837085605
"Quorum (3 replicas), 1 client",121,1.0097000049427152
"Quorum (3 replicas), 1 client",122,0.9571000118739903
"Quorum (3 replicas), 1 client",123,1.1501000262796879
"Quorum (3 replicas), 1 client",124,1.0271999635733664
"Quorum (3 replicas), 1 client",125,1.028900034725666
"Quorum (3 replicas), 1 client",126,1.01200002245605
"Quorum (3 replicas), 1 client",127,0.9762999834492803
"Quorum (3 replicas), 1 client",128,1.074999978300184
"Quorum (3 replicas), 1 client",129,0.9716000058688223
"Quorum (3 replicas), 1 client",130,0.9438000270165503
"Quorum (3 replicas), 1 client",131,0.9596999734640121
"Quorum (3 replicas), 1 client",132,1.0168000007979572
"Quorum (3 replicas), 1 client",133,1.08739995630458
"Quorum (3 replicas), 1 client",134,0.9813000215217471
"Quorum (3 replicas), 1 client",135,0.9830999770201743
"Quorum (3 replicas), 1 client",136,1.004899968393147
"Quorum (3 replicas), 1 client",137,0.9698999929241836
"Quorum (3 replicas), 1 client",138,1.2549000093713403
"Quorum (3 replicas), 1 client",139,1.0029999539256096
"Quorum (3 replicas), 1 client",140,0.945200037676841
"Quorum (3 replicas), 1 client",141,0.957600015681237
"Quorum (3 replicas), 1 client",142,1.0242999996989965
"Quorum (3 replicas), 1 client",143,0.9832999785430729
"Quorum (3 replicas), 1 client",144,1.0236999951303005
"Quorum (3 replicas), 1 client",145,0.9910999797284603
"Quorum (3 replicas), 1 client",146,0.9651999571360648
"Quorum (3 replicas), 1 client",147,0.9980000322684646
"Quorum (3 replicas), 1 client",148,0.959100027102977
"Quorum (3 replicas), 1 client",149,1.0309999925084412
"Quorum (3 replicas), 1 client",150,0.9572000126354396
"Quorum (3 replicas), 1 client",151,1.0522999800741673
"Quorum (3 replicas), 1 client",152,0.9735000203363597
"Quorum (3 replicas), 1 client",153,0.9945999481715262
"Quorum (3 replicas), 1 client",154,1.260699995327741
"Quorum (3 replicas), 1 client",155,1.0232999920845032
"Quorum (3 replicas), 1 client",156,1.0196000221185386
"Quorum (3 replicas), 1 client",157,1.0368000366725028
"Quorum (3 replicas), 1 client",158,1.025000005029142
"Quorum (3 replicas), 1 client",159,1.0369999799877405
"Quorum (3 replicas), 1 client",160,0.9896000265143812
"Quorum (3 replicas), 1 client",161,1.0206999722868204
"Quorum (3 replicas), 1 client",162,0.9893999667838216
"Quorum (3 replicas), 1 client",163,1.3034000294283032
"Quorum (3 replicas), 1 client",164,0.9907000348903239
"Quorum (3 replicas), 1 client",165,0.9547999943606555
"Quorum (3 replicas), 1 client",166,0.9737000218592584
"Quorum (3 replicas), 1 client",167,0.9882000158540905
"Quorum (3 replicas), 1 client",168,0.9547999943606555
"Quorum (3 replicas), 1 client",169,1.028900034725666
"Quorum (3 replicas), 1 client",170,1.0585000272840261
"Quorum (3 replicas), 1 client",171,1.0087999980896711
"Quorum (3 replicas), 1 client",172,1.0316999978385866
"Quorum (3 replicas), 1 client",173,0.9600999765098095
"Quorum (3 replicas), 1 client",174,0.9614999871701002
"Quorum (3 replicas), 1 client",175,1.0174000053666532
"Quorum (3 replicas), 1 client",176,0.9668999700807035
"Quorum (3 replicas), 1 client",177,0.9793000062927604
"Quorum (3 replicas), 1 client",178,0.9899999713525176
"Quorum (3 replicas), 1 client",179,0.9888000204227865
"Quorum (3 replicas), 1 client",180,1.004899968393147
"Quorum (3 replicas), 1 client",181,0.9528999798931181
"Quorum (3 replicas), 1 client",182,0.9845999884419143
"Quorum (3 replicas), 1 client",183,0.9598999749869108
"Quorum (3 replicas), 1 client",184,0.9561000042594969
"Quorum (3 replicas), 1 client",185,0.9824999724514782
"Quorum (3 replicas), 1 client",186,1.0740000288933516
"Quorum (3 replicas), 1 client",187,0.9359000250697136
"Quorum (3 replicas), 1 client",188,0.9028000058606267
"Quorum (3 replicas), 1 client",189,0.9752000332809985
"Quorum (3 replicas), 1 client",190,1.09039997914806
"Quorum (3 replicas), 1 client",191,1.041300012730062
"Quorum (3 replicas), 1 client",192,1.0237999958917499
"Quorum (3 replicas), 1 client",193,1.0017000022344291
"Quorum (3 replicas), 1 client",194,0.9278999641537666
"Quorum (3 replicas), 1 client",195,0.959400029387325
"Quorum (3 replicas), 1 client",196,0.9327000007033348
"Quorum (3 replicas), 1 client",197,0.9743000264279544
"Quorum (3 replicas), 1 client",198,1.0174000053666532
"Quorum (3 replicas), 1 client",199,1.0050000273622572
"Quorum (3 replicas), 1 client",200,0.8900999673642218
"Quorum (3 replicas), 1 client",201,1.1199999717064202
"Quorum (3 replicas), 1 client",202,1.344699994660914
"Quorum (3 replicas), 1 client",203,1.0065999813377857
"Quorum (3 replicas), 1 client",204,0.9497000137344003
"Quorum (3 replicas), 1 client",205,0.965600018389523
"Quorum (3 replicas), 1 client",206,0.970900000538677
"Quorum (3 replicas), 1 client",207,0.9943999466486275
"Quorum (3 replicas), 1 client",208,0.9281000238843262
"Quorum (3 replicas), 1 client",209,1.0377999860793352
"Quorum (3 replicas), 1 client",210,0.9719999507069588
"Quorum (3 replicas), 1 client",211,1.0124000255018473
"Quorum (3 replicas), 1 client",212,1.0495999595150352
"Quorum (3 replicas), 1 client",213,1.0198000236414373
"Quorum (3 replicas), 1 client",214,1.0219000396318734
"Quorum (3 replicas), 1 client",215,0.9656999609433115
"Quorum (3 replicas), 1 client",216,0.9878000128082931
"Quorum (3 replicas), 1 client",217,1.032399944961071
"Quorum (3 replicas), 1 client",218,0.957300013396889
"Quorum (3 replicas), 1 client",219,1.0115999612025917
"Quorum (3 replicas), 1 client",220,0.9655000176280737
"Quorum (3 replicas), 1 client",221,0.9386999881826341
"Quorum (3 replicas), 1 client",222,1.0868000099435449
"Quorum (3 replicas), 1 client",223,1.0069000418297946
"Quorum (3 replicas), 1 client",224,1.0650000185705721
"Quorum (3 replicas), 1 client",225,0.9895999683067203
"Quorum (3 replicas), 1 client",226,0.9810000192373991
"Quorum (3 replicas), 1 client",227,0.9407000034116209
"Quorum (3 replicas), 1 client",228,1.0155999916605651
"Quorum (3 replicas), 1 client",229,0.9887000196613371
"Quorum (3 replicas), 1 client",230,0.8975999662652612
"Quorum (3 replicas), 1 client",231,0.9772999910637736
"Quorum (3 replicas), 1 client",232,1.0285999742336571
"Quorum (3 replicas), 1 client",233,1.1455999920144677
"Quorum (3 replicas), 1 client",234,1.052499981597066
"Quorum (3 replicas), 1 client",235,1.007599988952279
"Quorum (3 replicas), 1 client",236,0.9819999686442316
"Quorum (3 replicas), 1 client",237,0.9945000056177378
"Quorum (3 replicas), 1 client",238,1.0677999816834927
"Quorum (3 replicas), 1 client",239,0.9342000121250749
"Quorum (3 replicas), 1 client",240,0.937800039537251
"Quorum (3 replicas), 1 client",241,1.0155000491067767
"Quorum (3 replicas), 1 client",242,1.007300044875592
"Quorum (3 replicas), 1 client",243,0.9456000407226384
"Quorum (3 replicas), 1 client",244,1.0030000121332705
"Quorum (3 replicas), 1 client",245,1.1038000229746103
"Quorum (3 replicas), 1 client",246,0.9898000280372798
"Quorum (3 replicas), 1 client",247,0.9382999851368368
"Quorum (3 replicas), 1 client",248,1.0893999715335667
"Quorum (3 replicas), 1 client",249,1.1050999746657908
"Quorum (3 replicas), 1 client",250,0.9982999763451517
"Quorum (3 replicas), 1 client",251,1.0187000152654946
"Quorum (3 replicas), 1 client",252,1.0867000091820955
"Quorum (3 replicas), 1 client",253,0.9997000452131033
"Quorum (3 replicas), 1 client",254,0.9479000000283122
"Quorum (3 replicas), 1 client",255,0.9675000328570604
"Quorum (3 replicas), 1 client",256,0.9865000029094517
"Quorum (3 replicas), 1 client",257,1.0103000095114112
"Quorum (3 replicas), 1 client",258,1.0538999922573566
"Quorum (3 replicas), 1 client",259,1.0071999859064817
"Quorum (3 replicas), 1 client",260,0.9453999809920788
"Quorum (3 replicas), 1 client",261,0.9741999674588442
"Quorum (3 replicas), 1 client",262,1.0207999730482697
"Quorum (3 replicas), 1 client",263,1.0728000197559595
"Quorum (3 replicas), 1 client",264,1.1062999838031828
"Quorum (3 replicas), 1 client",265,0.9966999641619623
"Quorum (3 replicas), 1 client",266,0.9386999881826341
"Quorum (3 replicas), 1 client",267,1.0034000151790679
"Quorum (3 replicas), 1 client",268,0.9211000287905335
"Quorum (3 replicas), 1 client",269,0.9992000414058566
"Quorum (3 replicas), 1 client",270,1.0577999637462199
"Quorum (3 replicas), 1 client",271,1.055800006724894
"Quorum (3 replicas), 1 client",272,0.978900003246963
"Quorum (3 replicas), 1 client",273,1.0125000262632966
"Quorum (3 replicas), 1 client",274,1.0247999452985823
"Quorum (3 replicas), 1 client",275,1.0092000011354685
"Quorum (3 replicas), 1 client",276,0.9636000031605363
"Quorum (3 replicas), 1 client",277,0.992499990388751
"Quorum (3 replicas), 1 client",278,1.0173999471589923
"Quorum (3 replicas), 1 client",279,1.1854000040329993
"Quorum (3 replicas), 1 client",280,0.9802000131458044
"Quorum (3 replicas), 1 client",281,0.9963999618776143
"Quorum (3 replicas), 1 client",282,0.9595999727025628
"Quorum (3 replicas), 1 client",283,0.9151999838650227
"Quorum (3 replicas), 1 client",284,0.9400999988429248
"Quorum (3 replicas), 1 client",285,0.9389999904669821
"Quorum (3 replicas), 1 client",286,0.9500000160187483
"Quorum (3 replicas), 1 client",287,0.9706999990157783
"Quorum (3 replicas), 1 client",288,0.9495000122115016
"Quorum (3 replicas), 1 client",289,0.9406000026501715
"Quorum (3 replicas), 1 client",290,1.0277999681420624
"Quorum (3 replicas), 1 client",291,1.0233999928459525
"Quorum (3 replicas), 1 client",292,1.0569999576546252
"Quorum (3 replicas), 1 client",293,0.9769999887794256
"Quorum (3 replicas), 1 client",294,1.0356000275351107
"Quorum (3 replicas), 1 client",295,1.4229999505914748
"Quorum (3 replicas), 1 client",296,1.5208999975584447
"Quorum (3 replicas), 1 client",297,1.4338999753817916
"Quorum (3 replicas), 1 client",298,1.3982999953441322
"Quorum (3 replicas), 1 client",299,1.1464000563137233
"Quorum (3 replicas), 1 client",300,1.17350002983585
"Quorum (3 replicas), 1 client",301,1.171100011561066
"Quorum (3 replicas), 1 client",302,1.0914999875240028
"Quorum (3 replicas), 1 client",303,1.1504999711178243
"Quorum (3 replicas), 1 client",304,1.323700009379536
"Quorum (3 replicas), 1 client",305,1.1760999914258718
"Quorum (3 replicas), 1 client",306,1.1682999902404845
"Quorum (3 replicas), 1 client",307,1.1255999561399221
"Quorum (3 replicas), 1 client",308,1.3820999884046614
"Quorum (3 replicas), 1 client",309,1.067600038368255
"Quorum (3 replicas), 1 client",310,1.0980999795719981
"Quorum (3 replicas), 1 client",311,1.0946999536827207
"Quorum (3 replicas), 1 client",312,1.0856000008061528
"Quorum (3 replicas), 1 client",313,1.0716000106185675
"Quorum (3 replicas), 1 client",314,1.0419999598525465
"Quorum (3 replicas), 1 client",315,1.0580000234767795
"Quorum (3 replicas), 1 client",316,1.029500039294362
"Quorum (3 replicas), 1 client",317,1.1254000128246844
"Quorum (3 replicas), 1 client",318,1.0842999909073114
"Quorum (3 replicas), 1 client",319,1.0294999810867012
"Quorum (3 replicas), 1 client",320,0.998399977106601
"Quorum (3 replicas), 1 client",321,0.9956000139936805
"Quorum (3 replicas), 1 client",322,1.0585999698378146
"Quorum (3 replicas), 1 client",323,0.9926999919116497
"Quorum (3 replicas), 1 client",324,0.9527999791316688
"Quorum (3 replicas), 1 client",325,0.9963999618776143
"Quorum (3 replicas), 1 client",326,0.9405000018887222
"Quorum (3 replicas), 1 client",327,1.0745999752543867
"Quorum (3 replicas), 1 client",328,0.9663000237196684
"Quorum (3 replicas), 1 client",329,1.0053999722003937
"Quorum (3 replicas), 1 client",330,0.9868000051937997
"Quorum (3 replicas), 1 client",331,0.9714000043459237
"Quorum (3 replicas), 1 client",332,0.9538999875076115
"Quorum (3 replicas), 1 client",333,0.9823000291362405
"Quorum (3 replicas), 1 client",334,0.9838000405579805
"Quorum (3 replicas), 1 client",335,1.0291000362485647
"Quorum (3 replicas), 1 client",336,0.9846999892033637
"Quorum (3 replicas), 1 client",337,1.0340999579057097
"Quorum (3 replicas), 1 client",338,1.2026000185869634
"Quorum (3 replicas), 1 client",339,1.027700025588274
"Quorum (3 replicas), 1 client",340,1.006999984383583
"Quorum (3 replicas), 1 client",341,1.0130999726243317
"Quorum (3 replicas), 1 client",342,1.0244000004604459
"Quorum (3 replicas), 1 client",343,1.0130999726243317
"Quorum (3 replicas), 1 client",344,0.9756999788805842
"Quorum (3 replicas), 1 client",345,0.9498000144958496
"Quorum (3 replicas), 1 client",346,1.0212999768555164
"Quorum (3 replicas), 1 client",347,1.0775999980978668
"Quorum (3 replicas), 1 client",348,1.0222999844700098
"Quorum (3 replicas), 1 client",349,0.9797999518923461
"Quorum (3 replicas), 1 client",350,0.9824000298976898
"Quorum (3 replicas), 1 client",351,1.0344000183977187
"Quorum (3 replicas), 1 client",352,1.1132999788969755
"Quorum (3 replicas), 1 client",353,1.0729999630711973
"Quorum (3 replicas), 1 client",354,1.0045000235550106
"Quorum (3 replicas), 1 client",355,0.9654000168666244
"Quorum (3 replicas), 1 client",356,1.0065999813377857
"Quorum (3 replicas), 1 client",357,1.0794000118039548
"Quorum (3 replicas), 1 client",358,0.9898000280372798
"Quorum (3 replicas), 1 client",359,1.0181000106967986
"Quorum (3 replicas), 1 client",360,0.999599986243993
"Quorum (3 replicas), 1 client",361,0.9668000275269151
"Quorum (3 replicas), 1 client",362,1.0667999740689993
"Quorum (3 replicas), 1 client",363,1.0062999790534377
"Quorum (3 replicas), 1 client",364,0.957000011112541
"Quorum (3 replicas), 1 client",365,0.958200020249933
"Quorum (3 replicas), 1 client",366,0.9778999956324697
"Quorum (3 replicas), 1 client",367,1.095099956728518
"Quorum (3 replicas), 1 client",368,1.137399987783283
"Quorum (3 replicas), 1 client",369,0.9892000234685838
"Quorum (3 replicas), 1 client",370,0.9331000037491322
"Quorum (3 replicas), 1 client",371,0.9846999892033637
"Quorum (3 replicas), 1 client",372,0.9464999893680215
"Quorum (3 replicas), 1 client",373,0.9681999799795449
"Quorum (3 replicas), 1 client",374,0.9983000345528126
"Quorum (3 replicas), 1 client",375,1.0030000121332705
"Quorum (3 replicas), 1 client",376,1.0104000102728605
"Quorum (3 replicas), 1 client",377,0.9772999910637736
"Quorum (3 replicas), 1 client",378,1.0099000064656138
"Quorum (3 replicas), 1 client",379,0.983899983111769
"Quorum (3 replicas), 1 client",380,0.9237999911420047
"Quorum (3 replicas), 1 client",381,0.9339000098407269
"Quorum (3 replicas), 1 client",382,0.9280999656766653
"Quorum (3 replicas), 1 client",383,0.9593999711796641
"Quorum (3 replicas), 1 client",384,1.053699990734458
"Quorum (3 replicas), 1 client",385,0.9813000215217471
"Quorum (3 replicas), 1 client",386,1.0084999958053231
"Quorum (3 replicas), 1 client",387,0.972100009676069
"Quorum (3 replicas), 1 client",388,1.019100018311292
"Quorum (3 replicas), 1 client",389,0.9125000215135515
"Quorum (3 replicas), 1 client",390,1.007299986667931
"Quorum (3 replicas), 1 client",391,0.9607999818399549
"Quorum (3 replicas), 1 client",392,1.0344000183977187
"Quorum (3 replicas), 1 client",393,0.9610000415705144
"Quorum (3 replicas), 1 client",394,1.0032000136561692
"Quorum (3 replicas), 1 client",395,1.005199970677495
"Quorum (3 replicas), 1 client",396,1.000199990812689
"Quorum (3 replicas), 1 client",397,0.9919999865815043
"Quorum (3 replicas), 1 client",398,0.9804000146687031
"Quorum (3 replicas), 1 client",399,1.109300006646663
"Quorum (3 replicas), 1 client",400,1.196600031107664
"Quorum (3 replicas), 1 client",401,1.0494999587535858
"Quorum (3 replicas), 1 client",402,1.0187000152654946
"Quorum (3 replicas), 1 client",403,0.9953999542631209
"Quorum (3 replicas), 1 client",404,0.9694999898783863
"Quorum (3 replicas), 1 client",405,0.9593000286258757
"Quorum (3 replicas), 1 client",406,0.9785000002011657
"Quorum (3 replicas), 1 client",407,1.0239999974146485
"Quorum (3 replicas), 1 client",408,0.9877000120468438
"Quorum (3 replicas), 1 client",409,0.9748000302352011
"Quorum (3 replicas), 1 client",410,1.011399959679693
"Quorum (3 replicas), 1 client",411,1.0449999826960266
"Quorum (3 replicas), 1 client",412,1.0098000057041645
"Quorum (3 replicas), 1 client",413,0.9228999842889607
"Quorum (3 replicas), 1 client",414,0.9113000123761594
"Quorum (3 replicas), 1 client",415,1.14390003727749
"Quorum (3 replicas), 1 client",416,1.0368999792262912
"Quorum (3 replicas), 1 client",417,1.0035999584943056
"Quorum (3 replicas), 1 client",418,0.9929999941959977
"Quorum (3 replicas), 1 client",419,0.907899986486882
"Quorum (3 replicas), 1 client",420,0.9747999720275402
"Quorum (3 replicas), 1 client",421,0.993099994957447
"Quorum (3 replicas), 1 client",422,0.9135000291280448
"Quorum (3 replicas), 1 client",423,0.9880000143311918
"Quorum (3 replicas), 1 client",424,0.9913999820128083
"Quorum (3 replicas), 1 client",425,0.9094999986700714
"Quorum (3 replicas), 1 client",426,0.983899983111769
"Quorum (3 replicas), 1 client",427,1.027099962811917
"Quorum (3 replicas), 1 client",428,1.0082999942824244
"Quorum (3 replicas), 1 client",429,1.0365000343881547
"Quorum (3 replicas), 1 client",430,1.094200008083135
"Quorum (3 replicas), 1 client",431,1.139200001489371
"Quorum (3 replicas), 1 client",432,1.011399959679693
"Quorum (3 replicas), 1 client",433,1.0858000023290515
"Quorum (3 replicas), 1 client",434,1.053699990734458
"Quorum (3 replicas), 1 client",435,0.9892999660223722
"Quorum (3 replicas), 1 client",436,1.0308999917469919
"Quorum (3 replicas), 1 client",437,0.9996999870054424
"Quorum (3 replicas), 1 client",438,1.052199979312718
"Quorum (3 replicas), 1 client",439,1.0164999985136092
"Quorum (3 replicas), 1 client",440,1.0022000060416758
"Quorum (3 replicas), 1 client",441,0.9606999810785055
"Quorum (3 replicas), 1 client",442,0.9845999884419143
"Quorum (3 replicas), 1 client",443,0.94369996804744
"Quorum (3 replicas), 1 client",444,0.9654000168666244
"Quorum (3 replicas), 1 client",445,0.9681000374257565
"Quorum (3 replicas), 1 client",446,1.146300055552274
"Quorum (3 replicas), 1 client",447,1.0355000267736614
"Quorum (3 replicas), 1 client",448,1.275799993891269
"Quorum (3 replicas), 1 client",449,1.18090002797544
"Quorum (3 replicas), 1 client",450,1.0479000047780573
"Quorum (3 replicas), 1 client",451,1.000500051304698
"Quorum (3 replicas), 1 client",452,0.9696999914012849
"Quorum (3 replicas), 1 client",453,1.0232999920845032
"Quorum (3 replicas), 1 client",454,1.006999984383583
"Quorum (3 replicas), 1 client",455,0.9729000157676637
"Quorum (3 replicas), 1 client",456,0.999299983959645
"Quorum (3 replicas), 1 client",457,1.048400008585304
"Quorum (3 replicas), 1 client",458,1.045699988026172
"Quorum (3 replicas), 1 client",459,1.0528999846428633
"Quorum (3 replicas), 1 client",460,1.150399970356375
"Quorum (3 replicas), 1 client",461,1.124100002925843
"Quorum (3 replicas), 1 client",462,1.041900017298758
"Quorum (3 replicas), 1 client",463,1.0077999904751778
"Quorum (3 replicas), 1 client",464,1.1634000111371279
"Quorum (3 replicas), 1 client",465,1.095399959012866
"Quorum (3 replicas), 1 client",466,0.9923999896273017
"Quorum (3 replicas), 1 client",467,0.9716000058688223
"Quorum (3 replicas), 1 client",468,1.0763999889604747
"Quorum (3 replicas), 1 client",469,1.0307999909855425
"Quorum (3 replicas), 1 client",470,0.9268999565392733
"Quorum (3 replicas), 1 client",471,0.9949000086635351
"Quorum (3 replicas), 1 client",472,1.034499960951507
"Quorum (3 replicas), 1 client",473,0.9291000314988196
"Quorum (3 replicas), 1 client",474,1.0047000250779092
"Quorum (3 replicas), 1 client",475,1.0792000102810562
"Quorum (3 replicas), 1 client",476,1.0003999923355877
"Quorum (3 replicas), 1 client",477,0.9707999997772276
"Quorum (3 replicas), 1 client",478,0.9990999824367464
"Quorum (3 replicas), 1 client",479,0.9637000039219856
"Quorum (3 replicas), 1 client",480,1.0157999931834638
"Quorum (3 replicas), 1 client",481,0.9537999867461622
"Quorum (3 replicas), 1 client",482,0.9646999533288181
"Quorum (3 replicas), 1 client",483,0.9515000274404883
"Quorum (3 replicas), 1 client",484,0.9747000294737518
"Quorum (3 replicas), 1 client",485,0.9766999864950776
"Quorum (3 replicas), 1 client",486,1.0049999691545963
"Quorum (3 replicas), 1 client",487,0.9780999971553683
"Quorum (3 replicas), 1 client",488,0.923299987334758
"Quorum (3 replicas), 1 client",489,0.9978999732993543
"Quorum (3 replicas), 1 client",490,0.9860999998636544
"Quorum (3 replicas), 1 client",491,1.0219999821856618
"Quorum (3 replicas), 1 client",492,0.9554999996908009
"Quorum (3 replicas), 1 client",493,0.9671000298112631
"Quorum (3 replicas), 1 client",494,0.9820999694056809
"Quorum (3 replicas), 1 client",495,0.9763999842107296
"Quorum (3 replicas), 1 client",496,0.9572000126354396
"Quorum (3 replicas), 1 client",497,1.006099977530539
"Quorum (3 replicas), 1 client",498,0.9781999979168177
"Quorum (3 replicas), 1 client",499,0.9567999513819814
"Quorum (3 replicas), 1 client",500,0.9745000279508531
"Quorum (3 replicas), 1 client",501,0.952000031247735
"Quorum (3 replicas), 1 client",502,0.9608999826014042
"Quorum (3 replicas), 1 client",503,0.998999981675297
"Quorum (3 replicas), 1 client",504,0.8976999670267105
"Quorum (3 replicas), 1 client",505,0.9383999858982861
"Quorum (3 replicas), 1 client",506,0.9411000064574182
"Quorum (3 replicas), 1 client",507,1.0777999996207654
"Quorum (3 replicas), 1 client",508,1.1191999656148255
"Quorum (3 replicas), 1 client",509,0.9793000062927604
"Quorum (3 replicas), 1 client",510,1.1277000303380191
"Quorum (3 replicas), 1 client",511,0.9510999661870301
"Quorum (3 replicas), 1 client",512,0.9774999925866723
"Quorum (3 replicas), 1 client",513,1.0019000037573278
"Quorum (3 replicas), 1 client",514,1.0614999919198453
"Quorum (3 replicas), 1 client",515,0.9845999884419143
"Quorum (3 replicas), 1 client",516,0.9682999807409942
"Quorum (3 replicas), 1 client",517,0.9293999755755067
"Quorum (3 replicas), 1 client",518,1.0104000102728605
"Quorum (3 replicas), 1 client",519,1.0535000474192202
"Quorum (3 replicas), 1 client",520,1.038899994455278
"Quorum (3 replicas), 1 client",521,0.977399991825223
"Quorum (3 replicas), 1 client",522,1.0685999877750874
"Quorum (3 replicas), 1 client",523,1.0380999883636832
"Quorum (3 replicas), 1 client",524,0.9802000131458044
"Quorum (3 replicas), 1 client",525,1.0115999612025917
"Quorum (3 replicas), 1 client",526,1.0110000148415565
"Quorum (3 replicas), 1 client",527,0.908799993339926
"Quorum (3 replicas), 1 client",528,0.9270000155083835
"Quorum (3 replicas), 1 client",529,0.9490000084042549
"Quorum (3 replicas), 1 client",530,1.0147999855689704
"Quorum (3 replicas), 1 client",531,1.0160999954678118
"Quorum (3 replicas), 1 client",532,0.9884000173769891
"Quorum (3 replicas), 1 client",533,0.979200005531311
"Quorum (3 replicas), 1 client",534,0.9624999947845936
"Quorum (3 replicas), 1 client",535,1.061400049366057
"Quorum (3 replicas), 1 client",536,0.9566000080667436
"Quorum (3 replicas), 1 client",537,0.9769999887794256
"Quorum (3 replicas), 1 client",538,1.1024000123143196
"Quorum (3 replicas), 1 client",539,0.9272000170312822
"Quorum (3 replicas), 1 client",540,0.9377999813295901
"Quorum (3 replicas), 1 client",541,1.0002999915741384
"Quorum (3 replicas), 1 client",542,0.9668999700807035
"Quorum (3 replicas), 1 client",543,0.9553999989293516
"Quorum (3 replicas), 1 client",544,0.985099992249161
"Quorum (3 replicas), 1 client",545,0.9816999663598835
"Quorum (3 replicas), 1 client",546,0.992799992673099
"Quorum (3 replicas), 1 client",547,1.012600027024746
"Quorum (3 replicas), 1 client",548,0.9599000331945717
"Quorum (3 replicas), 1 client",549,0.9698999929241836
"Quorum (3 replicas), 1 client",550,0.9832000359892845
"Quorum (3 replicas), 1 client",551,0.9814999648369849
"Quorum (3 replicas), 1 client",552,0.9394999942742288
"Quorum (3 replicas), 1 client",553,1.0172000038437545
"Quorum (3 replicas), 1 client",554,1.0721000144258142
"Quorum (3 replicas), 1 client",555,0.9339000098407269
"Quorum (3 replicas), 1 client",556,1.0278999689035118
"Quorum (3 replicas), 1 client",557,0.9523999760858715
"Quorum (3 replicas), 1 client",558,0.9422000148333609
"Quorum (3 replicas), 1 client",559,1.000499993097037
"Quorum (3 replicas), 1 client",560,0.9956000139936805
"Quorum (3 replicas), 1 client",561,0.9170999983325601
"Quorum (3 replicas), 1 client",562,0.9663999662734568
"Quorum (3 replicas), 1 client",563,1.1399000068195164
"Quorum (3 replicas), 1 client",564,1.0537999914959073
"Quorum (3 replicas), 1 client",565,0.9612999856472015
"Quorum (3 replicas), 1 client",566,1.005499972961843
"Quorum (3 replicas), 1 client",567,0.9972999687306583
"Quorum (3 replicas), 1 client",568,1.018500013742596
"Quorum (3 replicas), 1 client",569,1.0718999546952546
"Quorum (3 replicas), 1 client",570,1.024700002744794
"Quorum (3 replicas), 1 client",571,0.9825999732129276
"Quorum (3 replicas), 1 client",572,1.0334000107832253
"Quorum (3 replicas), 1 client",573,0.9278999641537666
"Quorum (3 replicas), 1 client",574,0.965300016105175
"Quorum (3 replicas), 1 client",575,0.9559000027365983
"Quorum (3 replicas), 1 client",576,1.0482000070624053
"Quorum (3 replicas), 1 client",577,1.0795000125654042
"Quorum (3 replicas), 1 client",578,1.0205000289715827
"Quorum (3 replicas), 1 client",579,1.0092000011354685
"Quorum (3 replicas), 1 client",580,1.04310002643615
"Quorum (3 replicas), 1 client",581,0.9464999893680215
"Quorum (3 replicas), 1 client",582,0.936599972192198
"Quorum (3 replicas), 1 client",583,0.9487000061199069
"Quorum (3 replicas), 1 client",584,0.9837999823503196
"Quorum (3 replicas), 1 client",585,1.1132999788969755
"Quorum (3 replicas), 1 client",586,0.9827999747358263
"Quorum (3 replicas), 1 client",587,0.9487000061199069
"Quorum (3 replicas), 1 client",588,1.0081999935209751
"Quorum (3 replicas), 1 client",589,0.9462000452913344
"Quorum (3 replicas), 1 client",590,0.9252000018022954
"Quorum (3 replicas), 1 client",591,0.985099992249161
"Quorum (3 replicas), 1 client",592,0.9470999939367175
"Quorum (3 replicas), 1 client",593,1.055200002156198
"Quorum (3 replicas), 1 client",594,1.0091000003740191
"Quorum (3 replicas), 1 client",595,0.9876999538391829
"Quorum (3 replicas), 1 client",596,1.0575000196695328
"Quorum (3 replicas), 1 client",597,1.0228999890387058
"Quorum (3 replicas), 1 client",598,1.0354999685660005
"Quorum (3 replicas), 1 client",599,0.985399994533509
"Quorum (3 replicas), 1 client",600,1.0442999773658812
"Quorum (3 replicas), 1 client",601,1.0195999639108777
"Quorum (3 replicas), 1 client",602,0.9609000408090651
"Quorum (3 replicas), 1 client",603,0.9342000121250749
"Quorum (3 replicas), 1 client",604,0.9928999934345484
"Quorum (3 replicas), 1 client",605,0.9845999884419143
"Quorum (3 replicas), 1 client",606,0.9597999742254615
"Quorum (3 replicas), 1 client",607,0.9067999781109393
"Quorum (3 replicas), 1 client",608,0.9473999962210655
"Quorum (3 replicas), 1 client",609,0.9696999914012849
"Quorum (3 replicas), 1 client",610,1.033600012306124
"Quorum (3 replicas), 1 client",611,0.9875000105239451
"Quorum (3 replicas), 1 client",612,1.033300010021776
"Quorum (3 replicas), 1 client",613,1.0315999970771372
"Quorum (3 replicas), 1 client",614,0.9375999798066914
"Quorum (3 replicas), 1 client",615,0.9785000002011657
"Quorum (3 replicas), 1 client",616,1.0309999925084412
"Quorum (3 replicas), 1 client",617,1.1504999711178243
"Quorum (3 replicas), 1 client",618,0.9978000307455659
"Quorum (3 replicas), 1 client",619,0.9729000157676637
"Quorum (3 replicas), 1 client",620,0.9396999957971275
"Quorum (3 replicas), 1 client",621,1.004599966108799
"Quorum (3 replicas), 1 client",622,0.9122000192292035
"Quorum (3 replicas), 1 client",623,0.9605999803170562
"Quorum (3 replicas), 1 client",624,1.019399962387979
"Quorum (3 replicas), 1 client",625,0.9467999916523695
"Quorum (3 replicas), 1 client",626,1.0159999947063625
"Quorum (3 replicas), 1 client",627,0.9607999818399549
"Quorum (3 replicas), 1 client",628,1.0027000098489225
"Quorum (3 replicas), 1 client",629,0.977999996393919
"Quorum (3 replicas), 1 client",630,1.0082999942824244
"Quorum (3 replicas), 1 client",631,0.9597000316716731
"Quorum (3 replicas), 1 client",632,1.0817000293172896
"Quorum (3 replicas), 1 client",633,1.0506999678909779
"Quorum (3 replicas), 1 client",634,0.9021000005304813
"Quorum (3 replicas), 1 client",635,0.9301999816671014
"Quorum (3 replicas), 1 client",636,0.9950000094249845
"Quorum (3 replicas), 1 client",637,0.9760000393725932
"Quorum (3 replicas), 1 client",638,0.9693999891169369
"Quorum (3 replicas), 1 client",639,0.9944999474100769
"Quorum (3 replicas), 1 client",640,0.992799992673099
"Quorum (3 replicas), 1 client",641,0.9957000147551298
"Quorum (3 replicas), 1 client",642,0.9907999774441123
"Quorum (3 replicas), 1 client",643,0.9101000032387674
"Quorum (3 replicas), 1 client",644,0.9486000053584576
"Quorum (3 replicas), 1 client",645,0.9981000330299139
"Quorum (3 replicas), 1 client",646,1.012900029309094
"Quorum (3 replicas), 1 client",647,1.0034999577328563
"Quorum (3 replicas), 1 client",648,0.9872000082395971
"Quorum (3 replicas), 1 client",649,1.0852999985218048
"Quorum (3 replicas), 1 client",650,0.9364000288769603
"Quorum (3 replicas), 1 client",651,0.9301999816671014
"Quorum (3 replicas), 1 client",652,0.9747999720275402
"Quorum (3 replicas), 1 client",653,0.9981999755837023
"Quorum (3 replicas), 1 client",654,1.0215999791398644
"Quorum (3 replicas), 1 client",655,0.9796000085771084
"Quorum (3 replicas), 1 client",656,1.0242999996989965
"Quorum (3 replicas), 1 client",657,0.9639000054448843
"Quorum (3 replicas), 1 client",658,0.9321999968960881
"Quorum (3 replicas), 1 client",659,0.9308999869972467
"Quorum (3 replicas), 1 client",660,0.9106000070460141
"Quorum (3 replicas), 1 client",661,1.059599977452308
"Quorum (3 replicas), 1 client",662,1.1165000032633543
"Quorum (3 replicas), 1 client",663,1.0496999602764845
"Quorum (3 replicas), 1 client",664,1.0432999697513878
"Quorum (3 replicas), 1 client",665,1.0397000005468726
"Quorum (3 replicas), 1 client",666,0.9729000157676637
"Quorum (3 replicas), 1 client",667,0.9748000302352011
"Quorum (3 replicas), 1 client",668,0.976799987256527
"Quorum (3 replicas), 1 client",669,1.0952999582514167
"Quorum (3 replicas), 1 client",670,0.9849999914877117
"Quorum (3 replicas), 1 client",671,1.0144999832846224
"Quorum (3 replicas), 1 client",672,0.957600015681237
"Quorum (3 replicas), 1 client",673,0.9120999602600932
"Quorum (3 replicas), 1 client",674,0.9463999886065722
"Quorum (3 replicas), 1 client",675,0.984499987680465
"Quorum (3 replicas), 1 client",676,0.9616999886929989
"Quorum (3 replicas), 1 client",677,1.0264000156894326
"Quorum (3 replicas), 1 client",678,0.9324999991804361
"Quorum (3 replicas), 1 client",679,0.9872000082395971
"Quorum (3 replicas), 1 client",680,1.0508999694138765
"Quorum (3 replicas), 1 client",681,0.9926999919116497
"Quorum (3 replicas), 1 client",682,0.9756999788805842
"Quorum (3 replicas), 1 client",683,0.9817000245675445
"Quorum (3 replicas), 1 client",684,0.9696999914012849
"Quorum (3 replicas), 1 client",685,0.9945000056177378
"Quorum (3 replicas), 1 client",686,0.9867000044323504
"Quorum (3 replicas), 1 client",687,0.992199988104403
"Quorum (3 replicas), 1 client",688,1.0232999920845032
"Quorum (3 replicas), 1 client",689,0.9827999747358263
"Quorum (3 replicas), 1 client",690,1.013799977954477
"Quorum (3 replicas), 1 client",691,0.9716000058688223
"Quorum (3 replicas), 1 client",692,0.991299981251359
"Quorum (3 replicas), 1 client",693,1.0139999794773757
"Quorum (3 replicas), 1 client",694,0.9697999921627343
"Quorum (3 replicas), 1 client",695,1.090699981432408
"Quorum (3 replicas), 1 client",696,1.0371999815106392
"Quorum (3 replicas), 1 client",697,1.066399971023202
"Quorum (3 replicas), 1 client",698,1.007299986667931
"Quorum (3 replicas), 1 client",699,1.0061999782919884
"Quorum (3 replicas), 1 client",700,0.9603000362403691
"Quorum (3 replicas), 1 client",701,0.9824000298976898
"Quorum (3 replicas), 1 client",702,0.9277999633923173
"Quorum (3 replicas), 1 client",703,0.935999967623502
"Quorum (3 replicas), 1 client",704,0.9971000254154205
"Quorum (3 replicas), 1 client",705,0.997199967969209
"Quorum (3 replicas), 1 client",706,0.9800000116229057
"Quorum (3 replicas), 1 client",707,0.9764000424183905
"Quorum (3 replicas), 1 client",708,0.9705000557005405
"Quorum (3 replicas), 1 client",709,0.9999999892897904
"Quorum (3 replicas), 1 client",710,0.9339000098407269
"Quorum (3 replicas), 1 client",711,0.9885999606922269
"Quorum (3 replicas), 1 client",712,1.0596000356599689
"Quorum (3 replicas), 1 client",713,0.9935999987646937
"Quorum (3 replicas), 1 client",714,0.9845999884419143
"Quorum (3 replicas), 1 client",715,0.9133000276051462
"Quorum (3 replicas), 1 client",716,0.9317999938502908
"Quorum (3 replicas), 1 client",717,1.0111000156030059
"Quorum (3 replicas), 1 client",718,1.0170000023208559
"Quorum (3 replicas), 1 client",719,1.0205000289715827
"Quorum (3 replicas), 1 client",720,0.9659999632276595
"Quorum (3 replicas), 1 client",721,1.0019000037573278
"Quorum (3 replicas), 1 client",722,0.9547999943606555
"Quorum (3 replicas), 1 client",723,0.9630999993532896
"Quorum (3 replicas), 1 client",724,0.958800024818629
"Quorum (3 replicas), 1 client",725,0.9931999957188964
"Quorum (3 replicas), 1 client",726,0.9517999715171754
"Quorum (3 replicas), 1 client",727,1.012299966532737
"Quorum (3 replicas), 1 client",728,1.1381999938748777
"Quorum (3 replicas), 1 client",729,1.0554000036790967
"Quorum (3 replicas), 1 client",730,0.9757999796420336
"Quorum (3 replicas), 1 client",731,0.9673999738879502
"Quorum (3 replicas), 1 client",732,0.984499987680465
"Quorum (3 replicas), 1 client",733,0.9846999892033637
"Quorum (3 replicas), 1 client",734,0.9888000204227865
"Quorum (3 replicas), 1 client",735,0.9572000126354396
"Quorum (3 replicas), 1 client",736,0.9238999919034541
"Quorum (3 replicas), 1 client",737,1.0420999606139958
"Quorum (3 replicas), 1 client",738,0.9696999914012849
"Quorum (3 replicas), 1 client",739,0.9354000212624669
"Quorum (3 replicas), 1 client",740,1.0164999985136092
"Quorum (3 replicas), 1 client",741,0.965600018389523
"Quorum (3 replicas), 1 client",742,0.9610999841243029
"Quorum (3 replicas), 1 client",743,0.9810000192373991
"Quorum (3 replicas), 1 client",744,1.1118000256828964
"Quorum (3 replicas), 1 client",745,1.0868000099435449
"Quorum (3 replicas), 1 client",746,1.0455000447109342
"Quorum (3 replicas), 1 client",747,1.0730000212788582
"Quorum (3 replicas), 1 client",748,0.9420999558642507
"Quorum (3 replicas), 1 client",749,1.0799000156112015
"Quorum (3 replicas), 1 client",750,1.0451999842189252
"Quorum (3 replicas), 1 client",751,0.9938000002875924
"Quorum (3 replicas), 1 client",752,0.9850000496953726
"Quorum (3 replicas), 1 client",753,0.9927000501193106
"Quorum (3 replicas), 1 client",754,0.9771999903023243
"Quorum (3 replicas), 1 client",755,0.9929999941959977
"Quorum (3 replicas), 1 client",756,1.0142999817617238
"Quorum (3 replicas), 1 client",757,1.0326000046916306
"Quorum (3 replicas), 1 client",758,1.070600003004074
"Quorum (3 replicas), 1 client",759,1.079699955880642
"Quorum (3 replicas), 1 client",760,1.0444999788887799
"Quorum (3 replicas), 1 client",761,1.0843999916687608
"Quorum (3 replicas), 1 client",762,0.9932999964803457
"Quorum (3 replicas), 1 client",763,0.9985999786294997
"Quorum (3 replicas), 1 client",764,0.9920999873429537
"Quorum (3 replicas), 1 client",765,0.9405000018887222
"Quorum (3 replicas), 1 client",766,1.04750000173226
"Quorum (3 replicas), 1 client",767,0.9826000314205885
"Quorum (3 replicas), 1 client",768,0.9550999966450036
"Quorum (3 replicas), 1 client",769,1.1107000173069537
"Quorum (3 replicas), 1 client",770,1.006999984383583
"Quorum (3 replicas), 1 client",771,0.9168999968096614
"Quorum (3 replicas), 1 client",772,0.9537999867461622
"Quorum (3 replicas), 1 client",773,0.9345999569632113
"Quorum (3 replicas), 1 client",774,1.0179000091739
"Quorum (3 replicas), 1 client",775,1.0981999803334475
"Quorum (3 replicas), 1 client",776,0.9559000027365983
"Quorum (3 replicas), 1 client",777,1.0551000013947487
"Quorum (3 replicas), 1 client",778,1.0019000037573278
"Quorum (3 replicas), 1 client",779,0.9716000058688223
"Quorum (3 replicas), 1 client",780,0.9883999591693282
"Quorum (3 replicas), 1 client",781,0.9138000314123929
"Quorum (3 replicas), 1 client",782,1.011400017887354
"Quorum (3 replicas), 1 client",783,1.0082999942824244
"Quorum (3 replicas), 1 client",784,0.9507999639026821
"Quorum (3 replicas), 1 client",785,0.9636000031605363
"Quorum (3 replicas), 1 client",786,0.9147999808192253
"Quorum (3 replicas), 1 client",787,0.964400009252131
"Quorum (3 replicas), 1 client",788,0.9680999792180955
"Quorum (3 replicas), 1 client",789,0.9655999601818621
"Quorum (3 replicas), 1 client",790,1.0238999966531992
"Quorum (3 replicas), 1 client",791,1.1065999860875309
"Quorum (3 replicas), 1 client",792,0.9788000024855137
"Quorum (3 replicas), 1 client",793,1.3084999518468976
"Quorum (3 replicas), 1 client",794,1.0368000366725028
"Quorum (3 replicas), 1 client",795,0.9977000299841166
"Quorum (3 replicas), 1 client",796,0.9669000282883644
"Quorum (3 replicas), 1 client",797,0.9584999643266201
"Quorum (3 replicas), 1 client",798,0.9887000196613371
"Quorum (3 replicas), 1 client",799,1.046899997163564
"Quorum (3 replicas), 1 client",800,0.9314999915659428
"Quorum (3 replicas), 1 client",801,0.9619999909773469
"Quorum (3 replicas), 1 client",802,0.9764999849721789
"Quorum (3 replicas), 1 client",803,1.0266000172123313
"Quorum (3 replicas), 1 client",804,0.9985999786294997
"Quorum (3 replicas), 1 client",805,1.003999961540103
"Quorum (3 replicas), 1 client",806,0.9701999952085316
"Quorum (3 replicas), 1 client",807,0.9978999732993543
"Quorum (3 replicas), 1 client",808,0.9686000412330031
"Quorum (3 replicas), 1 client",809,0.9886000188998878
"Quorum (3 replicas), 1 client",810,1.06380000943318
"Quorum (3 replicas), 1 client",811,0.9886000188998878
"Quorum (3 replicas), 1 client",812,0.999299983959645
"Quorum (3 replicas), 1 client",813,0.9975999710150063
"Quorum (3 replicas), 1 client",814,1.005500031169504
"Quorum (3 replicas), 1 client",815,0.957600015681237
"Quorum (3 replicas), 1 client",816,0.9829999762587249
"Quorum (3 replicas), 1 client",817,0.9830999770201743
"Quorum (3 replicas), 1 client",818,1.0103000095114112
"Quorum (3 replicas), 1 client",819,0.9314999915659428
"Quorum (3 replicas), 1 client",820,0.9470999939367175
"Quorum (3 replicas), 1 client",821,0.9584000217728317
"Quorum (3 replicas), 1 client",822,0.997499970253557
"Quorum (3 replicas), 1 client",823,0.9953000117093325
"Quorum (3 replicas), 1 client",824,0.9746999712660909
"Quorum (3 replicas), 1 client",825,0.9509999654255807
"Quorum (3 replicas), 1 client",826,1.0044000227935612
"Quorum (3 replicas), 1 client",827,1.0219999821856618
"Quorum (3 replicas), 1 client",828,1.0384999914094806
"Quorum (3 replicas), 1 client",829,0.9894000249914825
"Quorum (3 replicas), 1 client",830,1.0550000006332994
"Quorum (3 replicas), 1 client",831,1.0628000018186867
"Quorum (3 replicas), 1 client",832,0.9215000318363309
"Quorum (3 replicas), 1 client",833,0.9530000388622284
"Quorum (3 replicas), 1 client",834,1.0529999854043126
"Quorum (3 replicas), 1 client",835,0.9525999776087701
"Quorum (3 replicas), 1 client",836,1.0219999821856618
"Quorum (3 replicas), 1 client",837,1.0005999938584864
"Quorum (3 replicas), 1 client",838,1.1065000435337424
"Quorum (3 replicas), 1 client",839,1.025600009597838
"Quorum (3 replicas), 1 client",840,1.005500031169504
"Quorum (3 replicas), 1 client",841,0.9692999883554876
"Quorum (3 replicas), 1 client",842,0.9996999870054424
"Quorum (3 replicas), 1 client",843,1.0959000210277736
"Quorum (3 replicas), 1 client",844,1.0173000046052039
"Quorum (3 replicas), 1 client",845,1.0053000296466053
"Quorum (3 replicas), 1 client",846,1.026499958243221
"Quorum (3 replicas), 1 client",847,1.0016000014729798
"Quorum (3 replicas), 1 client",848,0.903200008906424
"Quorum (3 replicas), 1 client",849,1.0718000121414661
"Quorum (3 replicas), 1 client",850,1.0359999723732471
"Quorum (3 replicas), 1 client",851,0.9034000104293227
"Quorum (3 replicas), 1 client",852,0.9658999624662101
"Quorum (3 replicas), 1 client",853,1.083599985577166
"Quorum (3 replicas), 1 client",854,0.9258000063709915
"Quorum (3 replicas), 1 client",855,1.0064999805763364
"Quorum (3 replicas), 1 client",856,0.9346999577246606
"Quorum (3 replicas), 1 client",857,0.9491000091657043
"Quorum (3 replicas), 1 client",858,0.9560000034980476
"Quorum (3 replicas), 1 client",859,0.908499991055578
"Quorum (3 replicas), 1 client",860,1.0305000469088554
"Quorum (3 replicas), 1 client",861,0.9842999861575663
"Quorum (3 replicas), 1 client",862,0.9935999987646937
"Quorum (3 replicas), 1 client",863,0.9415000095032156
"Quorum (3 replicas), 1 client",864,0.9772999910637736
"Quorum (3 replicas), 1 client",865,0.9080999880097806
"Quorum (3 replicas), 1 client",866,1.0186000145040452
"Quorum (3 replicas), 1 client",867,1.0738000273704529
"Quorum (3 replicas), 1 client",868,1.073199964594096
"Quorum (3 replicas), 1 client",869,0.9758999804034829
"Quorum (3 replicas), 1 client",870,1.0585000272840261
"Quorum (3 replicas), 1 client",871,0.9766999864950776
"Quorum (3 replicas), 1 client",872,0.943400023970753
"Quorum (3 replicas), 1 client",873,1.0124999680556357
"Quorum (3 replicas), 1 client",874,0.9209999698214233
"Quorum (3 replicas), 1 client",875,0.923599989619106
"Quorum (3 replicas), 1 client",876,1.0214000358246267
"Quorum (3 replicas), 1 client",877,1.0739000281319022
"Quorum (3 replicas), 1 client",878,0.9302999824285507
"Quorum (3 replicas), 1 client",879,0.9601999772712588
"Quorum (3 replicas), 1 client",880,0.9944000048562884
"Quorum (3 replicas), 1 client",881,1.0186000145040452
"Quorum (3 replicas), 1 client",882,0.9886000188998878
"Quorum (3 replicas), 1 client",883,0.9322999976575375
"Quorum (3 replicas), 1 client",884,0.9714000043459237
"Quorum (3 replicas), 1 client",885,1.0919999913312495
"Quorum (3 replicas), 1 client",886,1.0233999928459525
"Quorum (3 replicas), 1 client",887,1.0566999553702772
"Quorum (3 replicas), 1 client",888,0.9965000208467245
"Quorum (3 replicas), 1 client",889,1.04599999031052
"Quorum (3 replicas), 1 client",890,1.025600009597838
"Quorum (3 replicas), 1 client",891,1.0011999984271824
"Quorum (3 replicas), 1 client",892,0.9978999732993543
"Quorum (3 replicas), 1 client",893,0.978900003246963
"Quorum (3 replicas), 1 client",894,1.0095000034198165
"Quorum (3 replicas), 1 client",895,0.9612000430934131
"Quorum (3 replicas), 1 client",896,0.9995000436902046
"Quorum (3 replicas), 1 client",897,1.0420000180602074
"Quorum (3 replicas), 1 client",898,0.9914999827742577
"Quorum (3 replicas), 1 client",899,1.069099991582334
"Quorum (3 replicas), 1 client",900,1.0261000134050846
"Quorum (3 replicas), 1 client",901,0.9506000205874443
"Quorum (3 replicas), 1 client",902,0.9905999759212136
"Quorum (3 replicas), 1 client",903,0.9500000160187483
"Quorum (3 replicas), 1 client",904,0.9921000455506146
"Quorum (3 replicas), 1 client",905,0.9445000323466957
"Quorum (3 replicas), 1 client",906,0.9370999759994447
"Quorum (3 replicas), 1 client",907,1.0217999806627631
"Quorum (3 replicas), 1 client",908,0.9962000185623765
"Quorum (3 replicas), 1 client",909,1.0853999992832541
"Quorum (3 replicas), 1 client",910,1.0198000236414373
"Quorum (3 replicas), 1 client",911,0.9804000146687031
"Quorum (3 replicas), 1 client",912,0.9697999921627343
"Quorum (3 replicas), 1 client",913,1.0928999981842935
"Quorum (3 replicas), 1 client",914,1.0726999607868493
"Quorum (3 replicas), 1 client",915,0.9686999837867916
"Quorum (3 replicas), 1 client",916,0.9330000029876828
"Quorum (3 replicas), 1 client",917,1.0109999566338956
"Quorum (3 replicas), 1 client",918,0.9356000227853656
"Quorum (3 replicas), 1 client",919,0.9723999537527561
"Quorum (3 replicas), 1 client",920,1.0196000221185386
"Quorum (3 replicas), 1 client",921,0.9773000492714345
"Quorum (3 replicas), 1 client",922,0.9765000431798398
"Quorum (3 replicas), 1 client",923,1.0100000072270632
"Quorum (3 replicas), 1 client",924,0.9531999821774662
"Quorum (3 replicas), 1 client",925,1.0234999936074018
"Quorum (3 replicas), 1 client",926,1.0353999678045511
"Quorum (3 replicas), 1 client",927,1.094800012651831
"Quorum (3 replicas), 1 client",928,0.9793000062927604
"Quorum (3 replicas), 1 client",929,1.074100029654801
"Quorum (3 replicas), 1 client",930,0.9833999793045223
"Quorum (3 replicas), 1 client",931,1.0369999799877405
"Quorum (3 replicas), 1 client",932,0.9814999648369849
"Quorum (3 replicas), 1 client",933,0.971200002823025
"Quorum (3 replicas), 1 client",934,1.0026000090874732
"Quorum (3 replicas), 1 client",935,0.9744000271894038
"Quorum (3 replicas), 1 client",936,0.9901999728754163
"Quorum (3 replicas), 1 client",937,1.0113000171259046
"Quorum (3 replicas), 1 client",938,1.0743000311776996
"Quorum (3 replicas), 1 client",939,0.9608999826014042
"Quorum (3 replicas), 1 client",940,0.9237999911420047
"Quorum (3 replicas), 1 client",941,0.9653999586589634
"Quorum (3 replicas), 1 client",942,1.0383999906480312
"Quorum (3 replicas), 1 client",943,0.9462999878451228
"Quorum (3 replicas), 1 client",944,0.9673999738879502
"Quorum (3 replicas), 1 client",945,0.9525000350549817
"Quorum (3 replicas), 1 client",946,1.042200019583106
"Quorum (3 replicas), 1 client",947,1.0328000062145293
"Quorum (3 replicas), 1 client",948,1.0072000441141427
"Quorum (3 replicas), 1 client",949,1.1609999928623438
"Quorum (3 replicas), 1 client",950,1.0221999837085605
"Quorum (3 replicas), 1 client",951,0.9628999978303909
"Quorum (3 replicas), 1 client",952,0.9936999995261431
"Quorum (3 replicas), 1 client",953,1.0300999856553972
"Quorum (3 replicas), 1 client",954,1.0299999848939478
"Quorum (3 replicas), 1 client",955,0.9548999951221049
"Quorum (3 replicas), 1 client",956,0.9518999722786248
"Quorum (3 replicas), 1 client",957,0.996899965684861
"Quorum (3 replicas), 1 client",958,1.0913999867625535
"Quorum (3 replicas), 1 client",959,1.3770000077784061
"Quorum (3 replicas), 1 client",960,1.0165999992750585
"Quorum (3 replicas), 1 client",961,1.1683999910019338
"Quorum (3 replicas), 1 client",962,1.1628000065684319
"Quorum (3 replicas), 1 client",963,1.0226999875158072
"Quorum (3 replicas), 1 client",964,1.0343000176362693
"Quorum (3 replicas), 1 client",965,0.9895000257529318
"Quorum (3 replicas), 1 client",966,1.0380999883636832
"Quorum (3 replicas), 1 client",967,0.9819999686442316
"Quorum (3 replicas), 1 client",968,1.0529999854043126
"Quorum (3 replicas), 1 client",969,1.0095000034198165
"Quorum (3 replicas), 1 client",970,1.0871000122278929
"Quorum (3 replicas), 1 client",971,1.0786000057123601
"Quorum (3 replicas), 1 client",972,0.9944000048562884
"Quorum (3 replicas), 1 client",973,1.0233999928459525
"Quorum (3 replicas), 1 client",974,1.013800036162138
"Quorum (3 replicas), 1 client",975,1.0605000425130129
"Quorum (3 replicas), 1 client",976,1.091300044208765
"Quorum (3 replicas), 1 client",977,1.0376000427640975
"Quorum (3 replicas), 1 client",978,0.9626999963074923
"Quorum (3 replicas), 1 client",979,1.0218999814242125
"Quorum (3 replicas), 1 client",980,1.032400003168732
"Quorum (3 replicas), 1 client",981,1.0152999893762171
"Quorum (3 replicas), 1 client",982,0.9911999804899096
"Quorum (3 replicas), 1 client",983,1.021499978378415
"Quorum (3 replicas), 1 client",984,1.063500007148832
"Quorum (3 replicas), 1 client",985,1.087699958588928
"Quorum (3 replicas), 1 client",986,1.02530000731349
"Quorum (3 replicas), 1 client",987,1.0002999915741384
"Quorum (3 replicas), 1 client",988,1.0336999548599124
"Quorum (3 replicas), 1 client",989,1.0344000183977187
"Quorum (3 replicas), 1 client",990,1.0531999869272113
"Quorum (3 replicas), 1 client",991,1.1094999499619007
"Quorum (3 replicas), 1 client",992,1.0995999909937382
"Quorum (3 replicas), 1 client",993,1.027100021019578
"Quorum (3 replicas), 1 client",994,1.0713000083342195
"Quorum (3 replicas), 1 client",995,1.0249000042676926
"Quorum (3 replicas), 1 client",996,1.0291999788023531
"Quorum (3 replicas), 1 client",997,1.0248000035062432
"Quorum (3 replicas), 1 client",998,1.007299986667931
"Quorum (3 replicas), 1 client",999,1.0404999484308064
"Quorum (3 replicas), 1 client",1000,1.048700010869652
"Quorum (3 replicas), 1 client",1001,1.014699984807521
"Quorum (3 replicas), 1 client",1002,0.9772999910637736
"Quorum (3 replicas), 1 client",1003,0.9935999987646937
"Quorum (3 replicas), 1 client",1004,1.0430000256747007
"Quorum (3 replicas), 1 client",1005,1.131500001065433
"Quorum (3 replicas), 1 client",1006,1.0708999470807612
"Quorum (3 replicas), 1 client",1007,1.061699993442744
"Quorum (3 replicas), 1 client",1008,0.9866000036709011
"Quorum (3 replicas), 1 client",1009,1.0299999848939478
"Quorum (3 replicas), 1 client",1010,1.0380999883636832
"Quorum (3 replicas), 1 client",1011,1.0502999648451805
"Quorum (3 replicas), 1 client",1012,0.9307999862357974
"Quorum (3 replicas), 1 client",1013,0.9871000074781477
"Quorum (3 replicas), 1 client",1014,0.9821999701671302
"Quorum (3 replicas), 1 client",1015,1.0512000299058855
"Quorum (3 replicas), 1 client",1016,1.070600003004074
"Quorum (3 replicas), 1 client",1017,1.0402000043541193
"Quorum (3 replicas), 1 client",1018,1.019099960103631
"Quorum (3 replicas), 1 client",1019,0.9940000018104911
"Quorum (3 replicas), 1 client",1020,1.0763999889604747
"Quorum (3 replicas), 1 client",1021,1.7448999569751322
"Quorum (3 replicas), 1 client",1022,1.1144999880343676
"Quorum (3 replicas), 1 client",1023,1.0623999987728894
"Quorum (3 replicas), 1 client",1024,1.0022000060416758
"Quorum (3 replicas), 1 client",1025,1.0334999533370137
"Quorum (3 replicas), 1 client",1026,1.0362000321038067
"Quorum (3 replicas), 1 client",1027,1.0157000506296754
"Quorum (3 replicas), 1 client",1028,0.9945000056177378
"Quorum (3 replicas), 1 client",1029,1.0492000146768987
"Quorum (3 replicas), 1 client",1030,1.0750999790616333
"Quorum (3 replicas), 1 client",1031,1.0470999986864626
"Quorum (3 replicas), 1 client",1032,1.0652000200934708
"Quorum (3 replicas), 1 client",1033,0.998399977106601
"Quorum (3 replicas), 1 client",1034,1.0353000252507627
"Quorum (3 replicas), 1 client",1035,1.0998999932780862
"Quorum (3 replicas), 1 client",1036,1.1661999742500484
"Quorum (3 replicas), 1 client",1037,1.0521000367589295
"Quorum (3 replicas), 1 client",1038,1.0051000281237066
"Quorum (3 replicas), 1 client",1039,1.0034999577328563
"Quorum (3 replicas), 1 client",1040,1.0229999898001552
"Quorum (3 replicas), 1 client",1041,1.0135999764315784
"Quorum (3 replicas), 1 client",1042,1.033300010021776
"Quorum (3 replicas), 1 client",1043,1.0421999613754451
"Quorum (3 replicas), 1 client",1044,1.0956000187434256
"Quorum (3 replicas), 1 client",1045,1.0439999750815332
"Quorum (3 replicas), 1 client",1046,1.0234999936074018
"Quorum (3 replicas), 1 client",1047,1.000799995381385
"Quorum (3 replicas), 1 client",1048,1.0184000129811466
"Quorum (3 replicas), 1 client",1049,1.0094000026583672
"Quorum (3 replicas), 1 client",1050,1.026200014166534
"Quorum (3 replicas), 1 client",1051,1.172600022982806
"Quorum (3 replicas), 1 client",1052,1.0656999656930566
"Quorum (3 replicas), 1 client",1053,1.0603999835439026
"Quorum (3 replicas), 1 client",1054,0.979200005531311
"Quorum (3 replicas), 1 client",1055,1.0349999647587538
"Quorum (3 replicas), 1 client",1056,1.0358999716117978
"Quorum (3 replicas), 1 client",1057,0.9738000226207078
"Quorum (3 replicas), 1 client",1058,0.9741999674588442
"Quorum (3 replicas), 1 client",1059,1.0340000153519213
"Quorum (3 replicas), 1 client",1060,1.0392999975010753
"Quorum (3 replicas), 1 client",1061,0.9907000348903239
"Quorum (3 replicas), 1 client",1062,1.0071000433526933
"Quorum (3 replicas), 1 client",1063,0.9464000468142331
"Quorum (3 replicas), 1 client",1064,1.076200045645237
"Quorum (3 replicas), 1 client",1065,1.0111000156030059
"Quorum (3 replicas), 1 client",1066,1.2150999973528087
"Quorum (3 replicas), 1 client",1067,1.2252999586053193
"Quorum (3 replicas), 1 client",1068,1.041300012730062
"Quorum (3 replicas), 1 client",1069,0.978600000962615
"Quorum (3 replicas), 1 client",1070,0.9933999972417951
"Quorum (3 replicas), 1 client",1071,1.0994999902322888
"Quorum (3 replicas), 1 client",1072,1.0372999822720885
"Quorum (3 replicas), 1 client",1073,1.0018000029958785
"Quorum (3 replicas), 1 client",1074,1.0115000186488032
"Quorum (3 replicas), 1 client",1075,0.9933999972417951
"Quorum (3 replicas), 1 client",1076,0.9860999998636544
"Quorum (3 replicas), 1 client",1077,1.0025000083260238
"Quorum (3 replicas), 1 client",1078,1.0276000248268247
"Quorum (3 replicas), 1 client",1079,0.9680999792180955
"Quorum (3 replicas), 1 client",1080,0.9919999865815043
"Quorum (3 replicas), 1 client",1081,1.0110000148415565
"Quorum (3 replicas), 1 client",1082,0.9775999933481216
"Quorum (3 replicas), 1 client",1083,1.1534999939613044
"Quorum (3 replicas), 1 client",1084,1.1035000206902623
"Quorum (3 replicas), 1 client",1085,0.9831000352278352
"Quorum (3 replicas), 1 client",1086,1.038299989886582
"Quorum (3 replicas), 1 client",1087,0.9923999896273017
"Quorum (3 replicas), 1 client",1088,1.0429000249132514
"Quorum (3 replicas), 1 client",1089,1.0689999908208847
"Quorum (3 replicas), 1 client",1090,1.0120999650098383
"Quorum (3 replicas), 1 client",1091,1.00460002431646
"Quorum (3 replicas), 1 client",1092,0.977699994109571
"Quorum (3 replicas), 1 client",1093,1.0172000038437545
"Quorum (3 replicas), 1 client",1094,1.0012999991886318
"Quorum (3 replicas), 1 client",1095,0.978299998678267
"Quorum (3 replicas), 1 client",1096,1.1171999503858387
"Quorum (3 replicas), 1 client",1097,1.2248000130057335
"Quorum (3 replicas), 1 client",1098,0.9877999546006322
"Quorum (3 replicas), 1 client",1099,1.039800001308322
"Quorum (3 replicas), 1 client",1100,1.0609999881125987
"Quorum (3 replicas), 1 client",1101,1.0308999917469919
"Quorum (3 replicas), 1 client",1102,1.067900040652603
"Quorum (3 replicas), 1 client",1103,1.0254000080749393
"Quorum (3 replicas), 1 client",1104,0.9973000269383192
"Quorum (3 replicas), 1 client",1105,1.0196000221185386
"Quorum (3 replicas), 1 client",1106,0.9898999705910683
"Quorum (3 replicas), 1 client",1107,1.02680001873523
"Quorum (3 replicas), 1 client",1108,1.0588999721221626
"Quorum (3 replicas), 1 client",1109,0.9875000105239451
"Quorum (3 replicas), 1 client",1110,1.0372000397183
"Quorum (3 replicas), 1 client",1111,1.150400028564036
"Quorum (3 replicas), 1 client",1112,1.0061999782919884
"Quorum (3 replicas), 1 client",1113,1.0222999844700098
"Quorum (3 replicas), 1 client",1114,0.9945000056177378
"Quorum (3 replicas), 1 client",1115,1.0465000523254275
"Quorum (3 replicas), 1 client",1116,0.9872000082395971
"Quorum (3 replicas), 1 client",1117,0.9667000267654657
"Quorum (3 replicas), 1 client",1118,1.049000013154
"Quorum (3 replicas), 1 client",1119,1.0340000153519213
"Quorum (3 replicas), 1 client",1120,1.0169000015594065
"Quorum (3 replicas), 1 client",1121,1.0050000273622572
"Quorum (3 replicas), 1 client",1122,1.0085999965667725
"Quorum (3 replicas), 1 client",1123,1.0624999995343387
"Quorum (3 replicas), 1 client",1124,1.0067999828606844
"Quorum (3 replicas), 1 client",1125,1.1529999901540577
"Quorum (3 replicas), 1 client",1126,1.0181000106967986
"Quorum (3 replicas), 1 client",1127,0.9768000454641879
"Quorum (3 replicas), 1 client",1128,1.0562000097706914
"Quorum (3 replicas), 1 client",1129,1.0417000157758594
"Quorum (3 replicas), 1 client",1130,0.9676999761722982
"Quorum (3 replicas), 1 client",1131,1.0890999692492187
"Quorum (3 replicas), 1 client",1132,0.9777999948710203
"Quorum (3 replicas), 1 client",1133,0.9947000071406364
"Quorum (3 replicas), 1 client",1134,1.0080000502057374
"Quorum (3 replicas), 1 client",1135,1.029200037010014
"Quorum (3 replicas), 1 client",1136,1.0104000102728605
"Quorum (3 replicas), 1 client",1137,1.014399982523173
"Quorum (3 replicas), 1 client",1138,1.0089999996125698
"Quorum (3 replicas), 1 client",1139,0.9897999698296189
"Quorum (3 replicas), 1 client",1140,1.153099990915507
"Quorum (3 replicas), 1 client",1141,1.0882000206038356
"Quorum (3 replicas), 1 client",1142,0.9953000117093325
"Quorum (3 replicas), 1 client",1143,0.9916999842971563
"Quorum (3 replicas), 1 client",1144,1.0298999841324985
"Quorum (3 replicas), 1 client",1145,0.9623999940231442
"Quorum (3 replicas), 1 client",1146,1.0198999661952257
"Quorum (3 replicas), 1 client",1147,1.082100032363087
"Quorum (3 replicas), 1 client",1148,1.0557000059634447
"Quorum (3 replicas), 1 client",1149,1.0378999868407845
"Quorum (3 replicas), 1 client",1150,0.9839999838732183
"Quorum (3 replicas), 1 client",1151,1.0054000304080546
"Quorum (3 replicas), 1 client",1152,0.9752000332809985
"Quorum (3 replicas), 1 client",1153,0.9920000447891653
"Quorum (3 replicas), 1 client",1154,1.0010000551119447
"Quorum (3 replicas), 1 client",1155,1.0698999976739287
"Quorum (3 replicas), 1 client",1156,1.0389999952167273
"Quorum (3 replicas), 1 client",1157,0.9627999970689416
"Quorum (3 replicas), 1 client",1158,0.990699976682663
"Quorum (3 replicas), 1 client",1159,1.039199996739626
"Quorum (3 replicas), 1 client",1160,1.0405000066384673
"Quorum (3 replicas), 1 client",1161,1.0523000382818282
"Quorum (3 replicas), 1 client",1162,1.0066000395454466
"Quorum (3 replicas), 1 client",1163,1.0747999767772853
"Quorum (3 replicas), 1 client",1164,0.9955999557860196
"Quorum (3 replicas), 1 client",1165,1.057000015862286
"Quorum (3 replicas), 1 client",1166,1.0406000073999166
"Quorum (3 replicas), 1 client",1167,1.0623999987728894
"Quorum (3 replicas), 1 client",1168,1.0532999876886606
"Quorum (3 replicas), 1 client",1169,1.0365999769419432
"Quorum (3 replicas), 1 client",1170,1.000199990812689
"Quorum (3 replicas), 1 client",1171,1.0576000204309821
"Quorum (3 replicas), 1 client",1172,0.9899999713525176
"Quorum (3 replicas), 1 client",1173,0.9958000155165792
"Quorum (3 replicas), 1 client",1174,0.9809000184759498
"Quorum (3 replicas), 1 client",1175,1.0272999643348157
"Quorum (3 replicas), 1 client",1176,1.0290999780409038
"Quorum (3 replicas), 1 client",1177,1.011400017887354
"Quorum (3 replicas), 1 client",1178,1.0463999933563173
"Quorum (3 replicas), 1 client",1179,1.1052999761886895
"Quorum (3 replicas), 1 client",1180,1.0086999973282218
"Quorum (3 replicas), 1 client",1181,1.010499952826649
"Quorum (3 replicas), 1 client",1182,1.021200034301728
"Quorum (3 replicas), 1 client",1183,1.0368000366725028
"Quorum (3 replicas), 1 client",1184,1.0520000359974802
"Quorum (3 replicas), 1 client",1185,3.113499958999455
"Quorum (3 replicas), 1 client",1186,1.0981999803334475
"Quorum (3 replicas), 1 client",1187,1.0831999825313687
"Quorum (3 replicas), 1 client",1188,1.0805000201798975
"Quorum (3 replicas), 1 client",1189,1.060199982021004
"Quorum (3 replicas), 1 client",1190,1.0370999807491899
"Quorum (3 replicas), 1 client",1191,1.0448999819345772
"Quorum (3 replicas), 1 client",1192,1.0405000066384673
"Quorum (3 replicas), 1 client",1193,1.074100029654801
"Quorum (3 replicas), 1 client",1194,1.0358999716117978
"Quorum (3 replicas), 1 client",1195,1.03270000545308
"Quorum (3 replicas), 1 client",1196,0.9890999644994736
"Quorum (3 replicas), 1 client",1197,1.0308999917469919
"Quorum (3 replicas), 1 client",1198,1.1661999742500484
"Quorum (3 replicas), 1 client",1199,1.0731000220403075
"Quorum (3 replicas), 1 client",1200,1.0149000445380807
"Quorum (3 replicas), 1 client",1201,1.1289000394754112
"Quorum (3 replicas), 1 client",1202,1.0402999469079077
"Quorum (3 replicas), 1 client",1203,0.9986000368371606
"Quorum (3 replicas), 1 client",1204,1.0673000360839069
"Quorum (3 replicas), 1 client",1205,1.0171000030823052
"Quorum (3 replicas), 1 client",1206,0.9965000208467245
"Quorum (3 replicas), 1 client",1207,1.021499978378415
"Quorum (3 replicas), 1 client",1208,1.0000999900512397
"Quorum (3 replicas), 1 client",1209,1.0371999815106392
"Quorum (3 replicas), 1 client",1210,0.9834999800659716
"Quorum (3 replicas), 1 client",1211,1.011999964248389
"Quorum (3 replicas), 1 client",1212,0.993099994957447
"Quorum (3 replicas), 1 client",1213,1.146299997344613
"Quorum (3 replicas), 1 client",1214,1.0637000086717308
"Quorum (3 replicas), 1 client",1215,1.0353000252507627
"Quorum (3 replicas), 1 client",1216,1.0367999784648418
"Quorum (3 replicas), 1 client",1217,1.0546999983489513
"Quorum (3 replicas), 1 client",1218,1.0167000000365078
"Quorum (3 replicas), 1 client",1219,0.9887000196613371
"Quorum (3 replicas), 1 client",1220,0.978600000962615
"Quorum (3 replicas), 1 client",1221,1.0476000024937093
"Quorum (3 replicas), 1 client",1222,0.9964000200852752
"Quorum (3 replicas), 1 client",1223,0.9948999504558742
"Quorum (3 replicas), 1 client",1224,1.062900002580136
"Quorum (3 replicas), 1 client",1225,1.027699967380613
"Quorum (3 replicas), 1 client",1226,1.0583000257611275
"Quorum (3 replicas), 1 client",1227,1.0322999441996217
"Quorum (3 replicas), 1 client",1228,1.1174000101163983
"Quorum (3 replicas), 1 client",1229,1.05640001129359
"Quorum (3 replicas), 1 client",1230,1.014700043015182
"Quorum (3 replicas), 1 client",1231,1.005800033453852
"Quorum (3 replicas), 1 client",1232,1.0464999941177666
"Quorum (3 replicas), 1 client",1233,1.0219000396318734
"Quorum (3 replicas), 1 client",1234,0.9442000300623477
"Quorum (3 replicas), 1 client",1235,0.9665999677963555
"Quorum (3 replicas), 1 client",1236,1.0175000061281025
"Quorum (3 replicas), 1 client",1237,1.0580999660305679
"Quorum (3 replicas), 1 client",1238,1.0241999989375472
"Quorum (3 replicas), 1 client",1239,1.0303999879397452
"Quorum (3 replicas), 1 client",1240,1.0723999585025012
"Quorum (3 replicas), 1 client",1241,1.0583000257611275
"Quorum (3 replicas), 1 client",1242,0.9655999601818621
"Quorum (3 replicas), 1 client",1243,1.0571000166237354
"Quorum (3 replicas), 1 client",1244,1.0586000280454755
"Quorum (3 replicas), 1 client",1245,1.06519996188581
"Quorum (3 replicas), 1 client",1246,1.026200014166534
"Quorum (3 replicas), 1 client",1247,1.0010000551119447
"Quorum (3 replicas), 1 client",1248,1.0386999929323792
"Quorum (3 replicas), 1 client",1249,1.0254000080749393
"Quorum (3 replicas), 1 client",1250,1.0367999784648418
"Quorum (3 replicas), 1 client",1251,1.0028000106103718
"Quorum (3 replicas), 1 client",1252,1.0141999810002744
"Quorum (3 replicas), 1 client",1253,1.0857000015676022
"Quorum (3 replicas), 1 client",1254,1.019700022879988
"Quorum (3 replicas), 1 client",1255,1.0316999978385866
"Quorum (3 replicas), 1 client",1256,1.0343999601900578
"Quorum (3 replicas), 1 client",1257,1.1557000107131898
"Quorum (3 replicas), 1 client",1258,1.090099976863712
"Quorum (3 replicas), 1 client",1259,1.0191999608650804
"Quorum (3 replicas), 1 client",1260,1.0164999985136092
"Quorum (3 replicas), 1 client",1261,1.0363999754190445
"Quorum (3 replicas), 1 client",1262,1.0393999982625246
"Quorum (3 replicas), 1 client",1263,1.0325000039301813
"Quorum (3 replicas), 1 client",1264,1.041599956806749
"Quorum (3 replicas), 1 client",1265,0.991899985820055
"Quorum (3 replicas), 1 client",1266,1.0002999915741384
"Quorum (3 replicas), 1 client",1267,1.0003999923355877
"Quorum (3 replicas), 1 client",1268,1.0209999745711684
"Quorum (3 replicas), 1 client",1269,1.0006999946199358
"Quorum (3 replicas), 1 client",1270,1.012300024740398
"Quorum (3 replicas), 1 client",1271,1.0315999970771372
"Quorum (3 replicas), 1 client",1272,1.120300032198429
"Quorum (3 replicas), 1 client",1273,1.0652000200934708
"Quorum (3 replicas), 1 client",1274,1.096599968150258
"Quorum (3 replicas), 1 client",1275,1.0128000285476446
"Quorum (3 replicas), 1 client",1276,1.0300999856553972
"Quorum (3 replicas), 1 client",1277,1.0813000262714922
"Quorum (3 replicas), 1 client",1278,1.0712999501265585
"Quorum (3 replicas), 1 client",1279,0.9933999972417951
"Quorum (3 replicas), 1 client",1280,1.0349000222049654
"Quorum (3 replicas), 1 client",1281,0.9547999943606555
"Quorum (3 replicas), 1 client",1282,1.0742000304162502
"Quorum (3 replicas), 1 client",1283,0.9698000503703952
"Quorum (3 replicas), 1 client",1284,1.0461000492796302
"Quorum (3 replicas), 1 client",1285,1.0514000314287841
"Quorum (3 replicas), 1 client",1286,1.0083999950438738
"Quorum (3 replicas), 1 client",1287,1.1193000245839357
"Quorum (3 replicas), 1 client",1288,1.0736999684013426
"Quorum (3 replicas), 1 client",1289,1.013499975670129
"Quorum (3 replicas), 1 client",1290,1.0087999980896711
"Quorum (3 replicas), 1 client",1291,1.014099980238825
"Quorum (3 replicas), 1 client",1292,1.0386999929323792
"Quorum (3 replicas), 1 client",1293,1.0444999788887799
"Quorum (3 replicas), 1 client",1294,1.0647000162862241
"Quorum (3 replicas), 1 client",1295,1.040400005877018
"Quorum (3 replicas), 1 client",1296,1.0196000221185386
"Quorum (3 replicas), 1 client",1297,1.0650999611243606
"Quorum (3 replicas), 1 client",1298,1.061999995727092
"Quorum (3 replicas), 1 client",1299,1.0455999872647226
"Quorum (3 replicas), 1 client",1300,1.0040000197477639
"Quorum (3 replicas), 1 client",1301,1.0429000249132514
"Quorum (3 replicas), 1 client",1302,1.0898999753408134
"Quorum (3 replicas), 1 client",1303,1.1172000085934997
"Quorum (3 replicas), 1 client",1304,1.0523000382818282
"Quorum (3 replicas), 1 client",1305,1.0300999856553972
"Quorum (3 replicas), 1 client",1306,1.0411999537609518
"Quorum (3 replicas), 1 client",1307,0.9636000031605363
"Quorum (3 replicas), 1 client",1308,0.992199988104403
"Quorum (3 replicas), 1 client",1309,1.058699970599264
"Quorum (3 replicas), 1 client",1310,1.0313999955542386
"Quorum (3 replicas), 1 client",1311,1.0784000041894615
"Quorum (3 replicas), 1 client",1312,1.0229000472463667
"Quorum (3 replicas), 1 client",1313,1.0576000204309821
"Quorum (3 replicas), 1 client",1314,0.9600999765098095
"Quorum (3 replicas), 1 client",1315,1.0315999970771372
"Quorum (3 replicas), 1 client",1316,1.0411000112071633
"Quorum (3 replicas), 1 client",1317,1.0270000202581286
"Quorum (3 replicas), 1 client",1318,1.05339998845011
"Quorum (3 replicas), 1 client",1319,1.069999998435378
"Quorum (3 replicas), 1 client",1320,1.0800000163726509
"Quorum (3 replicas), 1 client",1321,0.9900999721139669
"Quorum (3 replicas), 1 client",1322,1.0715000098571181
"Quorum (3 replicas), 1 client",1323,1.0260000126436353
"Quorum (3 replicas), 1 client",1324,1.0102000087499619
"Quorum (3 replicas), 1 client",1325,1.0655999649316072
"Quorum (3 replicas), 1 client",1326,0.9794000070542097
"Quorum (3 replicas), 1 client",1327,1.033000007737428
"Quorum (3 replicas), 1 client",1328,0.992799992673099
"Quorum (3 replicas), 1 client",1329,1.0026000090874732
"Quorum (3 replicas), 1 client",1330,1.054599997587502
"Quorum (3 replicas), 1 client",1331,1.014699984807521
"Quorum (3 replicas), 1 client",1332,1.0428999667055905
"Quorum (3 replicas), 1 client",1333,1.1433000327087939
"Quorum (3 replicas), 1 client",1334,1.1235999991185963
"Quorum (3 replicas), 1 client",1335,1.120000029914081
"Quorum (3 replicas), 1 client",1336,1.036900037433952
"Quorum (3 replicas), 1 client",1337,1.1016999487765133
"Quorum (3 replicas), 1 client",1338,1.0940000065602362
"Quorum (3 replicas), 1 client",1339,1.0428999667055905
"Quorum (3 replicas), 1 client",1340,1.0786000057123601
"Quorum (3 replicas), 1 client",1341,1.063500007148832
"Quorum (3 replicas), 1 client",1342,1.0860000038519502
"Quorum (3 replicas), 1 client",1343,1.0035000159405172
"Quorum (3 replicas), 1 client",1344,0.984499987680465
"Quorum (3 replicas), 1 client",1345,1.0373999830335379
"Quorum (3 replicas), 1 client",1346,1.007899991236627
"Quorum (3 replicas), 1 client",1347,1.0262999567203224
"Quorum (3 replicas), 1 client",1348,1.0395999997854233
"Quorum (3 replicas), 1 client",1349,1.04750000173226
"Quorum (3 replicas), 1 client",1350,1.1073999921791255
"Quorum (3 replicas), 1 client",1351,1.0193000198341906
"Quorum (3 replicas), 1 client",1352,1.0238999966531992
"Quorum (3 replicas), 1 client",1353,1.0694999946281314
"Quorum (3 replicas), 1 client",1354,1.0116000194102526
"Quorum (3 replicas), 1 client",1355,1.0141999810002744
"Quorum (3 replicas), 1 client",1356,1.020899973809719
"Quorum (3 replicas), 1 client",1357,1.0300999856553972
"Quorum (3 replicas), 1 client",1358,1.0310999932698905
"Quorum (3 replicas), 1 client",1359,1.0040000197477639
"Quorum (3 replicas), 1 client",1360,0.9977000299841166
"Quorum (3 replicas), 1 client",1361,1.041299954522401
"Quorum (3 replicas), 1 client",1362,1.02090003201738
"Quorum (3 replicas), 1 client",1363,1.0974000324495137
"Quorum (3 replicas), 1 client",1364,1.0251000057905912
"Quorum (3 replicas), 1 client",1365,1.0097000049427152
"Quorum (3 replicas), 1 client",1366,1.049000013154
"Quorum (3 replicas), 1 client",1367,0.9804000146687031
"Quorum (3 replicas), 1 client",1368,1.046299992594868
"Quorum (3 replicas), 1 client",1369,0.9914999827742577
"Quorum (3 replicas), 1 client",1370,1.0326000046916306
"Quorum (3 replicas), 1 client",1371,1.0074999881908298
"Quorum (3 replicas), 1 client",1372,0.9874999523162842
"Quorum (3 replicas), 1 client",1373,0.9855999960564077
"Quorum (3 replicas), 1 client",1374,1.0223999852314591
"Quorum (3 replicas), 1 client",1375,1.0045000235550106
"Quorum (3 replicas), 1 client",1376,1.0667000315152109
"Quorum (3 replicas), 1 client",1377,1.0306999902240932
"Quorum (3 replicas), 1 client",1378,1.1656999704428017
"Quorum (3 replicas), 1 client",1379,0.9544999920763075
"Quorum (3 replicas), 1 client",1380,1.108099997509271
"Quorum (3 replicas), 1 client",1381,1.011700020171702
"Quorum (3 replicas), 1 client",1382,1.3292999938130379
"Quorum (3 replicas), 1 client",1383,0.9929999941959977
"Quorum (3 replicas), 1 client",1384,1.0022000060416758
"Quorum (3 replicas), 1 client",1385,1.011400017887354
"Quorum (3 replicas), 1 client",1386,1.0152999893762171
"Quorum (3 replicas), 1 client",1387,1.0046999668702483
"Quorum (3 replicas), 1 client",1388,0.9258000063709915
"Quorum (3 replicas), 1 client",1389,1.0307999909855425
"Quorum (3 replicas), 1 client",1390,1.0490999557077885
"Quorum (3 replicas), 1 client",1391,1.0666000307537615
"Quorum (3 replicas), 1 client",1392,0.9927000501193106
"Quorum (3 replicas), 1 client",1393,1.049300015438348
"Quorum (3 replicas), 1 client",1394,1.1629000073298812
"Quorum (3 replicas), 1 client",1395,1.0088999988511205
"Quorum (3 replicas), 1 client",1396,1.044000033289194
"Quorum (3 replicas), 1 client",1397,1.1617999989539385
"Quorum (3 replicas), 1 client",1398,1.157799968495965
"Quorum (3 replicas), 1 client",1399,1.033300010021776
"Quorum (3 replicas), 1 client",1400,1.0150999878533185
"Quorum (3 replicas), 1 client",1401,1.0425999644212425
"Quorum (3 replicas), 1 client",1402,1.0429000249132514
"Quorum (3 replicas), 1 client",1403,0.9918000432662666
"Quorum (3 replicas), 1 client",1404,1.087700016796589
"Quorum (3 replicas), 1 client",1405,1.0307999909855425
"Quorum (3 replicas), 1 client",1406,1.0444000363349915
"Quorum (3 replicas), 1 client",1407,0.9766000439412892
"Quorum (3 replicas), 1 client",1408,1.0452000424265862
"Quorum (3 replicas), 1 client",1409,1.0511000291444361
"Quorum (3 replicas), 1 client",1410,1.0934000019915402
"Quorum (3 replicas), 1 client",1411,1.0041000205092132
"Quorum (3 replicas), 1 client",1412,0.9448999771848321
"Quorum (3 replicas), 1 client",1413,1.041300012730062
"Quorum (3 replicas), 1 client",1414,1.0291999788023531
"Quorum (3 replicas), 1 client",1415,1.0105999535880983
"Quorum (3 replicas), 1 client",1416,0.985999999102205
"Quorum (3 replicas), 1 client",1417,1.0497000184841454
"Quorum (3 replicas), 1 client",1418,1.012600027024746
"Quorum (3 replicas), 1 client",1419,1.0636000079102814
"Quorum (3 replicas), 1 client",1420,1.0710000060498714
"Quorum (3 replicas), 1 client",1421,1.0571000166237354
"Quorum (3 replicas), 1 client",1422,1.022700045723468
"Quorum (3 replicas), 1 client",1423,1.095400017220527
"Quorum (3 replicas), 1 client",1424,1.0733999661169946
"Quorum (3 replicas), 1 client",1425,1.049000013154
"Quorum (3 replicas), 1 client",1426,1.0437999735586345
"Quorum (3 replicas), 1 client",1427,0.9883000166155398
"Quorum (3 replicas), 1 client",1428,1.0367000359110534
"Quorum (3 replicas), 1 client",1429,1.0543999960646033
"Quorum (3 replicas), 1 client",1430,1.0579000227153301
"Quorum (3 replicas), 1 client",1431,0.9810999617911875
"Quorum (3 replicas), 1 client",1432,1.0332000092603266
"Quorum (3 replicas), 1 client",1433,1.0352999670431018
"Quorum (3 replicas), 1 client",1434,1.0167000000365078
"Quorum (3 replicas), 1 client",1435,1.0803999612107873
"Quorum (3 replicas), 1 client",1436,1.0310999932698905
"Quorum (3 replicas), 1 client",1437,0.9947000071406364
"Quorum (3 replicas), 1 client",1438,1.1056999792344868
"Quorum (3 replicas), 1 client",1439,1.061699993442744
"Quorum (3 replicas), 1 client",1440,1.0103999520651996
"Quorum (3 replicas), 1 client",1441,0.9706999990157783
"Quorum (3 replicas), 1 client",1442,1.018500013742596
"Quorum (3 replicas), 1 client",1443,1.0777999996207654
"Quorum (3 replicas), 1 client",1444,1.0447000386193395
"Quorum (3 replicas), 1 client",1445,1.0796000133268535
"Quorum (3 replicas), 1 client",1446,0.9683999815024436
"Quorum (3 replicas), 1 client",1447,1.0686999885365367
"Quorum (3 replicas), 1 client",1448,1.0303999879397452
"Quorum (3 replicas), 1 client",1449,1.013199973385781
"Quorum (3 replicas), 1 client",1450,0.9987999801523983
"Quorum (3 replicas), 1 client",1451,0.9799000108614564
"Quorum (3 replicas), 1 client",1452,1.0333999525755644
"Quorum (3 replicas), 1 client",1453,1.0223000426776707
"Quorum (3 replicas), 1 client",1454,1.3218999956734478
"Quorum (3 replicas), 1 client",1455,1.0303999879397452
"Quorum (3 replicas), 1 client",1456,1.0042000212706625
"Quorum (3 replicas), 1 client",1457,0.993099994957447
"Quorum (3 replicas), 1 client",1458,1.0031000128947198
"Quorum (3 replicas), 1 client",1459,1.0505999671295285
"Quorum (3 replicas), 1 client",1460,1.0155999916605651
"Quorum (3 replicas), 1 client",1461,1.0867000091820955
"Quorum (3 replicas), 1 client",1462,1.0404999484308064
"Quorum (3 replicas), 1 client",1463,0.9923999896273017
"Quorum (3 replicas), 1 client",1464,1.050200022291392
"Quorum (3 replicas), 1 client",1465,0.978600000962615
"Quorum (3 replicas), 1 client",1466,1.030100043863058
"Quorum (3 replicas), 1 client",1467,1.0358000290580094
"Quorum (3 replicas), 1 client",1468,1.1114999651908875
"Quorum (3 replicas), 1 client",1469,1.0754999821074307
"Quorum (3 replicas), 1 client",1470,1.0294999810867012
"Quorum (3 replicas), 1 client",1471,1.0162999969907105
"Quorum (3 replicas), 1 client",1472,1.014099980238825
"Quorum (3 replicas), 1 client",1473,1.0506999678909779
"Quorum (3 replicas), 1 client",1474,1.0554000036790967
"Quorum (3 replicas), 1 client",1475,1.126200018916279
"Quorum (3 replicas), 1 client",1476,1.0485000093467534
"Quorum (3 replicas), 1 client",1477,1.0534999892115593
"Quorum (3 replicas), 1 client",1478,0.9964000200852752
"Quorum (3 replicas), 1 client",1479,1.0087999980896711
"Quorum (3 replicas), 1 client",1480,0.998699979390949
"Quorum (3 replicas), 1 client",1481,1.0272000217810273
"Quorum (3 replicas), 1 client",1482,1.0171000030823052
"Quorum (3 replicas), 1 client",1483,1.0106000117957592
"Quorum (3 replicas), 1 client",1484,1.1068999883718789
"Quorum (3 replicas), 1 client",1485,1.001099997665733
"Quorum (3 replicas), 1 client",1486,1.0082999942824244
"Quorum (3 replicas), 1 client",1487,1.133000012487173
"Quorum (3 replicas), 1 client",1488,1.0040000197477639
"Quorum (3 replicas), 1 client",1489,0.9798000101000071
"Quorum (3 replicas), 1 client",1490,1.0251000057905912
"Quorum (3 replicas), 1 client",1491,1.0203999700024724
"Quorum (3 replicas), 1 client",1492,1.1342000216245651
"Quorum (3 replicas), 1 client",1493,1.076499989721924
"Quorum (3 replicas), 1 client",1494,1.0088999988511205
"Quorum (3 replicas), 1 client",1495,1.0335000115446746
"Quorum (3 replicas), 1 client",1496,0.9783999994397163
"Quorum (3 replicas), 1 client",1497,1.027400023303926
"Quorum (3 replicas), 1 client",1498,1.0516999755054712
"Quorum (3 replicas), 1 client",1499,1.1528999893926084
"Quorum (3 replicas), 1 client",1500,1.2517999857664108
"Quorum (3 replicas), 1 client",1501,1.0351999662816525
"Quorum (3 replicas), 1 client",1502,1.0582000249996781
"Quorum (3 replicas), 1 client",1503,1.0202000266872346
"Quorum (3 replicas), 1 client",1504,1.055200002156198
"Quorum (3 replicas), 1 client",1505,1.0146000422537327
"Quorum (3 replicas), 1 client",1506,1.0859000030905008
"Quorum (3 replicas), 1 client",1507,1.1902999831363559
"Quorum (3 replicas), 1 client",1508,1.0571000166237354
"Quorum (3 replicas), 1 client",1509,1.0514999739825726
"Quorum (3 replicas), 1 client",1510,1.0089999996125698
"Quorum (3 replicas), 1 client",1511,1.3633999624289572
"Quorum (3 replicas), 1 client",1512,0.9475999977439642
"Quorum (3 replicas), 1 client",1513,1.115499995648861
"Quorum (3 replicas), 1 client",1514,1.0375999845564365
"Quorum (3 replicas), 1 client",1515,0.9932999964803457
"Quorum (3 replicas), 1 client",1516,0.9749000309966505
"Quorum (3 replicas), 1 client",1517,1.0334000107832253
"Quorum (3 replicas), 1 client",1518,1.0017000022344291
"Quorum (3 replicas), 1 client",1519,1.0479000047780573
"Quorum (3 replicas), 1 client",1520,1.0038999607786536
"Quorum (3 replicas), 1 client",1521,1.0708000045269728
"Quorum (3 replicas), 1 client",1522,1.0503999656066298
"Quorum (3 replicas), 1 client",1523,1.0789000079967082
"Quorum (3 replicas), 1 client",1524,1.0320000001229346
"Quorum (3 replicas), 1 client",1525,0.9246000554412603
"Quorum (3 replicas), 1 client",1526,1.0488000116311014
"Quorum (3 replicas), 1 client",1527,1.0032000136561692
"Quorum (3 replicas), 1 client",1528,1.1243000044487417
"Quorum (3 replicas), 1 client",1529,0.9976000292226672
"Quorum (3 replicas), 1 client",1530,0.9479000000283122
"Quorum (3 replicas), 1 client",1531,1.0128000285476446
"Quorum (3 replicas), 1 client",1532,1.0128000285476446
"Quorum (3 replicas), 1 client",1533,1.0369999799877405
"Quorum (3 replicas), 1 client",1534,1.067299977876246
"Quorum (3 replicas), 1 client",1535,0.963800004683435
"Quorum (3 replicas), 1 client",1536,1.0468000546097755
"Quorum (3 replicas), 1 client",1537,1.0002999915741384
"Quorum (3 replicas), 1 client",1538,0.9912000386975706
"Quorum (3 replicas), 1 client",1539,1.131199998781085
"Quorum (3 replicas), 1 client",1540,1.0651000193320215
"Quorum (3 replicas), 1 client",1541,1.0718000121414661
"Quorum (3 replicas), 1 client",1542,1.0631000041030347
"Quorum (3 replicas), 1 client",1543,1.0893999715335667
"Quorum (3 replicas), 1 client",1544,1.05640001129359
"Quorum (3 replicas), 1 client",1545,1.0127000277861953
"Quorum (3 replicas), 1 client",1546,1.0488000116311014
"Quorum (3 replicas), 1 client",1547,1.0356000275351107
"Quorum (3 replicas), 1 client",1548,1.0097999474965036
"Quorum (3 replicas), 1 client",1549,1.0540999937802553
"Quorum (3 replicas), 1 client",1550,1.1015000054612756
"Quorum (3 replicas), 1 client",1551,1.0188999585807323
"Quorum (3 replicas), 1 client",1552,1.0520000359974802
"Quorum (3 replicas), 1 client",1553,1.0153999901376665
"Quorum (3 replicas), 1 client",1554,1.0073999874293804
"Quorum (3 replicas), 1 client",1555,1.0612999903969467
"Quorum (3 replicas), 1 client",1556,1.0044000227935612
"Quorum (3 replicas), 1 client",1557,1.0110000148415565
"Quorum (3 replicas), 1 client",1558,1.0132999741472304
"Quorum (3 replicas), 1 client",1559,1.0997999925166368
"Quorum (3 replicas), 1 client",1560,1.0421000188216567
"Quorum (3 replicas), 1 client",1561,1.0523000382818282
"Quorum (3 replicas), 1 client",1562,1.0146000422537327
"Quorum (3 replicas), 1 client",1563,0.9960000170394778
"Quorum (3 replicas), 1 client",1564,1.0116000194102526
"Quorum (3 replicas), 1 client",1565,1.01350003387779
"Quorum (3 replicas), 1 client",1566,1.0460999910719693
"Quorum (3 replicas), 1 client",1567,1.012600027024746
"Quorum (3 replicas), 1 client",1568,1.072899962309748
"Quorum (3 replicas), 1 client",1569,1.1291999835520983
"Quorum (3 replicas), 1 client",1570,1.0688999900594354
"Quorum (3 replicas), 1 client",1571,1.240900019183755
"Quorum (3 replicas), 1 client",1572,0.9913000394590199
"Quorum (3 replicas), 1 client",1573,1.0436000302433968
"Quorum (3 replicas), 1 client",1574,1.1143999872729182
"Quorum (3 replicas), 1 client",1575,1.0418999590910971
"Quorum (3 replicas), 1 client",1576,1.0055999737232924
"Quorum (3 replicas), 1 client",1577,1.0245000012218952
"Quorum (3 replicas), 1 client",1578,0.9881000150926411
"Quorum (3 replicas), 1 client",1579,1.0777999996207654
"Quorum (3 replicas), 1 client",1580,1.0260000126436353
"Quorum (3 replicas), 1 client",1581,1.0730999638326466
"Quorum (3 replicas), 1 client",1582,1.0914999875240028
"Quorum (3 replicas), 1 client",1583,1.04160001501441
"Quorum (3 replicas), 1 client",1584,1.0236999951303005
"Quorum (3 replicas), 1 client",1585,1.005499972961843
"Quorum (3 replicas), 1 client",1586,1.0790000087581575
"Quorum (3 replicas), 1 client",1587,1.0498999617993832
"Quorum (3 replicas), 1 client",1588,1.0347000206820667
"Quorum (3 replicas), 1 client",1589,1.1794000165537
"Quorum (3 replicas), 1 client",1590,1.0425999644212425
"Quorum (3 replicas), 1 client",1591,1.0011999984271824
"Quorum (3 replicas), 1 client",1592,1.0591999744065106
"Quorum (3 replicas), 1 client",1593,1.0179000091739
"Quorum (3 replicas), 1 client",1594,1.0507999686524272
"Quorum (3 replicas), 1 client",1595,1.0990999871864915
"Quorum (3 replicas), 1 client",1596,1.0096000041812658
"Quorum (3 replicas), 1 client",1597,1.0479000047780573
"Quorum (3 replicas), 1 client",1598,1.0961000225506723
"Quorum (3 replicas), 1 client",1599,1.0599999804981053
"Quorum (3 replicas), 1 client",1600,0.9744999697431922
"Quorum (3 replicas), 1 client",1601,1.1576000251807272
"Quorum (3 replicas), 1 client",1602,1.0693000513128936
"Quorum (3 replicas), 1 client",1603,1.1145000462420285
"Quorum (3 replicas), 1 client",1604,1.097200030926615
"Quorum (3 replicas), 1 client",1605,0.9855000535026193
"Quorum (3 replicas), 1 client",1606,0.977999996393919
"Quorum (3 replicas), 1 client",1607,1.1024000123143196
"Quorum (3 replicas), 1 client",1608,0.997499970253557
"Quorum (3 replicas), 1 client",1609,1.0242999996989965
"Quorum (3 replicas), 1 client",1610,1.004599966108799
"Quorum (3 replicas), 1 client",1611,1.021199976094067
"Quorum (3 replicas), 1 client",1612,0.9906000341288745
"Quorum (3 replicas), 1 client",1613,0.9980000322684646
"Quorum (3 replicas), 1 client",1614,1.0402000043541193
"Quorum (3 replicas), 1 client",1615,1.018500013742596
"Quorum (3 replicas), 1 client",1616,0.9651000145822763
"Quorum (3 replicas), 1 client",1617,1.0855000000447035
"Quorum (3 replicas), 1 client",1618,1.1684999917633832
"Quorum (3 replicas), 1 client",1619,1.1307999957352877
"Quorum (3 replicas), 1 client",1620,1.145099988207221
"Quorum (3 replicas), 1 client",1621,0.9769999887794256
"Quorum (3 replicas), 1 client",1622,0.9985999786294997
"Quorum (3 replicas), 1 client",1623,1.0073999874293804
"Quorum (3 replicas), 1 client",1624,1.0230999905616045
"Quorum (3 replicas), 1 client",1625,0.9722999529913068
"Quorum (3 replicas), 1 client",1626,1.0189000167883933
"Quorum (3 replicas), 1 client",1627,1.0083999950438738
"Quorum (3 replicas), 1 client",1628,0.9862000006251037
"Quorum (3 replicas), 1 client",1629,0.9671000298112631
"Quorum (3 replicas), 1 client",1630,0.9865000029094517
"Quorum (3 replicas), 1 client",1631,1.0222999844700098
"Quorum (3 replicas), 1 client",1632,1.0335000115446746
"Quorum (3 replicas), 1 client",1633,1.1335999588482082
"Quorum (3 replicas), 1 client",1634,1.114899991080165
"Quorum (3 replicas), 1 client",1635,0.9733000188134611
"Quorum (3 replicas), 1 client",1636,1.027700025588274
"Quorum (3 replicas), 1 client",1637,1.000499993097037
"Quorum (3 replicas), 1 client",1638,0.9964999626390636
"Quorum (3 replicas), 1 client",1639,1.0449999826960266
"Quorum (3 replicas), 1 client",1640,1.0779000003822148
"Quorum (3 replicas), 1 client",1641,1.0106000117957592
"Quorum (3 replicas), 1 client",1642,1.0329000069759786
"Quorum (3 replicas), 1 client",1643,1.000799995381385
"Quorum (3 replicas), 1 client",1644,0.999299983959645
"Quorum (3 replicas), 1 client",1645,1.0432000271975994
"Quorum (3 replicas), 1 client",1646,1.068200042936951
"Quorum (3 replicas), 1 client",1647,1.0025000083260238
"Quorum (3 replicas), 1 client",1648,1.077399996574968
"Quorum (3 replicas), 1 client",1649,1.097499975003302
"Quorum (3 replicas), 1 client",1650,1.007299986667931
"Quorum (3 replicas), 1 client",1651,1.0156999924220145
"Quorum (3 replicas), 1 client",1652,1.0070999851450324
"Quorum (3 replicas), 1 client",1653,1.0144999832846224
"Quorum (3 replicas), 1 client",1654,1.0031999554485083
"Quorum (3 replicas), 1 client",1655,1.0680000414140522
"Quorum (3 replicas), 1 client",1656,1.027400023303926
"Quorum (3 replicas), 1 client",1657,0.9798999526537955
"Quorum (3 replicas), 1 client",1658,1.0670000337995589
"Quorum (3 replicas), 1 client",1659,0.9350000182166696
"Quorum (3 replicas), 1 client",1660,0.9790000040084124
"Quorum (3 replicas), 1 client",1661,1.008200051728636
"Quorum (3 replicas), 1 client",1662,1.0647000162862241
"Quorum (3 replicas), 1 client",1663,0.9888999629765749
"Quorum (3 replicas), 1 client",1664,1.057300018146634
"Quorum (3 replicas), 1 client",1665,1.1602999875321984
"Quorum (3 replicas), 1 client",1666,1.0165999992750585
"Quorum (3 replicas), 1 client",1667,1.0254000080749393
"Quorum (3 replicas), 1 client",1668,1.0089999996125698
"Quorum (3 replicas), 1 client",1669,1.0209999745711684
"Quorum (3 replicas), 1 client",1670,1.0094000026583672
"Quorum (3 replicas), 1 client",1671,0.9652999578975141
"Quorum (3 replicas), 1 client",1672,1.0147999855689704
"Quorum (3 replicas), 1 client",1673,1.0254000080749393
"Quorum (3 replicas), 1 client",1674,1.0079999919980764
"Quorum (3 replicas), 1 client",1675,1.0301999864168465
"Quorum (3 replicas), 1 client",1676,1.0002999915741384
"Quorum (3 replicas), 1 client",1677,1.0238999966531992
"Quorum (3 replicas), 1 client",1678,1.0686999885365367
"Quorum (3 replicas), 1 client",1679,1.01500004529953
"Quorum (3 replicas), 1 client",1680,0.9711000020615757
"Quorum (3 replicas), 1 client",1681,1.0822000331245363
"Quorum (3 replicas), 1 client",1682,1.1104000150226057
"Quorum (3 replicas), 1 client",1683,0.9417000110261142
"Quorum (3 replicas), 1 client",1684,0.971800007391721
"Quorum (3 replicas), 1 client",1685,1.0207999730482697
"Quorum (3 replicas), 1 client",1686,1.0223999852314591
"Quorum (3 replicas), 1 client",1687,1.0195000213570893
"Quorum (3 replicas), 1 client",1688,1.0307999909855425
"Quorum (3 replicas), 1 client",1689,1.0375999845564365
"Quorum (3 replicas), 1 client",1690,1.0551000013947487
"Quorum (3 replicas), 1 client",1691,0.9814000222831964
"Quorum (3 replicas), 1 client",1692,0.9855999960564077
"Quorum (3 replicas), 1 client",1693,1.0121999657712877
"Quorum (3 replicas), 1 client",1694,1.0025000083260238
"Quorum (3 replicas), 1 client",1695,1.0855000000447035
"Quorum (3 replicas), 1 client",1696,1.0400000028312206
"Quorum (3 replicas), 1 client",1697,1.0980999795719981
"Quorum (3 replicas), 1 client",1698,1.084199990145862
"Quorum (3 replicas), 1 client",1699,1.0535999899730086
"Quorum (3 replicas), 1 client",1700,1.0159999947063625
"Quorum (3 replicas), 1 client",1701,0.990999978967011
"Quorum (3 replicas), 1 client",1702,0.9954000124707818
"Quorum (3 replicas), 1 client",1703,0.9934999980032444
"Quorum (3 replicas), 1 client",1704,1.020600029733032
"Quorum (3 replicas), 1 client",1705,1.0186000145040452
"Quorum (3 replicas), 1 client",1706,1.0192000190727413
"Quorum (3 replicas), 1 client",1707,1.0157999931834638
"Quorum (3 replicas), 1 client",1708,1.0071999859064817
"Quorum (3 replicas), 1 client",1709,0.9817000245675445
"Quorum (3 replicas), 1 client",1710,1.041599956806749
"Quorum (3 replicas), 1 client",1711,1.0032000136561692
"Quorum (3 replicas), 1 client",1712,1.048700010869652
"Quorum (3 replicas), 1 client",1713,1.0263000149279833
"Quorum (3 replicas), 1 client",1714,1.0980999795719981
"Quorum (3 replicas), 1 client",1715,1.0532999876886606
"Quorum (3 replicas), 1 client",1716,1.0323000024072826
"Quorum (3 replicas), 1 client",1717,1.0429000249132514
"Quorum (3 replicas), 1 client",1718,1.0223999852314591
"Quorum (3 replicas), 1 client",1719,1.0281999711878598
"Quorum (3 replicas), 1 client",1720,1.0156999924220145
"Quorum (3 replicas), 1 client",1721,0.9624999947845936
"Quorum (3 replicas), 1 client",1722,1.0087999980896711
"Quorum (3 replicas), 1 client",1723,1.0024000075645745
"Quorum (3 replicas), 1 client",1724,1.0251000057905912
"Quorum (3 replicas), 1 client",1725,1.0206999722868204
"Quorum (3 replicas), 1 client",1726,1.0371999815106392
"Quorum (3 replicas), 1 client",1727,1.0544999968260527
"Quorum (3 replicas), 1 client",1728,1.0439999750815332
"Quorum (3 replicas), 1 client",1729,0.9701999952085316
"Quorum (3 replicas), 1 client",1730,1.0506999678909779
"Quorum (3 replicas), 1 client",1731,0.9599999757483602
"Quorum (3 replicas), 1 client",1732,1.0451999842189252
"Quorum (3 replicas), 1 client",1733,1.0506000253371894
"Quorum (3 replicas), 1 client",1734,1.0083999950438738
"Quorum (3 replicas), 1 client",1735,0.9957000147551298
"Quorum (3 replicas), 1 client",1736,1.0639000101946294
"Quorum (3 replicas), 1 client",1737,1.0651000193320215
"Quorum (3 replicas), 1 client",1738,0.9541999897919595
"Quorum (3 replicas), 1 client",1739,1.0023000068031251
"Quorum (3 replicas), 1 client",1740,1.0867000091820955
"Quorum (3 replicas), 1 client",1741,1.0544999968260527
"Quorum (3 replicas), 1 client",1742,1.0172000038437545
"Quorum (3 replicas), 1 client",1743,0.9939000010490417
"Quorum (3 replicas), 1 client",1744,0.9957000147551298
"Quorum (3 replicas), 1 client",1745,1.046599994879216
"Quorum (3 replicas), 1 client",1746,0.9822999709285796
"Quorum (3 replicas), 1 client",1747,1.0030000121332705
"Quorum (3 replicas), 1 client",1748,1.0536000481806695
"Quorum (3 replicas), 1 client",1749,1.0408000089228153
"Quorum (3 replicas), 1 client",1750,1.0003999923355877
"Quorum (3 replicas), 1 client",1751,0.9662999655120075
"Quorum (3 replicas), 1 client",1752,1.049900020007044
"Quorum (3 replicas), 1 client",1753,1.032699947245419
"Quorum (3 replicas), 1 client",1754,1.0500000207684934
"Quorum (3 replicas), 1 client",1755,1.0643999557942152
"Quorum (3 replicas), 1 client",1756,1.0633000056259334
"Quorum (3 replicas), 1 client",1757,1.0940000065602362
"Quorum (3 replicas), 1 client",1758,1.019100018311292
"Quorum (3 replicas), 1 client",1759,0.9608999826014042
"Quorum (3 replicas), 1 client",1760,1.0175000061281025
"Quorum (3 replicas), 1 client",1761,1.3483999646268785
"Quorum (3 replicas), 1 client",1762,1.0511999716982245
"Quorum (3 replicas), 1 client",1763,1.0507000260986388
"Quorum (3 replicas), 1 client",1764,1.0581000242382288
"Quorum (3 replicas), 1 client",1765,1.0492999572306871
"Quorum (3 replicas), 1 client",1766,1.0098000057041645
"Quorum (3 replicas), 1 client",1767,1.0523999808356166
"Quorum (3 replicas), 1 client",1768,1.0380999883636832
"Quorum (3 replicas), 1 client",1769,1.0418000165373087
"Quorum (3 replicas), 1 client",1770,1.140100008342415
"Quorum (3 replicas), 1 client",1771,1.2036000262014568
"Quorum (3 replicas), 1 client",1772,1.2713000178337097
"Quorum (3 replicas), 1 client",1773,0.9565000073052943
"Quorum (3 replicas), 1 client",1774,1.0525000398047268
"Quorum (3 replicas), 1 client",1775,1.0613000486046076
"Quorum (3 replicas), 1 client",1776,1.0553000029176474
"Quorum (3 replicas), 1 client",1777,1.0316999978385866
"Quorum (3 replicas), 1 client",1778,0.9710000013001263
"Quorum (3 replicas), 1 client",1779,1.0531999869272113
"Quorum (3 replicas), 1 client",1780,1.0380999883636832
"Quorum (3 replicas), 1 client",1781,1.0433999705128372
"Quorum (3 replicas), 1 client",1782,1.0700999991968274
"Quorum (3 replicas), 1 client",1783,1.0460999910719693
"Quorum (3 replicas), 1 client",1784,0.9825000306591392
"Quorum (3 replicas), 1 client",1785,1.0440999758429825
"Quorum (3 replicas), 1 client",1786,0.9587999666109681
"Quorum (3 replicas), 1 client",1787,1.0081999935209751
"Quorum (3 replicas), 1 client",1788,0.9646000107750297
"Quorum (3 replicas), 1 client",1789,1.0257000103592873
"Quorum (3 replicas), 1 client",1790,0.9748999727889895
"Quorum (3 replicas), 1 client",1791,1.0455999872647226
"Quorum (3 replicas), 1 client",1792,1.0032000136561692
"Quorum (3 replicas), 1 client",1793,1.0283999727107584
"Quorum (3 replicas), 1 client",1794,1.0591999744065106
"Quorum (3 replicas), 1 client",1795,1.067599980160594
"Quorum (3 replicas), 1 client",1796,0.9816999663598835
"Quorum (3 replicas), 1 client",1797,1.0100000072270632
"Quorum (3 replicas), 1 client",1798,1.0348999639973044
"Quorum (3 replicas), 1 client",1799,1.0358000290580094
"Quorum (3 replicas), 1 client",1800,1.026200014166534
"Quorum (3 replicas), 1 client",1801,1.1492000194266438
"Quorum (3 replicas), 1 client",1802,0.9852999937720597
"Quorum (3 replicas), 1 client",1803,1.0116000194102526
"Quorum (3 replicas), 1 client",1804,1.0148999863304198
"Quorum (3 replicas), 1 client",1805,1.033299951814115
"Quorum (3 replicas), 1 client",1806,0.9984000353142619
"Quorum (3 replicas), 1 client",1807,1.0110000148415565
"Quorum (3 replicas), 1 client",1808,1.066099968738854
"Quorum (3 replicas), 1 client",1809,1.1748000397346914
"Quorum (3 replicas), 1 client",1810,1.101600006222725
"Quorum (3 replicas), 1 client",1811,1.0458999895490706
"Quorum (3 replicas), 1 client",1812,1.0857000015676022
"Quorum (3 replicas), 1 client",1813,1.0676999809220433
"Quorum (3 replicas), 1 client",1814,1.0337999556213617
"Quorum (3 replicas), 1 client",1815,1.121699984651059
"Quorum (3 replicas), 1 client",1816,1.0606999858282506
"Quorum (3 replicas), 1 client",1817,0.9807000169530511
"Quorum (3 replicas), 1 client",1818,0.9802999556995928
"Quorum (3 replicas), 1 client",1819,0.9688999853096902
"Quorum (3 replicas), 1 client",1820,1.0109000140801072
"Quorum (3 replicas), 1 client",1821,0.9690999868325889
"Quorum (3 replicas), 1 client",1822,1.0526999831199646
"Quorum (3 replicas), 1 client",1823,0.92889997176826
"Quorum (3 replicas), 1 client",1824,1.0943000088445842
"Quorum (3 replicas), 1 client",1825,1.0236999951303005
"Quorum (3 replicas), 1 client",1826,1.0219000396318734
"Quorum (3 replicas), 1 client",1827,1.00760004715994
"Quorum (3 replicas), 1 client",1828,0.9624999947845936
"Quorum (3 replicas), 1 client",1829,1.027700025588274
"Quorum (3 replicas), 1 client",1830,1.0892999707721174
"Quorum (3 replicas), 1 client",1831,1.1541999992914498
"Quorum (3 replicas), 1 client",1832,1.0137000354006886
"Quorum (3 replicas), 1 client",1833,1.0179999517276883
"Quorum (3 replicas), 1 client",1834,0.9902000310830772
"Quorum (3 replicas), 1 client",1835,0.9626999963074923
"Quorum (3 replicas), 1 client",1836,1.0040000197477639
"Quorum (3 replicas), 1 client",1837,0.9810999617911875
"Quorum (3 replicas), 1 client",1838,1.0028000106103718
"Quorum (3 replicas), 1 client",1839,0.9761999826878309
"Quorum (3 replicas), 1 client",1840,1.0748999775387347
"Quorum (3 replicas), 1 client",1841,0.9831999777816236
"Quorum (3 replicas), 1 client",1842,1.0297999833710492
"Quorum (3 replicas), 1 client",1843,1.0144999832846224
"Quorum (3 replicas), 1 client",1844,1.006099977530539
"Quorum (3 replicas), 1 client",1845,0.9566000080667436
"Quorum (3 replicas), 1 client",1846,1.3249999610707164
"Quorum (3 replicas), 1 client",1847,1.1432000319473445
"Quorum (3 replicas), 1 client",1848,0.9918000432662666
"Quorum (3 replicas), 1 client",1849,1.0689000482670963
"Quorum (3 replicas), 1 client",1850,0.9902000310830772
"Quorum (3 replicas), 1 client",1851,1.0093000018969178
"Quorum (3 replicas), 1 client",1852,0.9914000402204692
"Quorum (3 replicas), 1 client",1853,1.0393999982625246
"Quorum (3 replicas), 1 client",1854,1.0600000387057662
"Quorum (3 replicas), 1 client",1855,1.2058000429533422
"Quorum (3 replicas), 1 client",1856,1.043700031004846
"Quorum (3 replicas), 1 client",1857,0.9836999815888703
"Quorum (3 replicas), 1 client",1858,1.0053999722003937
"Quorum (3 replicas), 1 client",1859,0.977099989540875
"Quorum (3 replicas), 1 client",1860,0.9699999936856329
"Quorum (3 replicas), 1 client",1861,1.0165999992750585
"Quorum (3 replicas), 1 client",1862,1.019700022879988
"Quorum (3 replicas), 1 client",1863,1.0222999844700098
"Quorum (3 replicas), 1 client",1864,1.0694999946281314
"Quorum (3 replicas), 1 client",1865,1.0169000015594065
"Quorum (3 replicas), 1 client",1866,0.9885000181384385
"Quorum (3 replicas), 1 client",1867,1.04599999031052
"Quorum (3 replicas), 1 client",1868,1.032699947245419
"Quorum (3 replicas), 1 client",1869,0.9957000147551298
"Quorum (3 replicas), 1 client",1870,0.9536999859847128
"Quorum (3 replicas), 1 client",1871,1.2028999626636505
"Quorum (3 replicas), 1 client",1872,1.067299977876246
"Quorum (3 replicas), 1 client",1873,1.0446000378578901
"Quorum (3 replicas), 1 client",1874,1.001099997665733
"Quorum (3 replicas), 1 client",1875,1.069399993866682
"Quorum (3 replicas), 1 client",1876,1.0305999894626439
"Quorum (3 replicas), 1 client",1877,0.9946000063791871
"Quorum (3 replicas), 1 client",1878,1.0038999607786536
"Quorum (3 replicas), 1 client",1879,0.9953000117093325
"Quorum (3 replicas), 1 client",1880,0.9997999877668917
"Quorum (3 replicas), 1 client",1881,0.9747999720275402
"Quorum (3 replicas), 1 client",1882,1.0097000049427152
"Quorum (3 replicas), 1 client",1883,1.0009999969042838
"Quorum (3 replicas), 1 client",1884,1.0244000004604459
"Quorum (3 replicas), 1 client",1885,0.9802000131458044
"Quorum (3 replicas), 1 client",1886,0.9467000490985811
"Quorum (3 replicas), 1 client",1887,1.2366000446490943
"Quorum (3 replicas), 1 client",1888,1.0689000482670963
"Quorum (3 replicas), 1 client",1889,1.0557000059634447
"Quorum (3 replicas), 1 client",1890,0.9749999735504389
"Quorum (3 replicas), 1 client",1891,1.0142999817617238
"Quorum (3 replicas), 1 client",1892,1.0520000359974802
"Quorum (3 replicas), 1 client",1893,1.0068000410683453
"Quorum (3 replicas), 1 client",1894,0.9813000215217471
"Quorum (3 replicas), 1 client",1895,0.9769999887794256
"Quorum (3 replicas), 1 client",1896,0.9916999842971563
"Quorum (3 replicas), 1 client",1897,0.993099994957447
"Quorum (3 replicas), 1 client",1898,1.0688999900594354
"Quorum (3 replicas), 1 client",1899,0.992799992673099
"Quorum (3 replicas), 1 client",1900,0.9713000035844743
"Quorum (3 replicas), 1 client",1901,0.9738000226207078
"Quorum (3 replicas), 1 client",1902,0.9488999494351447
"Quorum (3 replicas), 1 client",1903,0.9680000366643071
"Quorum (3 replicas), 1 client",1904,0.9832000359892845
"Quorum (3 replicas), 1 client",1905,0.9955000132322311
"Quorum (3 replicas), 1 client",1906,1.1137999827042222
"Quorum (3 replicas), 1 client",1907,1.2234000023454428
"Quorum (3 replicas), 1 client",1908,1.066099968738854
"Quorum (3 replicas), 1 client",1909,1.0590999736450613
"Quorum (3 replicas), 1 client",1910,1.0691999923437834
"Quorum (3 replicas), 1 client",1911,1.145699992775917
"Quorum (3 replicas), 1 client",1912,0.9766999864950776
"Quorum (3 replicas), 1 client",1913,0.992799992673099
"Quorum (3 replicas), 1 client",1914,1.0047999676316977
"Quorum (3 replicas), 1 client",1915,1.0279000271111727
"Quorum (3 replicas), 1 client",1916,0.9901000303216279
"Quorum (3 replicas), 1 client",1917,1.0325000039301813
"Quorum (3 replicas), 1 client",1918,0.9194000158458948
"Quorum (3 replicas), 1 client",1919,1.0029000113718212
"Quorum (3 replicas), 1 client",1920,1.025600009597838
"Quorum (3 replicas), 1 client",1921,1.0393999982625246
"Quorum (3 replicas), 1 client",1922,1.142699969932437
"Quorum (3 replicas), 1 client",1923,1.1753999860957265
"Quorum (3 replicas), 1 client",1924,1.1591999791562557
"Quorum (3 replicas), 1 client",1925,1.1425000266171992
"Quorum (3 replicas), 1 client",1926,1.1583000305108726
"Quorum (3 replicas), 1 client",1927,1.1275999713689089
"Quorum (3 replicas), 1 client",1928,1.145099988207221
"Quorum (3 replicas), 1 client",1929,1.1534999939613044
"Quorum (3 replicas), 1 client",1930,1.1297999881207943
"Quorum (3 replicas), 1 client",1931,1.101000001654029
"Quorum (3 replicas), 1 client",1932,1.1251000105403364
"Quorum (3 replicas), 1 client",1933,1.0444999788887799
"Quorum (3 replicas), 1 client",1934,1.2196999741718173
"Quorum (3 replicas), 1 client",1935,1.2166000087745488
"Quorum (3 replicas), 1 client",1936,1.1769999982789159
"Quorum (3 replicas), 1 client",1937,1.0890000266954303
"Quorum (3 replicas), 1 client",1938,1.0649999603629112
"Quorum (3 replicas), 1 client",1939,1.1593999806791544
"Quorum (3 replicas), 1 client",1940,1.109300006646663
"Quorum (3 replicas), 1 client",1941,1.0704000014811754
"Quorum (3 replicas), 1 client",1942,1.0866000084206462
"Quorum (3 replicas), 1 client",1943,1.2199999764561653
"Quorum (3 replicas), 1 client",1944,1.172600022982806
"Quorum (3 replicas), 1 client",1945,1.1689999955706298
"Quorum (3 replicas), 1 client",1946,1.03420001687482
"Quorum (3 replicas), 1 client",1947,1.0714999516494572
"Quorum (3 replicas), 1 client",1948,1.132700010202825
"Quorum (3 replicas), 1 client",1949,1.134699967224151
"Quorum (3 replicas), 1 client",1950,1.1289999820291996
"Quorum (3 replicas), 1 client",1951,1.1522999848239124
"Quorum (3 replicas), 1 client",1952,1.07709999429062
"Quorum (3 replicas), 1 client",1953,1.0990999871864915
"Quorum (3 replicas), 1 client",1954,1.1682999902404845
"Quorum (3 replicas), 1 client",1955,1.0990999871864915
"Quorum (3 replicas), 1 client",1956,1.1131999781355262
"Quorum (3 replicas), 1 client",1957,1.0710000060498714
"Quorum (3 replicas), 1 client",1958,1.06380000943318
"Quorum (3 replicas), 1 client",1959,1.1396000045351684
"Quorum (3 replicas), 1 client",1960,1.1137999827042222
"Quorum (3 replicas), 1 client",1961,1.0457999887876213
"Quorum (3 replicas), 1 client",1962,1.1572999646887183
"Quorum (3 replicas), 1 client",1963,1.3351999805308878
"Quorum (3 replicas), 1 client",1964,1.139200001489371
"Quorum (3 replicas), 1 client",1965,1.090699981432408
"Quorum (3 replicas), 1 client",1966,1.0789000079967082
"Quorum (3 replicas), 1 client",1967,1.0859000030905008
"Quorum (3 replicas), 1 client",1968,1.1000999948009849
"Quorum (3 replicas), 1 client",1969,1.139500003773719
"Quorum (3 replicas), 1 client",1970,1.0913999867625535
"Quorum (3 replicas), 1 client",1971,1.1813999735750258
"Quorum (3 replicas), 1 client",1972,1.095699961297214
"Quorum (3 replicas), 1 client",1973,1.1497000232338905
"Quorum (3 replicas), 1 client",1974,1.111400022637099
"Quorum (3 replicas), 1 client",1975,1.1288999812677503
"Quorum (3 replicas), 1 client",1976,1.1817999766208231
"Quorum (3 replicas), 1 client",1977,1.1076999944634736
"Quorum (3 replicas), 1 client",1978,1.222899998538196
"Quorum (3 replicas), 1 client",1979,1.1631999514065683
"Quorum (3 replicas), 1 client",1980,1.1214999831281602
"Quorum (3 replicas), 1 client",1981,1.129999989643693
"Quorum (3 replicas), 1 client",1982,1.0962000233121216
"Quorum (3 replicas), 1 client",1983,1.1008000001311302
"Quorum (3 replicas), 1 client",1984,1.1585000320337713
"Quorum (3 replicas), 1 client",1985,1.0683000436984003
"Quorum (3 replicas), 1 client",1986,1.0447000386193395
"Quorum (3 replicas), 1 client",1987,1.151600037701428
"Quorum (3 replicas), 1 client",1988,1.2391999480314553
"Quorum (3 replicas), 1 client",1989,1.0494000161997974
"Quorum (3 replicas), 1 client",1990,2.370300004258752
"Quorum (3 replicas), 1 client",1991,1.3755999971181154
"Quorum (3 replicas), 1 client",1992,1.1531999916769564
"Quorum (3 replicas), 1 client",1993,1.0806999634951353
"Quorum (3 replicas), 1 client",1994,1.0983000393025577
"Quorum (3 replicas), 1 client",1995,1.088300021365285
"Quorum (3 replicas), 1 client",1996,1.1614999966695905
"Quorum (3 replicas), 1 client",1997,1.1539999977685511
"Quorum (3 replicas), 1 client",1998,1.019100018311292
"Quorum (3 replicas), 1 client",1999,1.2326999567449093
"Quorum (3 replicas), 16 clients",0,2.5651000323705375
"Quorum (3 replicas), 16 clients",1,11.268600006587803
"Quorum (3 replicas), 16 clients",2,7.042800018098205
"Quorum (3 replicas), 16 clients",3,7.381799980066717
"Quorum (3 replicas), 16 clients",4,5.237300007138401
"Quorum (3 replicas), 16 clients",5,6.333800032734871
"Quorum (3 replicas), 16 clients",6,12.398399994708598
"Quorum (3 replicas), 16 clients",7,7.110700011253357
"Quorum (3 replicas), 16 clients",8,10.09399996837601
"Quorum (3 replicas), 16 clients",9,10.449900000821799
"Quorum (3 replicas), 16 clients",10,7.73829995887354
"Quorum (3 replicas), 16 clients",11,8.923600020352751
"Quorum (3 replicas), 16 clients",12,4.461700038518757
"Quorum (3 replicas), 16 clients",13,6.406100001186132
"Quorum (3 replicas), 16 clients",14,7.784700021147728
"Quorum (3 replicas), 16 clients",15,7.4294000514782965
"Quorum (3 replicas), 16 clients",16,12.464100029319525
"Quorum (3 replicas), 16 clients",17,7.5376000022515655
"Quorum (3 replicas), 16 clients",18,13.045900035649538
"Quorum (3 replicas), 16 clients",19,17.683700018096715
"Quorum (3 replicas), 16 clients",20,14.879299968015403
"Quorum (3 replicas), 16 clients",21,12.476800009608269
"Quorum (3 replicas), 16 clients",22,15.633100003469735
"Quorum (3 replicas), 16 clients",23,11.680700001306832
"Quorum (3 replicas), 16 clients",24,5.793699994683266
"Quorum (3 replicas), 16 clients",25,20.587599952705204
"Quorum (3 replicas), 16 clients",26,7.567399996332824
"Quorum (3 replicas), 16 clients",27,6.309000018518418
"Quorum (3 replicas), 16 clients",28,9.791499993298203
"Quorum (3 replicas), 16 clients",29,7.603999983984977
"Quorum (3 replicas), 16 clients",30,4.195599991362542
"Quorum (3 replicas), 16 clients",31,5.078100017271936
"Quorum (3 replicas), 16 clients",32,14.169699978083372
"Quorum (3 replicas), 16 clients",33,27.341999986674637
"Quorum (3 replicas), 16 clients",34,7.873800001107156
"Quorum (3 replicas), 16 clients",35,10.98899997305125
"Quorum (3 replicas), 16 clients",36,5.339499970432371
"Quorum (3 replicas), 16 clients",37,8.00209998851642
"Quorum (3 replicas), 16 clients",38,5.7619999861344695
"Quorum (3 replicas), 16 clients",39,15.493799990508705
"Quorum (3 replicas), 16 clients",40,17.645200015977025
"Quorum (3 replicas), 16 clients",41,15.681200020480901
"Quorum (3 replicas), 16 clients",42,8.68379999883473
"Quorum (3 replicas), 16 clients",43,15.880999970249832
"Quorum (3 replicas), 16 clients",44,7.152899983339012
"Quorum (3 replicas), 16 clients",45,5.176200007554144
"Quorum (3 replicas), 16 clients",46,7.5591999921016395
"Quorum (3 replicas), 16 clients",47,13.387500017415732
"Quorum (3 replicas), 16 clients",48,18.50359997479245
"Quorum (3 replicas), 16 clients",49,17.75440003257245
"Quorum (3 replicas), 16 clients",50,14.283200027421117
"Quorum (3 replicas), 16 clients",51,16.651199955958873
"Quorum (3 replicas), 16 clients",52,5.169600015506148
"Quorum (3 replicas), 16 clients",53,17.791599966585636
"Quorum (3 replicas), 16 clients",54,17.021799983922392
"Quorum (3 replicas), 16 clients",55,5.556299991440028
"Quorum (3 replicas), 16 clients",56,5.673500010743737
"Quorum (3 replicas), 16 clients",57,8.946599962655455
"Quorum (3 replicas), 16 clients",58,5.960099981166422
"Quorum (3 replicas), 16 clients",59,5.43750001816079
"Quorum (3 replicas), 16 clients",60,33.57269999105483
"Quorum (3 replicas), 16 clients",61,4.5844000414945185
"Quorum (3 replicas), 16 clients",62,8.401300001423806
"Quorum (3 replicas), 16 clients",63,12.534900044556707
"Quorum (3 replicas), 16 clients",64,15.72590001160279
"Quorum (3 replicas), 16 clients",65,8.685900014825165
"Quorum (3 replicas), 16 clients",66,7.483299996238202
"Quorum (3 replicas), 16 clients",67,10.782600031234324
"Quorum (3 replicas), 16 clients",68,5.057200032752007
"Quorum (3 replicas), 16 clients",69,7.712499995250255
"Quorum (3 replicas), 16 clients",70,4.6737000229768455
"Quorum (3 replicas), 16 clients",71,14.028500008862466
"Quorum (3 replicas), 16 clients",72,4.6462000464089215
"Quorum (3 replicas), 16 clients",73,15.10640000924468
"Quorum (3 replicas), 16 clients",74,5.297900002915412
"Quorum (3 replicas), 16 clients",75,16.5302999666892
"Quorum (3 replicas), 16 clients",76,4.815399996004999
"Quorum (3 replicas), 16 clients",77,9.509499999694526
"Quorum (3 replicas), 16 clients",78,6.605700007639825
"Quorum (3 replicas), 16 clients",79,13.465400028508157
"Quorum (3 replicas), 16 clients",80,4.722899990156293
"Quorum (3 replicas), 16 clients",81,19.340200000442564
"Quorum (3 replicas), 16 clients",82,18.17799999844283
"Quorum (3 replicas), 16 clients",83,10.875699983444065
"Quorum (3 replicas), 16 clients",84,18.37020000675693
"Quorum (3 replicas), 16 clients",85,30.960700009018183
"Quorum (3 replicas), 16 clients",86,5.055999965406954
"Quorum (3 replicas), 16 clients",87,4.219800001010299
"Quorum (3 replicas), 16 clients",88,5.673500010743737
"Quorum (3 replicas), 16 clients",89,5.939399998169392
"Quorum (3 replicas), 16 clients",90,13.330500049050897
"Quorum (3 replicas), 16 clients",91,7.408300007227808
"Quorum (3 replicas), 16 clients",92,5.9689999907277524
"Quorum (3 replicas), 16 clients",93,12.213399983011186
"Quorum (3 replicas), 16 clients",94,15.712199965491891
"Quorum (3 replicas), 16 clients",95,4.755500005558133
"Quorum (3 replicas), 16 clients",96,5.070800019893795
"Quorum (3 replicas), 16 clients",97,7.300900004338473
"Quorum (3 replicas), 16 clients",98,8.67940002353862
"Quorum (3 replicas), 16 clients",99,4.571400000713766
"Quorum (3 replicas), 16 clients",100,9.912999987136573
"Quorum (3 replicas), 16 clients",101,11.317700031213462
"Quorum (3 replicas), 16 clients",102,4.891700053121895
"Quorum (3 replicas), 16 clients",103,14.402500004507601
"Quorum (3 replicas), 16 clients",104,6.364599976222962
"Quorum (3 replicas), 16 clients",105,5.058899987488985
"Quorum (3 replicas), 16 clients",106,3.9767000125721097
"Quorum (3 replicas), 16 clients",107,10.222099954262376
"Quorum (3 replicas), 16 clients",108,10.348199983127415
"Quorum (3 replicas), 16 clients",109,18.09329999377951
"Quorum (3 replicas), 16 clients",110,3.9419999811798334
"Quorum (3 replicas), 16 clients",111,9.179599990602583
"Quorum (3 replicas), 16 clients",112,4.339999984949827
"Quorum (3 replicas), 16 clients",113,5.054700013715774
"Quorum (3 replicas), 16 clients",114,4.79750003432855
"Quorum (3 replicas), 16 clients",115,14.939899963792413
"Quorum (3 replicas), 16 clients",116,9.485899994615465
"Quorum (3 replicas), 16 clients",117,12.073999969288707
"Quorum (3 replicas), 16 clients",118,9.435100015252829
"Quorum (3 replicas), 16 clients",119,7.285500003490597
"Quorum (3 replicas), 16 clients",120,4.0148000116460025
"Quorum (3 replicas), 16 clients",121,8.652699994854629
"Quorum (3 replicas), 16 clients",122,7.81099998857826
"Quorum (3 replicas), 16 clients",123,5.1098999683745205
"Quorum (3 replicas), 16 clients",124,3.777500009164214
"Quorum (3 replicas), 16 clients",125,7.915899972431362
"Quorum (3 replicas), 16 clients",126,16.913000028580427
"Quorum (3 replicas), 16 clients",127,28.315900010056794
"Quorum (3 replicas), 16 clients",128,5.598700023256242
"Quorum (3 replicas), 16 clients",129,18.45050003612414
"Quorum (3 replicas), 16 clients",130,5.56350004626438
"Quorum (3 replicas), 16 clients",131,25.041200045961887
"Quorum (3 replicas), 16 clients",132,18.142900022212416
"Quorum (3 replicas), 16 clients",133,9.638099989388138
"Quorum (3 replicas), 16 clients",134,25.65550000872463
"Quorum (3 replicas), 16 clients",135,10.740500001702458
"Quorum (3 replicas), 16 clients",136,5.936000030487776
"Quorum (3 replicas), 16 clients",137,12.675800011493266
"Quorum (3 replicas), 16 clients",138,6.806699966546148
"Quorum (3 replicas), 16 clients",139,5.4376000189222395
"Quorum (3 replicas), 16 clients",140,13.17290001315996
"Quorum (3 replicas), 16 clients",141,10.413500014692545
"Quorum (3 replicas), 16 clients",142,5.3792999824509025
"Quorum (3 replicas), 16 clients",143,7.966299948748201
"Quorum (3 replicas), 16 clients",144,8.384999993722886
"Quorum (3 replicas), 16 clients",145,4.851100035011768
"Quorum (3 replicas), 16 clients",146,13.205200026277453
"Quorum (3 replicas), 16 clients",147,13.304499967489392
"Quorum (3 replicas), 16 clients",148,6.658700003754348
"Quorum (3 replicas), 16 clients",149,11.004699976183474
"Quorum (3 replicas), 16 clients",150,13.214699982199818
"Quorum (3 replicas), 16 clients",151,12.600100017152727
"Quorum (3 replicas), 16 clients",152,15.423200035002083
"Quorum (3 replicas), 16 clients",153,5.088199977762997
"Quorum (3 replicas), 16 clients",154,8.549599966499954
"Quorum (3 replicas), 16 clients",155,19.11549997748807
"Quorum (3 replicas), 16 clients",156,13.620499987155199
"Quorum (3 replicas), 16 clients",157,11.593800038099289
"Quorum (3 replicas), 16 clients",158,5.878199997823685
"Quorum (3 replicas), 16 clients",159,6.6303000203333795
"Quorum (3 replicas), 16 clients",160,13.317600009031594
"Quorum (3 replicas), 16 clients",161,5.666700017172843
"Quorum (3 replicas), 16 clients",162,8.552599989343435
"Quorum (3 replicas), 16 clients",163,5.339500028640032
"Quorum (3 replicas), 16 clients",164,15.504000009968877
"Quorum (3 replicas), 16 clients",165,27.195900038350374
"Quorum (3 replicas), 16 clients",166,9.608399996068329
"Quorum (3 replicas), 16 clients",167,5.2977000013925135
"Quorum (3 replicas), 16 clients",168,5.3678000112995505
"Quorum (3 replicas), 16 clients",169,11.256100027821958
"Quorum (3 replicas), 16 clients",170,7.062399992719293
"Quorum (3 replicas), 16 clients",171,14.745399996172637
"Quorum (3 replicas), 16 clients",172,19.57530004438013
"Quorum (3 replicas), 16 clients",173,7.597499992698431
"Quorum (3 replicas), 16 clients",174,10.601199988741428
"Quorum (3 replicas), 16 clients",175,8.051400014664978
"Quorum (3 replicas), 16 clients",176,5.504899949301034
"Quorum (3 replicas), 16 clients",177,5.749800009652972
"Quorum (3 replicas), 16 clients",178,3.8219999987632036
"Quorum (3 replicas), 16 clients",179,8.850699989125133
"Quorum (3 replicas), 16 clients",180,5.105399992316961
"Quorum (3 replicas), 16 clients",181,4.759099974762648
"Quorum (3 replicas), 16 clients",182,4.9374999944120646
"Quorum (3 replicas), 16 clients",183,6.518899986986071
"Quorum (3 replicas), 16 clients",184,7.617699971888214
"Quorum (3 replicas), 16 clients",185,4.5409000013023615
"Quorum (3 replicas), 16 clients",186,7.074999972246587
"Quorum (3 replicas), 16 clients",187,7.641899981535971
"Quorum (3 replicas), 16 clients",188,8.02880001720041
"Quorum (3 replicas), 16 clients",189,5.992000049445778
"Quorum (3 replicas), 16 clients",190,12.532000022474676
"Quorum (3 replicas), 16 clients",191,6.588500051293522
"Quorum (3 replicas), 16 clients",192,7.646100013516843
"Quorum (3 replicas), 16 clients",193,18.140200001653284
"Quorum (3 replicas), 16 clients",194,4.941799968946725
"Quorum (3 replicas), 16 clients",195,6.394899974111468
"Quorum (3 replicas), 16 clients",196,13.726100034546107
"Quorum (3 replicas), 16 clients",197,4.9579000333324075
"Quorum (3 replicas), 16 clients",198,4.677299992181361
"Quorum (3 replicas), 16 clients",199,7.908700034022331
"Quorum (3 replicas), 16 clients",200,6.556399981491268
"Quorum (3 replicas), 16 clients",201,17.261700006201863
"Quorum (3 replicas), 16 clients",202,9.457500011194497
"Quorum (3 replicas), 16 clients",203,7.040800002869219
"Quorum (3 replicas), 16 clients",204,5.604700010735542
"Quorum (3 replicas), 16 clients",205,5.274900002405047
"Quorum (3 replicas), 16 clients",206,10.85109997075051
"Quorum (3 replicas), 16 clients",207,11.120599985588342
"Quorum (3 replicas), 16 clients",208,8.700800011865795
"Quorum (3 replicas), 16 clients",209,4.822100047022104
"Quorum (3 replicas), 16 clients",210,5.407500022556633
"Quorum (3 replicas), 16 clients",211,21.758100017905235
"Quorum (3 replicas), 16 clients",212,9.02009999845177
"Quorum (3 replicas), 16 clients",213,12.166000029537827
"Quorum (3 replicas), 16 clients",214,5.352000007405877
"Quorum (3 replicas), 16 clients",215,12.113699980545789
"Quorum (3 replicas), 16 clients",216,8.710100024472922
"Quorum (3 replicas), 16 clients",217,10.679099999833852
"Quorum (3 replicas), 16 clients",218,8.595699968282133
"Quorum (3 replicas), 16 clients",219,22.76500000152737
"Quorum (3 replicas), 16 clients",220,4.680000012740493
"Quorum (3 replicas), 16 clients",221,7.097300025634468
"Quorum (3 replicas), 16 clients",222,5.110799975227565
"Quorum (3 replicas), 16 clients",223,12.793799978680909
"Quorum (3 replicas), 16 clients",224,5.2417999831959605
"Quorum (3 replicas), 16 clients",225,5.181599990464747
"Quorum (3 replicas), 16 clients",226,14.413700031582266
"Quorum (3 replicas), 16 clients",227,9.057799994479865
"Quorum (3 replicas), 16 clients",228,6.721700017806143
"Quorum (3 replicas), 16 clients",229,6.116800010204315
"Quorum (3 replicas), 16 clients",230,16.156000026967376
"Quorum (3 replicas), 16 clients",231,4.384099971503019
"Quorum (3 replicas), 16 clients",232,9.254499978851527
"Quorum (3 replicas), 16 clients",233,4.533900006208569
"Quorum (3 replicas), 16 clients",234,10.049999982584268
"Quorum (3 replicas), 16 clients",235,4.202599986456335
"Quorum (3 replicas), 16 clients",236,7.643299992196262
"Quorum (3 replicas), 16 clients",237,7.202000007964671
"Quorum (3 replicas), 16 clients",238,24.180500011425465
"Quorum (3 replicas), 16 clients",239,4.438199975993484
"Quorum (3 replicas), 16 clients",240,11.943000019527972
"Quorum (3 replicas), 16 clients",241,5.358499998692423
"Quorum (3 replicas), 16 clients",242,8.596999978180975
"Quorum (3 replicas), 16 clients",243,4.457700008060783
"Quorum (3 replicas), 16 clients",244,6.529100006446242
"Quorum (3 replicas), 16 clients",245,15.240199980325997
"Quorum (3 replicas), 16 clients",246,5.280899989884347
"Quorum (3 replicas), 16 clients",247,13.674899993930012
"Quorum (3 replicas), 16 clients",248,22.623599972575903
"Quorum (3 replicas), 16 clients",249,6.272100028581917
"Quorum (3 replicas), 16 clients",250,9.241699997801334
"Quorum (3 replicas), 16 clients",251,13.482200040016323
"Quorum (3 replicas), 16 clients",252,6.225799967069179
"Quorum (3 replicas), 16 clients",253,14.87959997029975
"Quorum (3 replicas), 16 clients",254,11.064000020269305
"Quorum (3 replicas), 16 clients",255,17.38939998904243
"Quorum (3 replicas), 16 clients",256,18.85920000495389
"Quorum (3 replicas), 16 clients",257,9.19190002605319
"Quorum (3 replicas), 16 clients",258,8.23470001341775
"Quorum (3 replicas), 16 clients",259,13.259199971798807
"Quorum (3 replicas), 16 clients",260,9.82750003458932
"Quorum (3 replicas), 16 clients",261,11.175299994647503
"Quorum (3 replicas), 16 clients",262,19.30799998808652
"Quorum (3 replicas), 16 clients",263,27.22170000197366
"Quorum (3 replicas), 16 clients",264,15.10769996093586
"Quorum (3 replicas), 16 clients",265,7.942500000353903
"Quorum (3 replicas), 16 clients",266,7.257799967192113
"Quorum (3 replicas), 16 clients",267,10.44230000115931
"Quorum (3 replicas), 16 clients",268,6.152299989480525
"Quorum (3 replicas), 16 clients",269,14.45149997016415
"Quorum (3 replicas), 16 clients",270,10.976499994285405
"Quorum (3 replicas), 16 clients",271,11.93129998864606
"Quorum (3 replicas), 16 clients",272,7.825499982573092
"Quorum (3 replicas), 16 clients",273,18.77059997059405
"Quorum (3 replicas), 16 clients",274,5.300800024997443
"Quorum (3 replicas), 16 clients",275,7.606700004544109
"Quorum (3 replicas), 16 clients",276,6.276500003878027
"Quorum (3 replicas), 16 clients",277,4.670900001656264
"Quorum (3 replicas), 16 clients",278,12.56989996181801
"Quorum (3 replicas), 16 clients",279,26.58280002651736
"Quorum (3 replicas), 16 clients",280,9.715299995150417
"Quorum (3 replicas), 16 clients",281,10.71950001642108
"Quorum (3 replicas), 16 clients",282,8.004100003745407
"Quorum (3 replicas), 16 clients",283,14.02340002823621
"Quorum (3 replicas), 16 clients",284,14.065499999560416
"Quorum (3 replicas), 16 clients",285,16.284900018945336
"Quorum (3 replicas), 16 clients",286,14.485199993941933
"Quorum (3 replicas), 16 clients",287,7.700199959799647
"Quorum (3 replicas), 16 clients",288,16.487899993080646
"Quorum (3 replicas), 16 clients",289,15.517199994064867
"Quorum (3 replicas), 16 clients",290,16.138700011651963
"Quorum (3 replicas), 16 clients",291,13.335600029677153
"Quorum (3 replicas), 16 clients",292,6.084399996325374
"Quorum (3 replicas), 16 clients",293,7.816400029696524
"Quorum (3 replicas), 16 clients",294,13.31809995463118
"Quorum (3 replicas), 16 clients",295,6.09229999827221
"Quorum (3 replicas), 16 clients",296,10.447199980262667
"Quorum (3 replicas), 16 clients",297,4.417999996803701
"Quorum (3 replicas), 16 clients",298,5.53819997003302
"Quorum (3 replicas), 16 clients",299,8.183200028724968
"Quorum (3 replicas), 16 clients",300,6.344399997033179
"Quorum (3 replicas), 16 clients",301,31.368900032248348
"Quorum (3 replicas), 16 clients",302,7.116900000255555
"Quorum (3 replicas), 16 clients",303,5.564099992625415
"Quorum (3 replicas), 16 clients",304,19.110199995338917
"Quorum (3 replicas), 16 clients",305,5.426499992609024
"Quorum (3 replicas), 16 clients",306,16.93350001005456
"Quorum (3 replicas), 16 clients",307,11.431100021582097
"Quorum (3 replicas), 16 clients",308,6.251199985854328
"Quorum (3 replicas), 16 clients",309,7.388099969830364
"Quorum (3 replicas), 16 clients",310,10.90599998133257
"Quorum (3 replicas), 16 clients",311,5.413900013081729
"Quorum (3 replicas), 16 clients",312,13.640699966344982
"Quorum (3 replicas), 16 clients",313,6.94130000192672
"Quorum (3 replicas), 16 clients",314,11.109899962320924
"Quorum (3 replicas), 16 clients",315,7.045299978926778
"Quorum (3 replicas), 16 clients",316,6.724699982441962
"Quorum (3 replicas), 16 clients",317,8.40819999575615
"Quorum (3 replicas), 16 clients",318,9.918399970047176
"Quorum (3 replicas), 16 clients",319,5.440899985842407
"Quorum (3 replicas), 16 clients",320,5.282800004351884
"Quorum (3 replicas), 16 clients",321,4.785199998877943
"Quorum (3 replicas), 16 clients",322,13.773199985735118
"Quorum (3 replicas), 16 clients",323,8.313899976201355
"Quorum (3 replicas), 16 clients",324,5.4085999727249146
"Quorum (3 replicas), 16 clients",325,2.0733000128529966
"Quorum (3 replicas), 16 clients",326,15.65899996785447
"Quorum (3 replicas), 16 clients",327,5.356699984986335
"Quorum (3 replicas), 16 clients",328,5.420600005891174
"Quorum (3 replicas), 16 clients",329,8.34460003534332
"Quorum (3 replicas), 16 clients",330,5.066200043074787
"Quorum (3 replicas), 16 clients",331,14.583700045477599
"Quorum (3 replicas), 16 clients",332,11.558800004422665
"Quorum (3 replicas), 16 clients",333,7.727799995336682
"Quorum (3 replicas), 16 clients",334,5.3094999748282135
"Quorum (3 replicas), 16 clients",335,6.260299996938556
"Quorum (3 replicas), 16 clients",336,17.832099983934313
"Quorum (3 replicas), 16 clients",337,16.303199983667582
"Quorum (3 replicas), 16 clients",338,13.162699993699789
"Quorum (3 replicas), 16 clients",339,19.34990001609549
"Quorum (3 replicas), 16 clients",340,13.878600031603128
"Quorum (3 replicas), 16 clients",341,11.02309999987483
"Quorum (3 replicas), 16 clients",342,6.979799945838749
"Quorum (3 replicas), 16 clients",343,4.650100017897785
"Quorum (3 replicas), 16 clients",344,5.3653999930247664
"Quorum (3 replicas), 16 clients",345,14.2547000432387
"Quorum (3 replicas), 16 clients",346,7.811000046785921
"Quorum (3 replicas), 16 clients",347,5.035300040617585
"Quorum (3 replicas), 16 clients",348,9.851799986790866
"Quorum (3 replicas), 16 clients",349,4.984300001524389
"Quorum (3 replicas), 16 clients",350,15.799300046637654
"Quorum (3 replicas), 16 clients",351,7.603600039146841
"Quorum (3 replicas), 16 clients",352,12.381400039885193
"Quorum (3 replicas), 16 clients",353,10.74019999941811
"Quorum (3 replicas), 16 clients",354,14.012400002684444
"Quorum (3 replicas), 16 clients",355,12.210300017613918
"Quorum (3 replicas), 16 clients",356,7.32499995501712
"Quorum (3 replicas), 16 clients",357,7.577600015792996
"Quorum (3 replicas), 16 clients",358,5.336300004273653
"Quorum (3 replicas), 16 clients",359,15.362899983301759
"Quorum (3 replicas), 16 clients",360,8.483899990096688
"Quorum (3 replicas), 16 clients",361,9.638499992433935
"Quorum (3 replicas), 16 clients",362,4.468799976166338
"Quorum (3 replicas), 16 clients",363,11.082300043199211
"Quorum (3 replicas), 16 clients",364,5.069600010756403
"Quorum (3 replicas), 16 clients",365,16.603700001724064
"Quorum (3 replicas), 16 clients",366,13.506599992979318
"Quorum (3 replicas), 16 clients",367,5.90430002193898
"Quorum (3 replicas), 16 clients",368,3.8077000062912703
"Quorum (3 replicas), 16 clients",369,7.475599995814264
"Quorum (3 replicas), 16 clients",370,4.642900021281093
"Quorum (3 replicas), 16 clients",371,7.312899979297072
"Quorum (3 replicas), 16 clients",372,9.867899992968887
"Quorum (3 replicas), 16 clients",373,5.9837999870069325
"Quorum (3 replicas), 16 clients",374,10.347799980081618
"Quorum (3 replicas), 16 clients",375,31.850600033067167
"Quorum (3 replicas), 16 clients",376,12.844200013205409
"Quorum (3 replicas), 16 clients",377,11.48669997928664
"Quorum (3 replicas), 16 clients",378,19.566299975849688
"Quorum (3 replicas), 16 clients",379,21.694199997000396
"Quorum (3 replicas), 16 clients",380,6.804500008001924
"Quorum (3 replicas), 16 clients",381,9.824899956583977
"Quorum (3 replicas), 16 clients",382,16.57600002363324
"Quorum (3 replicas), 16 clients",383,6.349100032821298
"Quorum (3 replicas), 16 clients",384,8.077199978288263
"Quorum (3 replicas), 16 clients",385,23.829599958844483
"Quorum (3 replicas), 16 clients",386,11.955199996009469
"Quorum (3 replicas), 16 clients",387,13.70640000095591
"Quorum (3 replicas), 16 clients",388,23.45099998638034
"Quorum (3 replicas), 16 clients",389,10.54739998653531
"Quorum (3 replicas), 16 clients",390,9.442599955946207
"Quorum (3 replicas), 16 clients",391,5.834300012793392
"Quorum (3 replicas), 16 clients",392,5.374700005631894
"Quorum (3 replicas), 16 clients",393,18.765600048936903
"Quorum (3 replicas), 16 clients",394,5.211900046560913
"Quorum (3 replicas), 16 clients",395,17.19980000052601
"Quorum (3 replicas), 16 clients",396,12.372999975923449
"Quorum (3 replicas), 16 clients",397,4.775000037625432
"Quorum (3 replicas), 16 clients",398,4.755400004796684
"Quorum (3 replicas), 16 clients",399,14.91690002148971
"Quorum (3 replicas), 16 clients",400,5.49980002688244
"Quorum (3 replicas), 16 clients",401,8.160099969245493
"Quorum (3 replicas), 16 clients",402,11.480299988761544
"Quorum (3 replicas), 16 clients",403,10.144700005184859
"Quorum (3 replicas), 16 clients",404,4.683999984990805
"Quorum (3 replicas), 16 clients",405,10.75929997023195
"Quorum (3 replicas), 16 clients",406,15.832300006877631
"Quorum (3 replicas), 16 clients",407,10.960700048599392
"Quorum (3 replicas), 16 clients",408,5.302000034134835
"Quorum (3 replicas), 16 clients",409,11.895600007846951
"Quorum (3 replicas), 16 clients",410,8.73539998428896
"Quorum (3 replicas), 16 clients",411,24.35299998614937
"Quorum (3 replicas), 16 clients",412,10.96079999115318
"Quorum (3 replicas), 16 clients",413,14.205100014805794
"Quorum (3 replicas), 16 clients",414,6.839300040155649
"Quorum (3 replicas), 16 clients",415,9.265000000596046
"Quorum (3 replicas), 16 clients",416,11.40840002335608
"Quorum (3 replicas), 16 clients",417,7.84949999069795
"Quorum (3 replicas), 16 clients",418,7.336200040299445
"Quorum (3 replicas), 16 clients",419,7.451099983882159
"Quorum (3 replicas), 16 clients",420,4.76319994777441
"Quorum (3 replicas), 16 clients",421,10.633199999574572
"Quorum (3 replicas), 16 clients",422,18.10519996797666
"Quorum (3 replicas), 16 clients",423,15.193100029136986
"Quorum (3 replicas), 16 clients",424,10.95960004022345
"Quorum (3 replicas), 16 clients",425,4.982300044503063
"Quorum (3 replicas), 16 clients",426,21.583600027952343
"Quorum (3 replicas), 16 clients",427,13.012599956709892
"Quorum (3 replicas), 16 clients",428,7.03909998992458
"Quorum (3 replicas), 16 clients",429,10.06150001194328
"Quorum (3 replicas), 16 clients",430,16.580299998167902
"Quorum (3 replicas), 16 clients",431,10.13710000552237
"Quorum (3 replicas), 16 clients",432,11.27810002071783
"Quorum (3 replicas), 16 clients",433,16.59569999901578
"Quorum (3 replicas), 16 clients",434,8.636600046884269
"Quorum (3 replicas), 16 clients",435,11.139000009279698
"Quorum (3 replicas), 16 clients",436,6.048900017049164
"Quorum (3 replicas), 16 clients",437,34.75069999694824
"Quorum (3 replicas), 16 clients",438,10.503600002266467
"Quorum (3 replicas), 16 clients",439,14.104500005487353
"Quorum (3 replicas), 16 clients",440,10.922799992840737
"Quorum (3 replicas), 16 clients",441,5.224400025326759
"Quorum (3 replicas), 16 clients",442,12.66469998518005
"Quorum (3 replicas), 16 clients",443,5.002099962439388
"Quorum (3 replicas), 16 clients",444,11.502999986987561
"Quorum (3 replicas), 16 clients",445,6.357999984174967
"Quorum (3 replicas), 16 clients",446,14.000799972563982
"Quorum (3 replicas), 16 clients",447,11.318500037305057
"Quorum (3 replicas), 16 clients",448,5.566500010900199
"Quorum (3 replicas), 16 clients",449,5.910600011702627
"Quorum (3 replicas), 16 clients",450,23.44180003274232
"Quorum (3 replicas), 16 clients",451,21.62269997643307
"Quorum (3 replicas), 16 clients",452,8.71769996592775
"Quorum (3 replicas), 16 clients",453,22.613200009800494
"Quorum (3 replicas), 16 clients",454,7.8767999657429755
"Quorum (3 replicas), 16 clients",455,10.200600023381412
"Quorum (3 replicas), 16 clients",456,9.977800014894456
"Quorum (3 replicas), 16 clients",457,15.794900013133883
"Quorum (3 replicas), 16 clients",458,11.349000036716461
"Quorum (3 replicas), 16 clients",459,8.827099984046072
"Quorum (3 replicas), 16 clients",460,7.2657999699003994
"Quorum (3 replicas), 16 clients",461,8.107699977699667
"Quorum (3 replicas), 16 clients",462,11.86159998178482
"Quorum (3 replicas), 16 clients",463,11.062500008847564
"Quorum (3 replicas), 16 clients",464,4.822099988814443
"Quorum (3 replicas), 16 clients",465,6.804700009524822
"Quorum (3 replicas), 16 clients",466,5.352299951482564
"Quorum (3 replicas), 16 clients",467,11.922699981369078
"Quorum (3 replicas), 16 clients",468,4.407099972013384
"Quorum (3 replicas), 16 clients",469,5.30860002618283
"Quorum (3 replicas), 16 clients",470,4.713700036518276
"Quorum (3 replicas), 16 clients",471,3.921200055629015
"Quorum (3 replicas), 16 clients",472,10.528600018005818
"Quorum (3 replicas), 16 clients",473,7.189299969468266
"Quorum (3 replicas), 16 clients",474,7.459299988113344
"Quorum (3 replicas), 16 clients",475,8.612899982836097
"Quorum (3 replicas), 16 clients",476,11.536700010765344
"Quorum (3 replicas), 16 clients",477,3.798199992161244
"Quorum (3 replicas), 16 clients",478,14.711699972394854
"Quorum (3 replicas), 16 clients",479,6.702599988784641
"Quorum (3 replicas), 16 clients",480,4.441299999598414
"Quorum (3 replicas), 16 clients",481,4.931899951770902
"Quorum (3 replicas), 16 clients",482,4.684599989559501
"Quorum (3 replicas), 16 clients",483,8.997299999464303
"Quorum (3 replicas), 16 clients",484,7.417399960104376
"Quorum (3 replicas), 16 clients",485,6.294200022239238
"Quorum (3 replicas), 16 clients",486,4.259899957105517
"Quorum (3 replicas), 16 clients",487,6.091499992180616
"Quorum (3 replicas), 16 clients",488,11.754199978895485
"Quorum (3 replicas), 16 clients",489,10.108800022862852
"Quorum (3 replicas), 16 clients",490,5.1657999865710735
"Quorum (3 replicas), 16 clients",491,4.536699969321489
"Quorum (3 replicas), 16 clients",492,4.174300003796816
"Quorum (3 replicas), 16 clients",493,8.722800004761666
"Quorum (3 replicas), 16 clients",494,5.254500021692365
"Quorum (3 replicas), 16 clients",495,6.427899992559105
"Quorum (3 replicas), 16 clients",496,3.651399980299175
"Quorum (3 replicas), 16 clients",497,3.520799975376576
"Quorum (3 replicas), 16 clients",498,5.716799991205335
"Quorum (3 replicas), 16 clients",499,3.495900018606335
"Quorum (3 replicas), 16 clients",500,19.953500013798475
"Quorum (3 replicas), 16 clients",501,8.985200023744255
"Quorum (3 replicas), 16 clients",502,9.47340001584962
"Quorum (3 replicas), 16 clients",503,6.328299990855157
"Quorum (3 replicas), 16 clients",504,7.812099996954203
"Quorum (3 replicas), 16 clients",505,8.014299964997917
"Quorum (3 replicas), 16 clients",506,8.890199998859316
"Quorum (3 replicas), 16 clients",507,5.594999995082617
"Quorum (3 replicas), 16 clients",508,13.363499951083213
"Quorum (3 replicas), 16 clients",509,8.55329999467358
"Quorum (3 replicas), 16 clients",510,15.245500020682812
"Quorum (3 replicas), 16 clients",511,15.370899986010045
"Quorum (3 replicas), 16 clients",512,12.94320001034066
"Quorum (3 replicas), 16 clients",513,16.967799980193377
"Quorum (3 replicas), 16 clients",514,6.271699967328459
"Quorum (3 replicas), 16 clients",515,6.48789998376742
"Quorum (3 replicas), 16 clients",516,13.1746000261046
"Quorum (3 replicas), 16 clients",517,38.45660004299134
"Quorum (3 replicas), 16 clients",518,16.49170002201572
"Quorum (3 replicas), 16 clients",519,9.48059995425865
"Quorum (3 replicas), 16 clients",520,8.34300002316013
"Quorum (3 replicas), 16 clients",521,8.185999991837889
"Quorum (3 replicas), 16 clients",522,6.049700023140758
"Quorum (3 replicas), 16 clients",523,13.563300017267466
"Quorum (3 replicas), 16 clients",524,5.681100010406226
"Quorum (3 replicas), 16 clients",525,10.521600022912025
"Quorum (3 replicas), 16 clients",526,10.083500004839152
"Quorum (3 replicas), 16 clients",527,5.801799998153001
"Quorum (3 replicas), 16 clients",528,10.364299989305437
"Quorum (3 replicas), 16 clients",529,5.588900006841868
"Quorum (3 replicas), 16 clients",530,7.911900000181049
"Quorum (3 replicas), 16 clients",531,7.886799983680248
"Quorum (3 replicas), 16 clients",532,7.852300012018532
"Quorum (3 replicas), 16 clients",533,5.40929997805506
"Quorum (3 replicas), 16 clients",534,6.431300018448383
"Quorum (3 replicas), 16 clients",535,14.33750003343448
"Quorum (3 replicas), 16 clients",536,7.847699976991862
"Quorum (3 replicas), 16 clients",537,8.33109999075532
"Quorum (3 replicas), 16 clients",538,8.327399962581694
"Quorum (3 replicas), 16 clients",539,14.343600021675229
"Quorum (3 replicas), 16 clients",540,8.265100012067705
"Quorum (3 replicas), 16 clients",541,13.476499996613711
"Quorum (3 replicas), 16 clients",542,7.788800052367151
"Quorum (3 replicas), 16 clients",543,8.567800046876073
"Quorum (3 replicas), 16 clients",544,5.71900000795722
"Quorum (3 replicas), 16 clients",545,6.177000002935529
"Quorum (3 replicas), 16 clients",546,5.657700006850064
"Quorum (3 replicas), 16 clients",547,5.660100025124848
"Quorum (3 replicas), 16 clients",548,9.853700001258403
"Quorum (3 replicas), 16 clients",549,16.134099976625293
"Quorum (3 replicas), 16 clients",550,15.017200028523803
"Quorum (3 replicas), 16 clients",551,5.756900005508214
"Quorum (3 replicas), 16 clients",552,18.14250001916662
"Quorum (3 replicas), 16 clients",553,14.12420003907755
"Quorum (3 replicas), 16 clients",554,12.323000002652407
"Quorum (3 replicas), 16 clients",555,15.743800031486899
"Quorum (3 replicas), 16 clients",556,8.721600053831935
"Quorum (3 replicas), 16 clients",557,8.476799994241446
"Quorum (3 replicas), 16 clients",558,28.61430001212284
"Quorum (3 replicas), 16 clients",559,5.658400012180209
"Quorum (3 replicas), 16 clients",560,5.168700008653104
"Quorum (3 replicas), 16 clients",561,5.221800005529076
"Quorum (3 replicas), 16 clients",562,18.703299982007593
"Quorum (3 replicas), 16 clients",563,5.041099968366325
"Quorum (3 replicas), 16 clients",564,4.266800009645522
"Quorum (3 replicas), 16 clients",565,21.401199977844954
"Quorum (3 replicas), 16 clients",566,5.8726000133901834
"Quorum (3 replicas), 16 clients",567,7.136400032322854
"Quorum (3 replicas), 16 clients",568,5.559200013522059
"Quorum (3 replicas), 16 clients",569,13.643899990711361
"Quorum (3 replicas), 16 clients",570,8.647700014989823
"Quorum (3 replicas), 16 clients",571,17.071400012355298
"Quorum (3 replicas), 16 clients",572,10.296899999957532
"Quorum (3 replicas), 16 clients",573,4.932500014547259
"Quorum (3 replicas), 16 clients",574,8.537300047464669
"Quorum (3 replicas), 16 clients",575,15.239000029396266
"Quorum (3 replicas), 16 clients",576,28.33539998391643
"Quorum (3 replicas), 16 clients",577,13.241300010122359
"Quorum (3 replicas), 16 clients",578,9.813699987716973
"Quorum (3 replicas), 16 clients",579,4.820299975108355
"Quorum (3 replicas), 16 clients",580,11.227799986954778
"Quorum (3 replicas), 16 clients",581,11.332500027492642
"Quorum (3 replicas), 16 clients",582,10.790100030135363
"Quorum (3 replicas), 16 clients",583,12.658099993132055
"Quorum (3 replicas), 16 clients",584,9.354300040286034
"Quorum (3 replicas), 16 clients",585,5.174699996132404
"Quorum (3 replicas), 16 clients",586,22.162400011438876
"Quorum (3 replicas), 16 clients",587,9.555900003761053
"Quorum (3 replicas), 16 clients",588,8.401300001423806
"Quorum (3 replicas), 16 clients",589,10.077000013552606
"Quorum (3 replicas), 16 clients",590,14.351900026667863
"Quorum (3 replicas), 16 clients",591,10.766100022010505
"Quorum (3 replicas), 16 clients",592,7.096999965142459
"Quorum (3 replicas), 16 clients",593,9.38750000204891
"Quorum (3 replicas), 16 clients",594,14.39819997176528
"Quorum (3 replicas), 16 clients",595,5.248199973721057
"Quorum (3 replicas), 16 clients",596,9.267900022678077
"Quorum (3 replicas), 16 clients",597,12.515499955043197
"Quorum (3 replicas), 16 clients",598,7.640600029844791
"Quorum (3 replicas), 16 clients",599,12.067500036209822
"Quorum (3 replicas), 16 clients",600,7.552299997769296
"Quorum (3 replicas), 16 clients",601,5.74720004806295
"Quorum (3 replicas), 16 clients",602,11.220800050068647
"Quorum (3 replicas), 16 clients",603,11.877599987201393
"Quorum (3 replicas), 16 clients",604,20.309200044721365
"Quorum (3 replicas), 16 clients",605,6.425100029446185
"Quorum (3 replicas), 16 clients",606,6.8715999950654805
"Quorum (3 replicas), 16 clients",607,12.19639996998012
"Quorum (3 replicas), 16 clients",608,16.754899988882244
"Quorum (3 replicas), 16 clients",609,12.61139998678118
"Quorum (3 replicas), 16 clients",610,3.8842999492771924
"Quorum (3 replicas), 16 clients",611,20.73950000340119
"Quorum (3 replicas), 16 clients",612,10.93859999673441
"Quorum (3 replicas), 16 clients",613,4.078499972820282
"Quorum (3 replicas), 16 clients",614,9.903500031214207
"Quorum (3 replicas), 16 clients",615,5.498700018506497
"Quorum (3 replicas), 16 clients",616,5.121399997733533
"Quorum (3 replicas), 16 clients",617,6.432499969378114
"Quorum (3 replicas), 16 clients",618,5.103499977849424
"Quorum (3 replicas), 16 clients",619,5.683700030203909
"Quorum (3 replicas), 16 clients",620,5.334699992090464
"Quorum (3 replicas), 16 clients",621,3.8465000106953084
"Quorum (3 replicas), 16 clients",622,3.311899956315756
"Quorum (3 replicas), 16 clients",623,4.575000028125942
"Quorum (3 replicas), 16 clients",624,4.65959997382015
"Quorum (3 replicas), 16 clients",625,10.73709997581318
"Quorum (3 replicas), 16 clients",626,24.69099999871105
"Quorum (3 replicas), 16 clients",627,10.54310001200065
"Quorum (3 replicas), 16 clients",628,11.42620004247874
"Quorum (3 replicas), 16 clients",629,16.390200005844235
"Quorum (3 replicas), 16 clients",630,6.070300005376339
"Quorum (3 replicas), 16 clients",631,25.01099999062717
"Quorum (3 replicas), 16 clients",632,7.947999984025955
"Quorum (3 replicas), 16 clients",633,12.086400005500764
"Quorum (3 replicas), 16 clients",634,22.88810000754893
"Quorum (3 replicas), 16 clients",635,13.628499989863485
"Quorum (3 replicas), 16 clients",636,8.634299971163273
"Quorum (3 replicas), 16 clients",637,9.823700005654246
"Quorum (3 replicas), 16 clients",638,5.329999956302345
"Quorum (3 replicas), 16 clients",639,31.423899985384196
"Quorum (3 replicas), 16 clients",640,7.369600003585219
"Quorum (3 replicas), 16 clients",641,6.685399974230677
"Quorum (3 replicas), 16 clients",642,6.167599989566952
"Quorum (3 replicas), 16 clients",643,7.133500010240823
"Quorum (3 replicas), 16 clients",644,12.502200028393418
"Quorum (3 replicas), 16 clients",645,5.290500004775822
"Quorum (3 replicas), 16 clients",646,18.166700028814375
"Quorum (3 replicas), 16 clients",647,12.069600052200258
"Quorum (3 replicas), 16 clients",648,11.84250001097098
"Quorum (3 replicas), 16 clients",649,5.652899970300496
"Quorum (3 replicas), 16 clients",650,9.916800016071647
"Quorum (3 replicas), 16 clients",651,8.803899982012808
"Quorum (3 replicas), 16 clients",652,5.863800004590303
"Quorum (3 replicas), 16 clients",653,18.867799954023212
"Quorum (3 replicas), 16 clients",654,30.862300016451627
"Quorum (3 replicas), 16 clients",655,7.054999994579703
"Quorum (3 replicas), 16 clients",656,15.648900007363409
"Quorum (3 replicas), 16 clients",657,5.607100029010326
"Quorum (3 replicas), 16 clients",658,9.220200008712709
"Quorum (3 replicas), 16 clients",659,9.925599966663867
"Quorum (3 replicas), 16 clients",660,11.459200002718717
"Quorum (3 replicas), 16 clients",661,7.7330999774858356
"Quorum (3 replicas), 16 clients",662,6.770799984224141
"Quorum (3 replicas), 16 clients",663,7.043700024951249
"Quorum (3 replicas), 16 clients",664,8.923400018829852
"Quorum (3 replicas), 16 clients",665,23.110899957828224
"Quorum (3 replicas), 16 clients",666,6.59760000417009
"Quorum (3 replicas), 16 clients",667,8.40069999685511
"Quorum (3 replicas), 16 clients",668,16.067500051576644
"Quorum (3 replicas), 16 clients",669,9.554099990054965
"Quorum (3 replicas), 16 clients",670,12.200700002722442
"Quorum (3 replicas), 16 clients",671,7.492300006560981
"Quorum (3 replicas), 16 clients",672,8.150799956638366
"Quorum (3 replicas), 16 clients",673,18.03089998429641
"Quorum (3 replicas), 16 clients",674,10.105599998496473
"Quorum (3 replicas), 16 clients",675,16.25039998907596
"Quorum (3 replicas), 16 clients",676,6.764799996744841
"Quorum (3 replicas), 16 clients",677,8.626999973785132
"Quorum (3 replicas), 16 clients",678,19.199599977582693
"Quorum (3 replicas), 16 clients",679,9.902600024361163
"Quorum (3 replicas), 16 clients",680,10.395599994808435
"Quorum (3 replicas), 16 clients",681,13.562900014221668
"Quorum (3 replicas), 16 clients",682,5.0624999566935
"Quorum (3 replicas), 16 clients",683,21.543600014410913
"Quorum (3 replicas), 16 clients",684,19.929400004912168
"Quorum (3 replicas), 16 clients",685,8.273900020867586
"Quorum (3 replicas), 16 clients",686,5.534900003112853
"Quorum (3 replicas), 16 clients",687,12.16110005043447
"Quorum (3 replicas), 16 clients",688,5.475600017234683
"Quorum (3 replicas), 16 clients",689,7.622700009960681
"Quorum (3 replicas), 16 clients",690,14.21150000533089
"Quorum (3 replicas), 16 clients",691,20.9733999799937
"Quorum (3 replicas), 16 clients",692,18.63280002726242
"Quorum (3 replicas), 16 clients",693,8.439900004304945
"Quorum (3 replicas), 16 clients",694,5.6520000216551125
"Quorum (3 replicas), 16 clients",695,5.446200026199222
"Quorum (3 replicas), 16 clients",696,11.739299981854856
"Quorum (3 replicas), 16 clients",697,32.43029996519908
"Quorum (3 replicas), 16 clients",698,10.05570002598688
"Quorum (3 replicas), 16 clients",699,17.49320002272725
"Quorum (3 replicas), 16 clients",700,8.834399981424212
"Quorum (3 replicas), 16 clients",701,7.912100001703948
"Quorum (3 replicas), 16 clients",702,9.046200022567064
"Quorum (3 replicas), 16 clients",703,7.701799971982837
"Quorum (3 replicas), 16 clients",704,8.504699973855168
"Quorum (3 replicas), 16 clients",705,8.099800033960491
"Quorum (3 replicas), 16 clients",706,5.233800038695335
"Quorum (3 replicas), 16 clients",707,7.74440000532195
"Quorum (3 replicas), 16 clients",708,4.698699980508536
"Quorum (3 replicas), 16 clients",709,7.484200003091246
"Quorum (3 replicas), 16 clients",710,9.552599978633225
"Quorum (3 replicas), 16 clients",711,7.479800027795136
"Quorum (3 replicas), 16 clients",712,14.385400048922747
"Quorum (3 replicas), 16 clients",713,4.675500036682934
"Quorum (3 replicas), 16 clients",714,21.789399965200573
"Quorum (3 replicas), 16 clients",715,8.085299981757998
"Quorum (3 replicas), 16 clients",716,10.778399999253452
"Quorum (3 replicas), 16 clients",717,8.992999966721982
"Quorum (3 replicas), 16 clients",718,7.162199995946139
"Quorum (3 replicas), 16 clients",719,8.15780000993982
"Quorum (3 replicas), 16 clients",720,10.443600011058152
"Quorum (3 replicas), 16 clients",721,10.150599991902709
"Quorum (3 replicas), 16 clients",722,6.989500019699335
"Quorum (3 replicas), 16 clients",723,7.641200034413487
"Quorum (3 replicas), 16 clients",724,4.965799977071583
"Quorum (3 replicas), 16 clients",725,4.73220000276342
"Quorum (3 replicas), 16 clients",726,20.433499943464994
"Quorum (3 replicas), 16 clients",727,7.3102000169456005
"Quorum (3 replicas), 16 clients",728,4.929099988657981
"Quorum (3 replicas), 16 clients",729,22.45509997010231
"Quorum (3 replicas), 16 clients",730,12.062599998898804
"Quorum (3 replicas), 16 clients",731,14.616600004956126
"Quorum (3 replicas), 16 clients",732,4.106799955479801
"Quorum (3 replicas), 16 clients",733,8.389900031033903
"Quorum (3 replicas), 16 clients",734,6.50570000289008
"Quorum (3 replicas), 16 clients",735,8.028400014154613
"Quorum (3 replicas), 16 clients",736,7.795300043653697
"Quorum (3 replicas), 16 clients",737,10.563100047875196
"Quorum (3 replicas), 16 clients",738,3.529900044668466
"Quorum (3 replicas), 16 clients",739,10.061400011181831
"Quorum (3 replicas), 16 clients",740,7.236799981910735
"Quorum (3 replicas), 16 clients",741,4.5486000017262995
"Quorum (3 replicas), 16 clients",742,12.51959998626262
"Quorum (3 replicas), 16 clients",743,8.219400013331324
"Quorum (3 replicas), 16 clients",744,3.343599964864552
"Quorum (3 replicas), 16 clients",745,5.830399983096868
"Quorum (3 replicas), 16 clients",746,3.090200014412403
"Quorum (3 replicas), 16 clients",747,1.9796999986283481
"Quorum (3 replicas), 16 clients",748,2.154099987819791
"Quorum (3 replicas), 16 clients",749,1.7319000326097012
"Quorum (3 replicas), 16 clients",750,17.451400053687394
"Quorum (3 replicas), 16 clients",751,26.200300024356693
"Quorum (3 replicas), 16 clients",752,23.698499950114638
"Quorum (3 replicas), 16 clients",753,8.539300004485995
"Quorum (3 replicas), 16 clients",754,5.729599972255528
"Quorum (3 replicas), 16 clients",755,18.403900030534714
"Quorum (3 replicas), 16 clients",756,6.961400038562715
"Quorum (3 replicas), 16 clients",757,26.48400003090501
"Quorum (3 replicas), 16 clients",758,5.82419999409467
"Quorum (3 replicas), 16 clients",759,8.485600003041327
"Quorum (3 replicas), 16 clients",760,5.911100015509874
"Quorum (3 replicas), 16 clients",761,6.331200012937188
"Quorum (3 replicas), 16 clients",762,9.58600000012666
"Quorum (3 replicas), 16 clients",763,16.566699952818453
"Quorum (3 replicas), 16 clients",764,10.670799994841218
"Quorum (3 replicas), 16 clients",765,5.898899980820715
"Quorum (3 replicas), 16 clients",766,6.626799993682653
"Quorum (3 replicas), 16 clients",767,32.83639997243881
"Quorum (3 replicas), 16 clients",768,24.855100025888532
"Quorum (3 replicas), 16 clients",769,9.846100001595914
"Quorum (3 replicas), 16 clients",770,11.47500000661239
"Quorum (3 replicas), 16 clients",771,8.22869996773079
"Quorum (3 replicas), 16 clients",772,18.867500009946525
"Quorum (3 replicas), 16 clients",773,4.988399974536151
"Quorum (3 replicas), 16 clients",774,20.404400012921542
"Quorum (3 replicas), 16 clients",775,3.954600018914789
"Quorum (3 replicas), 16 clients",776,18.78240000223741
"Quorum (3 replicas), 16 clients",777,7.473500038031489
"Quorum (3 replicas), 16 clients",778,15.065899991896003
"Quorum (3 replicas), 16 clients",779,29.276100045535713
"Quorum (3 replicas), 16 clients",780,24.03040003264323
"Quorum (3 replicas), 16 clients",781,8.538799942471087
"Quorum (3 replicas), 16 clients",782,15.770500001963228
"Quorum (3 replicas), 16 clients",783,11.047700012568384
"Quorum (3 replicas), 16 clients",784,18.853100016713142
"Quorum (3 replicas), 16 clients",785,7.886899984441698
"Quorum (3 replicas), 16 clients",786,5.639399983920157
"Quorum (3 replicas), 16 clients",787,11.386499973013997
"Quorum (3 replicas), 16 clients",788,13.945600017905235
"Quorum (3 replicas), 16 clients",789,16.376499959733337
"Quorum (3 replicas), 16 clients",790,4.89809998543933
"Quorum (3 replicas), 16 clients",791,5.987000011373311
"Quorum (3 replicas), 16 clients",792,10.990200040396303
"Quorum (3 replicas), 16 clients",793,21.344399952795357
"Quorum (3 replicas), 16 clients",794,8.023899979889393
"Quorum (3 replicas), 16 clients",795,8.878500026185066
"Quorum (3 replicas), 16 clients",796,19.337500038091093
"Quorum (3 replicas), 16 clients",797,4.078599973581731
"Quorum (3 replicas), 16 clients",798,7.804399996530265
"Quorum (3 replicas), 16 clients",799,5.593699985183775
"Quorum (3 replicas), 16 clients",800,20.408199983648956
"Quorum (3 replicas), 16 clients",801,8.496399968862534
"Quorum (3 replicas), 16 clients",802,18.93660001223907
"Quorum (3 replicas), 16 clients",803,9.926199971232563
"Quorum (3 replicas), 16 clients",804,8.410700014792383
"Quorum (3 replicas), 16 clients",805,12.675000005401671
"Quorum (3 replicas), 16 clients",806,7.611299981363118
"Quorum (3 replicas), 16 clients",807,10.699099977500737
"Quorum (3 replicas), 16 clients",808,5.778999999165535
"Quorum (3 replicas), 16 clients",809,8.924300025682896
"Quorum (3 replicas), 16 clients",810,24.32329999282956
"Quorum (3 replicas), 16 clients",811,4.867899988312274
"Quorum (3 replicas), 16 clients",812,10.575000022072345
"Quorum (3 replicas), 16 clients",813,20.41950001148507
"Quorum (3 replicas), 16 clients",814,5.264100036583841
"Quorum (3 replicas), 16 clients",815,17.691100016236305
"Quorum (3 replicas), 16 clients",816,17.748599988408387
"Quorum (3 replicas), 16 clients",817,23.864999995566905
"Quorum (3 replicas), 16 clients",818,10.840100003406405
"Quorum (3 replicas), 16 clients",819,12.512100045569241
"Quorum (3 replicas), 16 clients",820,7.779300038237125
"Quorum (3 replicas), 16 clients",821,10.922699992079288
"Quorum (3 replicas), 16 clients",822,14.872000028844923
"Quorum (3 replicas), 16 clients",823,8.955299970693886
"Quorum (3 replicas), 16 clients",824,8.856099972035736
"Quorum (3 replicas), 16 clients",825,7.591300003696233
"Quorum (3 replicas), 16 clients",826,11.987900012172759
"Quorum (3 replicas), 16 clients",827,4.661399987526238
"Quorum (3 replicas), 16 clients",828,5.052900000009686
"Quorum (3 replicas), 16 clients",829,7.234999968204647
"Quorum (3 replicas), 16 clients",830,10.160000005271286
"Quorum (3 replicas), 16 clients",831,6.711499998345971
"Quorum (3 replicas), 16 clients",832,8.052299963310361
"Quorum (3 replicas), 16 clients",833,13.512599980458617
"Quorum (3 replicas), 16 clients",834,4.925700020976365
"Quorum (3 replicas), 16 clients",835,7.523199950810522
"Quorum (3 replicas), 16 clients",836,5.01090002944693
"Quorum (3 replicas), 16 clients",837,10.263600037433207
"Quorum (3 replicas), 16 clients",838,11.254599958192557
"Quorum (3 replicas), 16 clients",839,7.075200031977147
"Quorum (3 replicas), 16 clients",840,4.907599999569356
"Quorum (3 replicas), 16 clients",841,17.772699997294694
"Quorum (3 replicas), 16 clients",842,9.690599981695414
"Quorum (3 replicas), 16 clients",843,4.6027000062167645
"Quorum (3 replicas), 16 clients",844,6.397399993147701
"Quorum (3 replicas), 16 clients",845,15.989000035915524
"Quorum (3 replicas), 16 clients",846,6.148099957499653
"Quorum (3 replicas), 16 clients",847,13.740100024733692
"Quorum (3 replicas), 16 clients",848,13.63949995720759
"Quorum (3 replicas), 16 clients",849,7.895999995525926
"Quorum (3 replicas), 16 clients",850,12.982400017790496
"Quorum (3 replicas), 16 clients",851,8.073999953921884
"Quorum (3 replicas), 16 clients",852,11.782400019001216
"Quorum (3 replicas), 16 clients",853,5.904499965254217
"Quorum (3 replicas), 16 clients",854,18.178800004534423
"Quorum (3 replicas), 16 clients",855,5.547499982640147
"Quorum (3 replicas), 16 clients",856,10.392999975010753
"Quorum (3 replicas), 16 clients",857,8.847400022204965
"Quorum (3 replicas), 16 clients",858,4.973500035703182
"Quorum (3 replicas), 16 clients",859,3.2686000340618193
"Quorum (3 replicas), 16 clients",860,6.182200042530894
"Quorum (3 replicas), 16 clients",861,8.604300033766776
"Quorum (3 replicas), 16 clients",862,3.1784999882802367
"Quorum (3 replicas), 16 clients",863,5.219299986492842
"Quorum (3 replicas), 16 clients",864,5.6579000083729625
"Quorum (3 replicas), 16 clients",865,6.2139000510796905
"Quorum (3 replicas), 16 clients",866,3.704400034621358
"Quorum (3 replicas), 16 clients",867,4.787199955899268
"Quorum (3 replicas), 16 clients",868,2.329799986910075
"Quorum (3 replicas), 16 clients",869,1.7604000167921185
"Quorum (3 replicas), 16 clients",870,1.6552999732084572
"Quorum (3 replicas), 16 clients",871,1.6321999719366431
"Quorum (3 replicas), 16 clients",872,1.499100006185472
"Quorum (3 replicas), 16 clients",873,1.1893999762833118
"Quorum (3 replicas), 16 clients",874,0.9041000157594681
"Quorum (3 replicas), 16 clients",875,4.208600032143295
"Quorum (3 replicas), 16 clients",876,7.8288999502547085
"Quorum (3 replicas), 16 clients",877,16.972500015981495
"Quorum (3 replicas), 16 clients",878,6.426099978853017
"Quorum (3 replicas), 16 clients",879,6.357999984174967
"Quorum (3 replicas), 16 clients",880,11.862599989399314
"Quorum (3 replicas), 16 clients",881,5.785999994259328
"Quorum (3 replicas), 16 clients",882,9.852200048044324
"Quorum (3 replicas), 16 clients",883,17.597500002011657
"Quorum (3 replicas), 16 clients",884,17.0650000218302
"Quorum (3 replicas), 16 clients",885,9.904800041113049
"Quorum (3 replicas), 16 clients",886,8.74310004292056
"Quorum (3 replicas), 16 clients",887,13.27809999929741
"Quorum (3 replicas), 16 clients",888,8.348500006832182
"Quorum (3 replicas), 16 clients",889,7.307099993340671
"Quorum (3 replicas), 16 clients",890,5.689799960236996
"Quorum (3 replicas), 16 clients",891,5.615100031718612
"Quorum (3 replicas), 16 clients",892,21.02540002670139
"Quorum (3 replicas), 16 clients",893,9.958199982065707
"Quorum (3 replicas), 16 clients",894,11.89279998652637
"Quorum (3 replicas), 16 clients",895,7.009799999650568
"Quorum (3 replicas), 16 clients",896,9.00820002425462
"Quorum (3 replicas), 16 clients",897,5.76189998537302
"Quorum (3 replicas), 16 clients",898,5.626800004392862
"Quorum (3 replicas), 16 clients",899,10.708699992392212
"Quorum (3 replicas), 16 clients",900,13.736799999605864
"Quorum (3 replicas), 16 clients",901,5.023900012020022
"Quorum (3 replicas), 16 clients",902,13.113500026520342
"Quorum (3 replicas), 16 clients",903,21.240999980363995
"Quorum (3 replicas), 16 clients",904,4.78099996689707
"Quorum (3 replicas), 16 clients",905,9.672800020780414
"Quorum (3 replicas), 16 clients",906,4.796800028998405
"Quorum (3 replicas), 16 clients",907,8.171299996320158
"Quorum (3 replicas), 16 clients",908,19.813799997791648
"Quorum (3 replicas), 16 clients",909,8.160300028976053
"Quorum (3 replicas), 16 clients",910,8.164300001226366
"Quorum (3 replicas), 16 clients",911,7.637300004716963
"Quorum (3 replicas), 16 clients",912,5.201599968131632
"Quorum (3 replicas), 16 clients",913,8.502000011503696
"Quorum (3 replicas), 16 clients",914,9.627099963836372
"Quorum (3 replicas), 16 clients",915,13.51820002309978
"Quorum (3 replicas), 16 clients",916,13.823099958244711
"Quorum (3 replicas), 16 clients",917,12.934099999256432
"Quorum (3 replicas), 16 clients",918,5.549199995584786
"Quorum (3 replicas), 16 clients",919,6.950399954803288
"Quorum (3 replicas), 16 clients",920,14.933400030713528
"Quorum (3 replicas), 16 clients",921,6.131800008006394
"Quorum (3 replicas), 16 clients",922,8.251699968241155
"Quorum (3 replicas), 16 clients",923,21.508100035134703
"Quorum (3 replicas), 16 clients",924,5.299300013575703
"Quorum (3 replicas), 16 clients",925,5.883999983780086
"Quorum (3 replicas), 16 clients",926,18.559599993750453
"Quorum (3 replicas), 16 clients",927,9.890199988149107
"Quorum (3 replicas), 16 clients",928,6.5262000425718725
"Quorum (3 replicas), 16 clients",929,5.766300018876791
"Quorum (3 replicas), 16 clients",930,17.56579999346286
"Quorum (3 replicas), 16 clients",931,11.687599995639175
"Quorum (3 replicas), 16 clients",932,7.458599982783198
"Quorum (3 replicas), 16 clients",933,6.6137999529019
"Quorum (3 replicas), 16 clients",934,4.661200044211
"Quorum (3 replicas), 16 clients",935,7.329400046728551
"Quorum (3 replicas), 16 clients",936,10.725200001616031
"Quorum (3 replicas), 16 clients",937,5.6785999913699925
"Quorum (3 replicas), 16 clients",938,14.712699980009347
"Quorum (3 replicas), 16 clients",939,11.947399994824082
"Quorum (3 replicas), 16 clients",940,11.693799984641373
"Quorum (3 replicas), 16 clients",941,6.216200010385364
"Quorum (3 replicas), 16 clients",942,11.319300043396652
"Quorum (3 replicas), 16 clients",943,11.68830000096932
"Quorum (3 replicas), 16 clients",944,4.424599988851696
"Quorum (3 replicas), 16 clients",945,6.86580000910908
"Quorum (3 replicas), 16 clients",946,12.555799970868975
"Quorum (3 replicas), 16 clients",947,8.720499987248331
"Quorum (3 replicas), 16 clients",948,6.553500017616898
"Quorum (3 replicas), 16 clients",949,13.971400039736181
"Quorum (3 replicas), 16 clients",950,5.109199963044375
"Quorum (3 replicas), 16 clients",951,9.438599983695894
"Quorum (3 replicas), 16 clients",952,12.190999987069517
"Quorum (3 replicas), 16 clients",953,7.664700038731098
"Quorum (3 replicas), 16 clients",954,18.020999967120588
"Quorum (3 replicas), 16 clients",955,11.397299997042865
"Quorum (3 replicas), 16 clients",956,5.261699960101396
"Quorum (3 replicas), 16 clients",957,8.146600041072816
"Quorum (3 replicas), 16 clients",958,18.86090001789853
"Quorum (3 replicas), 16 clients",959,5.920699972193688
"Quorum (3 replicas), 16 clients",960,15.537100029177964
"Quorum (3 replicas), 16 clients",961,5.403499992098659
"Quorum (3 replicas), 16 clients",962,5.940400005783886
"Quorum (3 replicas), 16 clients",963,5.4916999652050436
"Quorum (3 replicas), 16 clients",964,12.070099997799844
"Quorum (3 replicas), 16 clients",965,10.477299976628274
"Quorum (3 replicas), 16 clients",966,14.134299999568611
"Quorum (3 replicas), 16 clients",967,8.958099992014468
"Quorum (3 replicas), 16 clients",968,15.643300022929907
"Quorum (3 replicas), 16 clients",969,5.462799977976829
"Quorum (3 replicas), 16 clients",970,13.569400005508214
"Quorum (3 replicas), 16 clients",971,4.730399989057332
"Quorum (3 replicas), 16 clients",972,8.567000040784478
"Quorum (3 replicas), 16 clients",973,12.004700023680925
"Quorum (3 replicas), 16 clients",974,10.050499986391515
"Quorum (3 replicas), 16 clients",975,8.080300001893193
"Quorum (3 replicas), 16 clients",976,8.028299955185503
"Quorum (3 replicas), 16 clients",977,5.890699976589531
"Quorum (3 replicas), 16 clients",978,12.803699995856732
"Quorum (3 replicas), 16 clients",979,9.296400006860495
"Quorum (3 replicas), 16 clients",980,4.4293999671936035
"Quorum (3 replicas), 16 clients",981,12.756199983414263
"Quorum (3 replicas), 16 clients",982,4.653899988625199
"Quorum (3 replicas), 16 clients",983,10.361400025431067
"Quorum (3 replicas), 16 clients",984,5.254800023976713
"Quorum (3 replicas), 16 clients",985,4.559600027278066
"Quorum (3 replicas), 16 clients",986,12.683800014201552
"Quorum (3 replicas), 16 clients",987,4.940400016494095
"Quorum (3 replicas), 16 clients",988,4.901800013612956
"Quorum (3 replicas), 16 clients",989,20.80779999960214
"Quorum (3 replicas), 16 clients",990,9.497500024735928
"Quorum (3 replicas), 16 clients",991,4.738899995572865
"Quorum (3 replicas), 16 clients",992,4.74549998762086
"Quorum (3 replicas), 16 clients",993,18.374000035692006
"Quorum (3 replicas), 16 clients",994,3.694900020491332
"Quorum (3 replicas), 16 clients",995,12.36389996483922
"Quorum (3 replicas), 16 clients",996,5.559500015806407
"Quorum (3 replicas), 16 clients",997,9.046100021805614
"Quorum (3 replicas), 16 clients",998,16.25589997274801
"Quorum (3 replicas), 16 clients",999,9.29550000000745
"Quorum (3 replicas), 16 clients",1000,5.456899991258979
"Quorum (3 replicas), 16 clients",1001,7.297799980733544
"Quorum (3 replicas), 16 clients",1002,9.70739999320358
"Quorum (3 replicas), 16 clients",1003,9.818000020459294
"Quorum (3 replicas), 16 clients",1004,38.808500044979155
"Quorum (3 replicas), 16 clients",1005,10.310400044545531
"Quorum (3 replicas), 16 clients",1006,5.681300011929125
"Quorum (3 replicas), 16 clients",1007,6.543399998918176
"Quorum (3 replicas), 16 clients",1008,10.20540000172332
"Quorum (3 replicas), 16 clients",1009,4.54850000096485
"Quorum (3 replicas), 16 clients",1010,10.014400002546608
"Quorum (3 replicas), 16 clients",1011,11.101399955805391
"Quorum (3 replicas), 16 clients",1012,19.786400021985173
"Quorum (3 replicas), 16 clients",1013,7.719699991866946
"Quorum (3 replicas), 16 clients",1014,13.831900025252253
"Quorum (3 replicas), 16 clients",1015,11.968499980866909
"Quorum (3 replicas), 16 clients",1016,8.81999998819083
"Quorum (3 replicas), 16 clients",1017,6.201499956659973
"Quorum (3 replicas), 16 clients",1018,14.582600037101656
"Quorum (3 replicas), 16 clients",1019,7.952500018291175
"Quorum (3 replicas), 16 clients",1020,10.901900008320808
"Quorum (3 replicas), 16 clients",1021,12.820000003557652
"Quorum (3 replicas), 16 clients",1022,8.155099989380687
"Quorum (3 replicas), 16 clients",1023,5.2961999899707735
"Quorum (3 replicas), 16 clients",1024,12.59509997908026
"Quorum (3 replicas), 16 clients",1025,10.771900007966906
"Quorum (3 replicas), 16 clients",1026,5.8450999786145985
"Quorum (3 replicas), 16 clients",1027,10.33409999217838
"Quorum (3 replicas), 16 clients",1028,24.782299995422363
"Quorum (3 replicas), 16 clients",1029,9.617700008675456
"Quorum (3 replicas), 16 clients",1030,24.585100007243454
"Quorum (3 replicas), 16 clients",1031,6.471799977589399
"Quorum (3 replicas), 16 clients",1032,7.105999975465238
"Quorum (3 replicas), 16 clients",1033,14.973299985285848
"Quorum (3 replicas), 16 clients",1034,8.340300002600998
"Quorum (3 replicas), 16 clients",1035,5.580400000326335
"Quorum (3 replicas), 16 clients",1036,6.570100027602166
"Quorum (3 replicas), 16 clients",1037,12.26769998902455
"Quorum (3 replicas), 16 clients",1038,12.017600005492568
"Quorum (3 replicas), 16 clients",1039,14.741300023160875
"Quorum (3 replicas), 16 clients",1040,6.412499991711229
"Quorum (3 replicas), 16 clients",1041,18.806899955961853
"Quorum (3 replicas), 16 clients",1042,14.009499980602413
"Quorum (3 replicas), 16 clients",1043,5.183600005693734
"Quorum (3 replicas), 16 clients",1044,9.136800013948232
"Quorum (3 replicas), 16 clients",1045,6.405199994333088
"Quorum (3 replicas), 16 clients",1046,15.006800007540733
"Quorum (3 replicas), 16 clients",1047,11.389699997380376
"Quorum (3 replicas), 16 clients",1048,19.89779999712482
"Quorum (3 replicas), 16 clients",1049,7.227800029795617
"Quorum (3 replicas), 16 clients",1050,16.747499990742654
"Quorum (3 replicas), 16 clients",1051,9.838199999649078
"Quorum (3 replicas), 16 clients",1052,11.104900040663779
"Quorum (3 replicas), 16 clients",1053,13.629599998239428
"Quorum (3 replicas), 16 clients",1054,5.391100014094263
"Quorum (3 replicas), 16 clients",1055,12.366299983114004
"Quorum (3 replicas), 16 clients",1056,7.147900003474206
"Quorum (3 replicas), 16 clients",1057,5.146600014995784
"Quorum (3 replicas), 16 clients",1058,7.325700018554926
"Quorum (3 replicas), 16 clients",1059,6.915300036780536
"Quorum (3 replicas), 16 clients",1060,6.96639996021986
"Quorum (3 replicas), 16 clients",1061,11.549899994861335
"Quorum (3 replicas), 16 clients",1062,15.501099987886846
"Quorum (3 replicas), 16 clients",1063,44.272699975408614
"Quorum (3 replicas), 16 clients",1064,5.815599986817688
"Quorum (3 replicas), 16 clients",1065,14.915700012352318
"Quorum (3 replicas), 16 clients",1066,7.346800004597753
"Quorum (3 replicas), 16 clients",1067,13.501100009307265
"Quorum (3 replicas), 16 clients",1068,10.485099977813661
"Quorum (3 replicas), 16 clients",1069,4.730199987534434
"Quorum (3 replicas), 16 clients",1070,17.50049996189773
"Quorum (3 replicas), 16 clients",1071,13.421399984508753
"Quorum (3 replicas), 16 clients",1072,17.21620000898838
"Quorum (3 replicas), 16 clients",1073,5.785199988167733
"Quorum (3 replicas), 16 clients",1074,13.881699997000396
"Quorum (3 replicas), 16 clients",1075,5.384799966122955
"Quorum (3 replicas), 16 clients",1076,5.4700999753549695
"Quorum (3 replicas), 16 clients",1077,12.961399974301457
"Quorum (3 replicas), 16 clients",1078,9.993200015742332
"Quorum (3 replicas), 16 clients",1079,17.012300028000027
"Quorum (3 replicas), 16 clients",1080,5.910899955779314
"Quorum (3 replicas), 16 clients",1081,8.219400013331324
"Quorum (3 replicas), 16 clients",1082,5.759099964052439
"Quorum (3 replicas), 16 clients",1083,16.181000042706728
"Quorum (3 replicas), 16 clients",1084,9.18290001573041
"Quorum (3 replicas), 16 clients",1085,11.313700000755489
"Quorum (3 replicas), 16 clients",1086,5.176799953915179
"Quorum (3 replicas), 16 clients",1087,7.28660001186654
"Quorum (3 replicas), 16 clients",1088,9.942399978172034
"Quorum (3 replicas), 16 clients",1089,5.59449999127537
"Quorum (3 replicas), 16 clients",1090,10.792799992486835
"Quorum (3 replicas), 16 clients",1091,18.63269996829331
"Quorum (3 replicas), 16 clients",1092,14.543300028890371
"Quorum (3 replicas), 16 clients",1093,9.462499991059303
"Quorum (3 replicas), 16 clients",1094,6.930299976374954
"Quorum (3 replicas), 16 clients",1095,4.567300027702004
"Quorum (3 replicas), 16 clients",1096,5.186000023968518
"Quorum (3 replicas), 16 clients",1097,11.959299969021231
"Quorum (3 replicas), 16 clients",1098,14.956700033508241
"Quorum (3 replicas), 16 clients",1099,10.659100022166967
"Quorum (3 replicas), 16 clients",1100,6.857600004877895
"Quorum (3 replicas), 16 clients",1101,4.930000053718686
"Quorum (3 replicas), 16 clients",1102,9.932300017680973
"Quorum (3 replicas), 16 clients",1103,6.551099999342114
"Quorum (3 replicas), 16 clients",1104,13.447799952700734
"Quorum (3 replicas), 16 clients",1105,17.19990000128746
"Quorum (3 replicas), 16 clients",1106,11.597700009588152
"Quorum (3 replicas), 16 clients",1107,18.57489999383688
"Quorum (3 replicas), 16 clients",1108,16.10790000995621
"Quorum (3 replicas), 16 clients",1109,15.769299992825836
"Quorum (3 replicas), 16 clients",1110,6.919599953107536
"Quorum (3 replicas), 16 clients",1111,4.437200026586652
"Quorum (3 replicas), 16 clients",1112,9.355799993500113
"Quorum (3 replicas), 16 clients",1113,9.444300027098507
"Quorum (3 replicas), 16 clients",1114,7.748399977572262
"Quorum (3 replicas), 16 clients",1115,3.2190000056289136
"Quorum (3 replicas), 16 clients",1116,8.51329998113215
"Quorum (3 replicas), 16 clients",1117,6.716899981256574
"Quorum (3 replicas), 16 clients",1118,5.687700002454221
"Quorum (3 replicas), 16 clients",1119,3.4969999687746167
"Quorum (3 replicas), 16 clients",1120,3.5017000045627356
"Quorum (3 replicas), 16 clients",1121,3.9165999623946846
"Quorum (3 replicas), 16 clients",1122,7.403899973724037
"Quorum (3 replicas), 16 clients",1123,2.8658999945037067
"Quorum (3 replicas), 16 clients",1124,4.025300033390522
"Quorum (3 replicas), 16 clients",1125,25.814799999352545
"Quorum (3 replicas), 16 clients",1126,12.793500034604222
"Quorum (3 replicas), 16 clients",1127,8.710600028280169
"Quorum (3 replicas), 16 clients",1128,23.404399980790913
"Quorum (3 replicas), 16 clients",1129,9.307599975727499
"Quorum (3 replicas), 16 clients",1130,20.48439998179674
"Quorum (3 replicas), 16 clients",1131,27.33579999767244
"Quorum (3 replicas), 16 clients",1132,6.345000001601875
"Quorum (3 replicas), 16 clients",1133,9.237999969627708
"Quorum (3 replicas), 16 clients",1134,9.026499988976866
"Quorum (3 replicas), 16 clients",1135,6.599999964237213
"Quorum (3 replicas), 16 clients",1136,8.906900009606034
"Quorum (3 replicas), 16 clients",1137,5.812399962451309
"Quorum (3 replicas), 16 clients",1138,9.80080000590533
"Quorum (3 replicas), 16 clients",1139,12.116300000343472
"Quorum (3 replicas), 16 clients",1140,6.376400007866323
"Quorum (3 replicas), 16 clients",1141,12.304899981245399
"Quorum (3 replicas), 16 clients",1142,23.151899978984147
"Quorum (3 replicas), 16 clients",1143,14.881999988574535
"Quorum (3 replicas), 16 clients",1144,15.992000000551343
"Quorum (3 replicas), 16 clients",1145,13.727599987760186
"Quorum (3 replicas), 16 clients",1146,18.538200005423278
"Quorum (3 replicas), 16 clients",1147,10.459899960551411
"Quorum (3 replicas), 16 clients",1148,4.571600002236664
"Quorum (3 replicas), 16 clients",1149,12.59519997984171
"Quorum (3 replicas), 16 clients",1150,7.920400006696582
"Quorum (3 replicas), 16 clients",1151,18.07260001078248
"Quorum (3 replicas), 16 clients",1152,10.878200002480298
"Quorum (3 replicas), 16 clients",1153,16.512900008819997
"Quorum (3 replicas), 16 clients",1154,12.815199967008084
"Quorum (3 replicas), 16 clients",1155,7.998600020073354
"Quorum (3 replicas), 16 clients",1156,10.068600007798523
"Quorum (3 replicas), 16 clients",1157,14.097200008109212
"Quorum (3 replicas), 16 clients",1158,8.108199981506914
"Quorum (3 replicas), 16 clients",1159,16.332399973180145
"Quorum (3 replicas), 16 clients",1160,14.332799997646362
"Quorum (3 replicas), 16 clients",1161,7.328299980144948
"Quorum (3 replicas), 16 clients",1162,6.011699966620654
"Quorum (3 replicas), 16 clients",1163,8.615200000349432
"Quorum (3 replicas), 16 clients",1164,21.655399992596358
"Quorum (3 replicas), 16 clients",1165,5.563899991102517
"Quorum (3 replicas), 16 clients",1166,7.121500035282224
"Quorum (3 replicas), 16 clients",1167,20.996799983549863
"Quorum (3 replicas), 16 clients",1168,8.110099995974451
"Quorum (3 replicas), 16 clients",1169,5.391500017140061
"Quorum (3 replicas), 16 clients",1170,14.738700003363192
"Quorum (3 replicas), 16 clients",1171,19.63150000665337
"Quorum (3 replicas), 16 clients",1172,10.513200017157942
"Quorum (3 replicas), 16 clients",1173,8.896399987861514
"Quorum (3 replicas), 16 clients",1174,5.245200009085238
"Quorum (3 replicas), 16 clients",1175,5.53830002900213
"Quorum (3 replicas), 16 clients",1176,8.170100045390427
"Quorum (3 replicas), 16 clients",1177,7.4619000079110265
"Quorum (3 replicas), 16 clients",1178,12.483400001656264
"Quorum (3 replicas), 16 clients",1179,6.07900001341477
"Quorum (3 replicas), 16 clients",1180,16.101700020954013
"Quorum (3 replicas), 16 clients",1181,14.296899957116693
"Quorum (3 replicas), 16 clients",1182,4.619300016202033
"Quorum (3 replicas), 16 clients",1183,8.079399995040148
"Quorum (3 replicas), 16 clients",1184,4.6644999529235065
"Quorum (3 replicas), 16 clients",1185,12.57289998466149
"Quorum (3 replicas), 16 clients",1186,23.741799988783896
"Quorum (3 replicas), 16 clients",1187,11.086100013926625
"Quorum (3 replicas), 16 clients",1188,11.713699961546808
"Quorum (3 replicas), 16 clients",1189,8.14589997753501
"Quorum (3 replicas), 16 clients",1190,17.793599981814623
"Quorum (3 replicas), 16 clients",1191,11.924999998882413
"Quorum (3 replicas), 16 clients",1192,5.416099971625954
"Quorum (3 replicas), 16 clients",1193,5.0472000148147345
"Quorum (3 replicas), 16 clients",1194,5.407599965110421
"Quorum (3 replicas), 16 clients",1195,7.965600001625717
"Quorum (3 replicas), 16 clients",1196,15.695900015998632
"Quorum (3 replicas), 16 clients",1197,12.717900041025132
"Quorum (3 replicas), 16 clients",1198,15.964500023983419
"Quorum (3 replicas), 16 clients",1199,8.53120000101626
"Quorum (3 replicas), 16 clients",1200,9.774400037713349
"Quorum (3 replicas), 16 clients",1201,5.528899957425892
"Quorum (3 replicas), 16 clients",1202,11.998299974948168
"Quorum (3 replicas), 16 clients",1203,7.859000004827976
"Quorum (3 replicas), 16 clients",1204,11.706000019330531
"Quorum (3 replicas), 16 clients",1205,21.607999980915338
"Quorum (3 replicas), 16 clients",1206,7.287600019481033
"Quorum (3 replicas), 16 clients",1207,4.959500045515597
"Quorum (3 replicas), 16 clients",1208,8.999000012408942
"Quorum (3 replicas), 16 clients",1209,10.665700014214963
"Quorum (3 replicas), 16 clients",1210,8.06740002008155
"Quorum (3 replicas), 16 clients",1211,13.477100001182407
"Quorum (3 replicas), 16 clients",1212,11.853800038807094
"Quorum (3 replicas), 16 clients",1213,14.823900011833757
"Quorum (3 replicas), 16 clients",1214,11.340500030200928
"Quorum (3 replicas), 16 clients",1215,6.679999991320074
"Quorum (3 replicas), 16 clients",1216,13.27659998787567
"Quorum (3 replicas), 16 clients",1217,8.739000011701137
"Quorum (3 replicas), 16 clients",1218,7.057999959215522
"Quorum (3 replicas), 16 clients",1219,4.00329998228699
"Quorum (3 replicas), 16 clients",1220,6.287200027145445
"Quorum (3 replicas), 16 clients",1221,6.525700038764626
"Quorum (3 replicas), 16 clients",1222,6.924499990418553
"Quorum (3 replicas), 16 clients",1223,4.356599994935095
"Quorum (3 replicas), 16 clients",1224,4.2289000120945275
"Quorum (3 replicas), 16 clients",1225,8.9859000290744
"Quorum (3 replicas), 16 clients",1226,13.183100032620132
"Quorum (3 replicas), 16 clients",1227,10.863299947232008
"Quorum (3 replicas), 16 clients",1228,7.172800018452108
"Quorum (3 replicas), 16 clients",1229,10.63629996497184
"Quorum (3 replicas), 16 clients",1230,8.519700029864907
"Quorum (3 replicas), 16 clients",1231,6.586000032257289
"Quorum (3 replicas), 16 clients",1232,18.064900010358542
"Quorum (3 replicas), 16 clients",1233,6.059999985154718
"Quorum (3 replicas), 16 clients",1234,8.994099975097924
"Quorum (3 replicas), 16 clients",1235,5.510999995749444
"Quorum (3 replicas), 16 clients",1236,8.59169999603182
"Quorum (3 replicas), 16 clients",1237,4.829899989999831
"Quorum (3 replicas), 16 clients",1238,6.3507999875582755
"Quorum (3 replicas), 16 clients",1239,6.944100023247302
"Quorum (3 replicas), 16 clients",1240,7.521299994550645
"Quorum (3 replicas), 16 clients",1241,4.612500022631139
"Quorum (3 replicas), 16 clients",1242,7.134299958124757
"Quorum (3 replicas), 16 clients",1243,8.842899987939745
"Quorum (3 replicas), 16 clients",1244,6.230400002095848
"Quorum (3 replicas), 16 clients",1245,3.9954999811016023
"Quorum (3 replicas), 16 clients",1246,5.178599967621267
"Quorum (3 replicas), 16 clients",1247,11.047400010284036
"Quorum (3 replicas), 16 clients",1248,4.075600008945912
"Quorum (3 replicas), 16 clients",1249,5.122500006109476
"Quorum (3 replicas), 16 clients",1250,31.149499991443008
"Quorum (3 replicas), 16 clients",1251,14.833600027486682
"Quorum (3 replicas), 16 clients",1252,8.335800026543438
"Quorum (3 replicas), 16 clients",1253,7.740199973341078
"Quorum (3 replicas), 16 clients",1254,6.722799967974424
"Quorum (3 replicas), 16 clients",1255,8.469599997624755
"Quorum (3 replicas), 16 clients",1256,6.17830001283437
"Quorum (3 replicas), 16 clients",1257,8.509200008120388
"Quorum (3 replicas), 16 clients",1258,28.007299988530576
"Quorum (3 replicas), 16 clients",1259,18.30950001021847
"Quorum (3 replicas), 16 clients",1260,16.111900040414184
"Quorum (3 replicas), 16 clients",1261,5.425000039394945
"Quorum (3 replicas), 16 clients",1262,11.554200027603656
"Quorum (3 replicas), 16 clients",1263,6.9558999966830015
"Quorum (3 replicas), 16 clients",1264,17.283799999859184
"Quorum (3 replicas), 16 clients",1265,17.53330003703013
"Quorum (3 replicas), 16 clients",1266,5.61380002181977
"Quorum (3 replicas), 16 clients",1267,7.83019996015355
"Quorum (3 replicas), 16 clients",1268,7.095600012689829
"Quorum (3 replicas), 16 clients",1269,7.07019999390468
"Quorum (3 replicas), 16 clients",1270,11.76840002881363
"Quorum (3 replicas), 16 clients",1271,5.82419999409467
"Quorum (3 replicas), 16 clients",1272,6.45089999306947
"Quorum (3 replicas), 16 clients",1273,18.630800012033433
"Quorum (3 replicas), 16 clients",1274,17.530800017993897
"Quorum (3 replicas), 16 clients",1275,10.40990004548803
"Quorum (3 replicas), 16 clients",1276,12.468500004615635
"Quorum (3 replicas), 16 clients",1277,5.377800029236823
"Quorum (3 replicas), 16 clients",1278,14.753199997358024
"Quorum (3 replicas), 16 clients",1279,21.031900017987937
"Quorum (3 replicas), 16 clients",1280,8.499000046867877
"Quorum (3 replicas), 16 clients",1281,12.071300006937236
"Quorum (3 replicas), 16 clients",1282,11.901399993803352
"Quorum (3 replicas), 16 clients",1283,5.942300020251423
"Quorum (3 replicas), 16 clients",1284,12.45450001442805
"Quorum (3 replicas), 16 clients",1285,10.642599954735488
"Quorum (3 replicas), 16 clients",1286,13.194500003010035
"Quorum (3 replicas), 16 clients",1287,18.898300011642277
"Quorum (3 replicas), 16 clients",1288,12.638600019272417
"Quorum (3 replicas), 16 clients",1289,5.579999997280538
"Quorum (3 replicas), 16 clients",1290,15.82049997523427
"Quorum (3 replicas), 16 clients",1291,14.468699984718114
"Quorum (3 replicas), 16 clients",1292,17.782600014470518
"Quorum (3 replicas), 16 clients",1293,8.828499994706362
"Quorum (3 replicas), 16 clients",1294,17.716599977575243
"Quorum (3 replicas), 16 clients",1295,9.010700043290854
"Quorum (3 replicas), 16 clients",1296,6.764499994460493
"Quorum (3 replicas), 16 clients",1297,8.043400011956692
"Quorum (3 replicas), 16 clients",1298,19.46360000874847
"Quorum (3 replicas), 16 clients",1299,13.324700004886836
"Quorum (3 replicas), 16 clients",1300,9.138300025369972
"Quorum (3 replicas), 16 clients",1301,7.851299946196377
"Quorum (3 replicas), 16 clients",1302,5.520300008356571
"Quorum (3 replicas), 16 clients",1303,14.239199983421713
"Quorum (3 replicas), 16 clients",1304,7.389699982013553
"Quorum (3 replicas), 16 clients",1305,7.092599989846349
"Quorum (3 replicas), 16 clients",1306,21.217199973762035
"Quorum (3 replicas), 16 clients",1307,7.635599991772324
"Quorum (3 replicas), 16 clients",1308,12.179000012110919
"Quorum (3 replicas), 16 clients",1309,8.830100006889552
"Quorum (3 replicas), 16 clients",1310,19.09220003290102
"Quorum (3 replicas), 16 clients",1311,5.229400005191565
"Quorum (3 replicas), 16 clients",1312,8.80519999191165
"Quorum (3 replicas), 16 clients",1313,5.306400009430945
"Quorum (3 replicas), 16 clients",1314,16.31709997309372
"Quorum (3 replicas), 16 clients",1315,5.496600002516061
"Quorum (3 replicas), 16 clients",1316,6.760800024494529
"Quorum (3 replicas), 16 clients",1317,9.123299969360232
"Quorum (3 replicas), 16 clients",1318,9.19620000058785
"Quorum (3 replicas), 16 clients",1319,7.43769999826327
"Quorum (3 replicas), 16 clients",1320,7.38719996297732
"Quorum (3 replicas), 16 clients",1321,5.20940002752468
"Quorum (3 replicas), 16 clients",1322,19.15260002715513
"Quorum (3 replicas), 16 clients",1323,15.468799974769354
"Quorum (3 replicas), 16 clients",1324,6.069399998523295
"Quorum (3 replicas), 16 clients",1325,5.317099974490702
"Quorum (3 replicas), 16 clients",1326,11.054400005377829
"Quorum (3 replicas), 16 clients",1327,5.989700031932443
"Quorum (3 replicas), 16 clients",1328,5.524600041098893
"Quorum (3 replicas), 16 clients",1329,15.634900017175823
"Quorum (3 replicas), 16 clients",1330,15.263899986166507
"Quorum (3 replicas), 16 clients",1331,5.9195999638177454
"Quorum (3 replicas), 16 clients",1332,7.493000011891127
"Quorum (3 replicas), 16 clients",1333,7.96949997311458
"Quorum (3 replicas), 16 clients",1334,22.081199975218624
"Quorum (3 replicas), 16 clients",1335,9.336500021163374
"Quorum (3 replicas), 16 clients",1336,4.929399990942329
"Quorum (3 replicas), 16 clients",1337,11.227899987716228
"Quorum (3 replicas), 16 clients",1338,21.479999995790422
"Quorum (3 replicas), 16 clients",1339,6.871300050988793
"Quorum (3 replicas), 16 clients",1340,6.869600038044155
"Quorum (3 replicas), 16 clients",1341,6.509400031063706
"Quorum (3 replicas), 16 clients",1342,15.164499985985458
"Quorum (3 replicas), 16 clients",1343,13.077299983706325
"Quorum (3 replicas), 16 clients",1344,22.51019998220727
"Quorum (3 replicas), 16 clients",1345,10.290500009432435
"Quorum (3 replicas), 16 clients",1346,9.344300022348762
"Quorum (3 replicas), 16 clients",1347,7.3645999655127525
"Quorum (3 replicas), 16 clients",1348,7.3655000305734575
"Quorum (3 replicas), 16 clients",1349,4.432800051290542
"Quorum (3 replicas), 16 clients",1350,13.274000026285648
"Quorum (3 replicas), 16 clients",1351,8.842399984132499
"Quorum (3 replicas), 16 clients",1352,4.055699973832816
"Quorum (3 replicas), 16 clients",1353,7.526199973654002
"Quorum (3 replicas), 16 clients",1354,17.41470000706613
"Quorum (3 replicas), 16 clients",1355,5.05819998215884
"Quorum (3 replicas), 16 clients",1356,16.50079997489229
"Quorum (3 replicas), 16 clients",1357,3.682199981994927
"Quorum (3 replicas), 16 clients",1358,4.244500014465302
"Quorum (3 replicas), 16 clients",1359,16.579499992076308
"Quorum (3 replicas), 16 clients",1360,8.663199958391488
"Quorum (3 replicas), 16 clients",1361,3.504500025883317
"Quorum (3 replicas), 16 clients",1362,9.677099995315075
"Quorum (3 replicas), 16 clients",1363,8.883900009095669
"Quorum (3 replicas), 16 clients",1364,7.208800001535565
"Quorum (3 replicas), 16 clients",1365,3.7186999688856304
"Quorum (3 replicas), 16 clients",1366,7.796399993821979
"Quorum (3 replicas), 16 clients",1367,15.630499983672053
"Quorum (3 replicas), 16 clients",1368,6.955799995921552
"Quorum (3 replicas), 16 clients",1369,5.23010001052171
"Quorum (3 replicas), 16 clients",1370,7.172300014644861
"Quorum (3 replicas), 16 clients",1371,6.5531000145711005
"Quorum (3 replicas), 16 clients",1372,4.004300048109144
"Quorum (3 replicas), 16 clients",1373,3.5735000274144113
"Quorum (3 replicas), 16 clients",1374,2.6401999639347196
"Quorum (3 replicas), 16 clients",1375,14.924299961421639
"Quorum (3 replicas), 16 clients",1376,7.0124000194482505
"Quorum (3 replicas), 16 clients",1377,6.792300031520426
"Quorum (3 replicas), 16 clients",1378,5.937799985986203
"Quorum (3 replicas), 16 clients",1379,12.133099953643978
"Quorum (3 replicas), 16 clients",1380,7.742399990092963
"Quorum (3 replicas), 16 clients",1381,34.368099994026124
"Quorum (3 replicas), 16 clients",1382,7.8560999827459455
"Quorum (3 replicas), 16 clients",1383,28.303899976890534
"Quorum (3 replicas), 16 clients",1384,13.51820002309978
"Quorum (3 replicas), 16 clients",1385,28.534999990370125
"Quorum (3 replicas), 16 clients",1386,10.984799999278039
"Quorum (3 replicas), 16 clients",1387,12.12689996464178
"Quorum (3 replicas), 16 clients",1388,12.135200027842075
"Quorum (3 replicas), 16 clients",1389,8.638200000859797
"Quorum (3 replicas), 16 clients",1390,12.741399987135082
"Quorum (3 replicas), 16 clients",1391,10.545400029513985
"Quorum (3 replicas), 16 clients",1392,16.22940000379458
"Quorum (3 replicas), 16 clients",1393,11.098499991931021
"Quorum (3 replicas), 16 clients",1394,12.824999983422458
"Quorum (3 replicas), 16 clients",1395,15.926500025670975
"Quorum (3 replicas), 16 clients",1396,11.17419998627156
"Quorum (3 replicas), 16 clients",1397,7.339100004173815
"Quorum (3 replicas), 16 clients",1398,11.366199993062764
"Quorum (3 replicas), 16 clients",1399,7.664599979761988
"Quorum (3 replicas), 16 clients",1400,4.499699978623539
"Quorum (3 replicas), 16 clients",1401,7.526599976699799
"Quorum (3 replicas), 16 clients",1402,10.947300004772842
"Quorum (3 replicas), 16 clients",1403,7.902099983766675
"Quorum (3 replicas), 16 clients",1404,9.856399963609874
"Quorum (3 replicas), 16 clients",1405,8.155799994710833
"Quorum (3 replicas), 16 clients",1406,6.322300003375858
"Quorum (3 replicas), 16 clients",1407,4.626499954611063
"Quorum (3 replicas), 16 clients",1408,9.67629998922348
"Quorum (3 replicas), 16 clients",1409,10.89720003074035
"Quorum (3 replicas), 16 clients",1410,9.362599987071007
"Quorum (3 replicas), 16 clients",1411,5.0428000395186245
"Quorum (3 replicas), 16 clients",1412,5.95459999749437
"Quorum (3 replicas), 16 clients",1413,7.092299987562001
"Quorum (3 replicas), 16 clients",1414,25.92200000071898
"Quorum (3 replicas), 16 clients",1415,17.12599996244535
"Quorum (3 replicas), 16 clients",1416,5.534500000067055
"Quorum (3 replicas), 16 clients",1417,6.209900020621717
"Quorum (3 replicas), 16 clients",1418,19.473300024401397
"Quorum (3 replicas), 16 clients",1419,8.41259997105226
"Quorum (3 replicas), 16 clients",1420,5.934900022111833
"Quorum (3 replicas), 16 clients",1421,16.277600021567196
"Quorum (3 replicas), 16 clients",1422,7.1983999805524945
"Quorum (3 replicas), 16 clients",1423,12.270400009583682
"Quorum (3 replicas), 16 clients",1424,6.812700012233108
"Quorum (3 replicas), 16 clients",1425,9.368599974550307
"Quorum (3 replicas), 16 clients",1426,6.405799998901784
"Quorum (3 replicas), 16 clients",1427,5.095599975902587
"Quorum (3 replicas), 16 clients",1428,23.389699985273182
"Quorum (3 replicas), 16 clients",1429,13.328599976375699
"Quorum (3 replicas), 16 clients",1430,9.54749999800697
"Quorum (3 replicas), 16 clients",1431,18.123899993952364
"Quorum (3 replicas), 16 clients",1432,18.9257999882102
"Quorum (3 replicas), 16 clients",1433,10.551700019277632
"Quorum (3 replicas), 16 clients",1434,5.8932999963872135
"Quorum (3 replicas), 16 clients",1435,11.937700037378818
"Quorum (3 replicas), 16 clients",1436,5.470400035846978
"Quorum (3 replicas), 16 clients",1437,5.9575000195764005
"Quorum (3 replicas), 16 clients",1438,5.9498000191524625
"Quorum (3 replicas), 16 clients",1439,8.530799997970462
"Quorum (3 replicas), 16 clients",1440,5.361900024581701
"Quorum (3 replicas), 16 clients",1441,7.1496000164188445
"Quorum (3 replicas), 16 clients",1442,16.67709997855127
"Quorum (3 replicas), 16 clients",1443,7.522800005972385
"Quorum (3 replicas), 16 clients",1444,8.563099952880293
"Quorum (3 replicas), 16 clients",1445,8.51930002681911
"Quorum (3 replicas), 16 clients",1446,7.108400051947683
"Quorum (3 replicas), 16 clients",1447,4.094700037967414
"Quorum (3 replicas), 16 clients",1448,4.457100003492087
"Quorum (3 replicas), 16 clients",1449,9.761099994648248
"Quorum (3 replicas), 16 clients",1450,13.698399998247623
"Quorum (3 replicas), 16 clients",1451,15.883599990047514
"Quorum (3 replicas), 16 clients",1452,18.753700016532093
"Quorum (3 replicas), 16 clients",1453,10.990199982188642
"Quorum (3 replicas), 16 clients",1454,15.473100007511675
"Quorum (3 replicas), 16 clients",1455,9.62310004979372
"Quorum (3 replicas), 16 clients",1456,7.13540002470836
"Quorum (3 replicas), 16 clients",1457,6.951799965463579
"Quorum (3 replicas), 16 clients",1458,8.022800029721111
"Quorum (3 replicas), 16 clients",1459,7.24370003445074
"Quorum (3 replicas), 16 clients",1460,5.7746999664232135
"Quorum (3 replicas), 16 clients",1461,5.485899979248643
"Quorum (3 replicas), 16 clients",1462,6.728200009092689
"Quorum (3 replicas), 16 clients",1463,12.841299991123378
"Quorum (3 replicas), 16 clients",1464,5.218900041654706
"Quorum (3 replicas), 16 clients",1465,15.746799996122718
"Quorum (3 replicas), 16 clients",1466,18.26979999896139
"Quorum (3 replicas), 16 clients",1467,9.255399985704571
"Quorum (3 replicas), 16 clients",1468,6.857500004116446
"Quorum (3 replicas), 16 clients",1469,21.744499972555786
"Quorum (3 replicas), 16 clients",1470,8.082900021690875
"Quorum (3 replicas), 16 clients",1471,5.679299996700138
"Quorum (3 replicas), 16 clients",1472,7.696099986787885
"Quorum (3 replicas), 16 clients",1473,9.388300008140504
"Quorum (3 replicas), 16 clients",1474,4.476799978874624
"Quorum (3 replicas), 16 clients",1475,20.847100007813424
"Quorum (3 replicas), 16 clients",1476,22.386399970855564
"Quorum (3 replicas), 16 clients",1477,7.9907000181265175
"Quorum (3 replicas), 16 clients",1478,4.267500014975667
"Quorum (3 replicas), 16 clients",1479,6.94719998864457
"Quorum (3 replicas), 16 clients",1480,9.554199990816414
"Quorum (3 replicas), 16 clients",1481,5.096799985039979
"Quorum (3 replicas), 16 clients",1482,7.4118999764323235
"Quorum (3 replicas), 16 clients",1483,15.950000029988587
"Quorum (3 replicas), 16 clients",1484,4.115200019441545
"Quorum (3 replicas), 16 clients",1485,16.183200001250952
"Quorum (3 replicas), 16 clients",1486,4.8062000423669815
"Quorum (3 replicas), 16 clients",1487,31.560200033709407
"Quorum (3 replicas), 16 clients",1488,4.794999957084656
"Quorum (3 replicas), 16 clients",1489,11.68529997812584
"Quorum (3 replicas), 16 clients",1490,13.091100030578673
"Quorum (3 replicas), 16 clients",1491,4.610399948433042
"Quorum (3 replicas), 16 clients",1492,4.467800026759505
"Quorum (3 replicas), 16 clients",1493,6.8567999987863
"Quorum (3 replicas), 16 clients",1494,13.953200017567724
"Quorum (3 replicas), 16 clients",1495,6.950700015295297
"Quorum (3 replicas), 16 clients",1496,4.24930005101487
"Quorum (3 replicas), 16 clients",1497,4.910800023935735
"Quorum (3 replicas), 16 clients",1498,3.2049999572336674
"Quorum (3 replicas), 16 clients",1499,3.8259000284597278
"Quorum (3 replicas), 16 clients",1500,6.557099986821413
"Quorum (3 replicas), 16 clients",1501,6.75899995258078
"Quorum (3 replicas), 16 clients",1502,22.48029998736456
"Quorum (3 replicas), 16 clients",1503,12.494000024162233
"Quorum (3 replicas), 16 clients",1504,33.234700036700815
"Quorum (3 replicas), 16 clients",1505,12.297799985390157
"Quorum (3 replicas), 16 clients",1506,22.57210004609078
"Quorum (3 replicas), 16 clients",1507,6.5821000025607646
"Quorum (3 replicas), 16 clients",1508,20.181900006718934
"Quorum (3 replicas), 16 clients",1509,17.322200001217425
"Quorum (3 replicas), 16 clients",1510,9.008000022731721
"Quorum (3 replicas), 16 clients",1511,11.1623999546282
"Quorum (3 replicas), 16 clients",1512,7.506800000555813
"Quorum (3 replicas), 16 clients",1513,9.642000019084662
"Quorum (3 replicas), 16 clients",1514,9.825299959629774
"Quorum (3 replicas), 16 clients",1515,20.156699989456683
"Quorum (3 replicas), 16 clients",1516,19.61949997348711
"Quorum (3 replicas), 16 clients",1517,6.3872000318951905
"Quorum (3 replicas), 16 clients",1518,5.211000039707869
"Quorum (3 replicas), 16 clients",1519,13.929700013250113
"Quorum (3 replicas), 16 clients",1520,5.621600023005158
"Quorum (3 replicas), 16 clients",1521,9.955400018952787
"Quorum (3 replicas), 16 clients",1522,37.744499975815415
"Quorum (3 replicas), 16 clients",1523,15.03820001380518
"Quorum (3 replicas), 16 clients",1524,7.819000049494207
"Quorum (3 replicas), 16 clients",1525,12.94320001034066
"Quorum (3 replicas), 16 clients",1526,11.609999986831099
"Quorum (3 replicas), 16 clients",1527,6.457199982833117
"Quorum (3 replicas), 16 clients",1528,18.79140001256019
"Quorum (3 replicas), 16 clients",1529,12.37150002270937
"Quorum (3 replicas), 16 clients",1530,26.916600007098168
"Quorum (3 replicas), 16 clients",1531,14.211800007615238
"Quorum (3 replicas), 16 clients",1532,9.733800019603223
"Quorum (3 replicas), 16 clients",1533,6.581599998753518
"Quorum (3 replicas), 16 clients",1534,14.6206000354141
"Quorum (3 replicas), 16 clients",1535,8.98440001765266
"Quorum (3 replicas), 16 clients",1536,16.684799978975207
"Quorum (3 replicas), 16 clients",1537,15.803600021172315
"Quorum (3 replicas), 16 clients",1538,11.32550003239885
"Quorum (3 replicas), 16 clients",1539,9.291599970310926
"Quorum (3 replicas), 16 clients",1540,13.48720001988113
"Quorum (3 replicas), 16 clients",1541,13.654100010171533
"Quorum (3 replicas), 16 clients",1542,4.033599980175495
"Quorum (3 replicas), 16 clients",1543,7.132700004149228
"Quorum (3 replicas), 16 clients",1544,15.428899961989373
"Quorum (3 replicas), 16 clients",1545,8.191899978555739
"Quorum (3 replicas), 16 clients",1546,10.888100019656122
"Quorum (3 replicas), 16 clients",1547,7.550499984063208
"Quorum (3 replicas), 16 clients",1548,14.456799952313304
"Quorum (3 replicas), 16 clients",1549,9.266300010494888
"Quorum (3 replicas), 16 clients",1550,10.13099995907396
"Quorum (3 replicas), 16 clients",1551,6.167799991089851
"Quorum (3 replicas), 16 clients",1552,14.96270002098754
"Quorum (3 replicas), 16 clients",1553,5.719299952033907
"Quorum (3 replicas), 16 clients",1554,11.950200016144663
"Quorum (3 replicas), 16 clients",1555,7.056899950839579
"Quorum (3 replicas), 16 clients",1556,7.763800036627799
"Quorum (3 replicas), 16 clients",1557,9.411500010173768
"Quorum (3 replicas), 16 clients",1558,18.036299967207015
"Quorum (3 replicas), 16 clients",1559,4.80629998492077
"Quorum (3 replicas), 16 clients",1560,12.323700007982552
"Quorum (3 replicas), 16 clients",1561,12.800699973013252
"Quorum (3 replicas), 16 clients",1562,9.481200017035007
"Quorum (3 replicas), 16 clients",1563,7.380799972452223
"Quorum (3 replicas), 16 clients",1564,17.06679997732863
"Quorum (3 replicas), 16 clients",1565,9.200999978929758
"Quorum (3 replicas), 16 clients",1566,13.308699999470264
"Quorum (3 replicas), 16 clients",1567,11.937699979171157
"Quorum (3 replicas), 16 clients",1568,10.180699988268316
"Quorum (3 replicas), 16 clients",1569,12.431700015440583
"Quorum (3 replicas), 16 clients",1570,5.364699987694621
"Quorum (3 replicas), 16 clients",1571,7.694799976889044
"Quorum (3 replicas), 16 clients",1572,9.004699997603893
"Quorum (3 replicas), 16 clients",1573,12.804599944502115
"Quorum (3 replicas), 16 clients",1574,6.580099987331778
"Quorum (3 replicas), 16 clients",1575,6.777799979317933
"Quorum (3 replicas), 16 clients",1576,14.65160003863275
"Quorum (3 replicas), 16 clients",1577,21.125600032974035
"Quorum (3 replicas), 16 clients",1578,14.984200010076165
"Quorum (3 replicas), 16 clients",1579,18.981700006406754
"Quorum (3 replicas), 16 clients",1580,19.164199999067932
"Quorum (3 replicas), 16 clients",1581,16.481900005601346
"Quorum (3 replicas), 16 clients",1582,11.630699969828129
"Quorum (3 replicas), 16 clients",1583,10.94330003252253
"Quorum (3 replicas), 16 clients",1584,4.514199972618371
"Quorum (3 replicas), 16 clients",1585,8.902699977625161
"Quorum (3 replicas), 16 clients",1586,13.390199979767203
"Quorum (3 replicas), 16 clients",1587,4.302799992728978
"Quorum (3 replicas), 16 clients",1588,3.595600021071732
"Quorum (3 replicas), 16 clients",1589,18.942700000479817
"Quorum (3 replicas), 16 clients",1590,12.097600032575428
"Quorum (3 replicas), 16 clients",1591,5.211600044276565
"Quorum (3 replicas), 16 clients",1592,9.2585000093095
"Quorum (3 replicas), 16 clients",1593,4.1031999862752855
"Quorum (3 replicas), 16 clients",1594,6.55320001533255
"Quorum (3 replicas), 16 clients",1595,6.549199984874576
"Quorum (3 replicas), 16 clients",1596,12.179199955426157
"Quorum (3 replicas), 16 clients",1597,4.155599977821112
"Quorum (3 replicas), 16 clients",1598,6.559700006619096
"Quorum (3 replicas), 16 clients",1599,10.911100020166487
"Quorum (3 replicas), 16 clients",1600,4.968799999915063
"Quorum (3 replicas), 16 clients",1601,18.213100032880902
"Quorum (3 replicas), 16 clients",1602,4.878700012341142
"Quorum (3 replicas), 16 clients",1603,6.942500011064112
"Quorum (3 replicas), 16 clients",1604,5.01809996785596
"Quorum (3 replicas), 16 clients",1605,5.998799984809011
"Quorum (3 replicas), 16 clients",1606,6.977999990340322
"Quorum (3 replicas), 16 clients",1607,12.209800013806671
"Quorum (3 replicas), 16 clients",1608,7.480899977963418
"Quorum (3 replicas), 16 clients",1609,11.245200003031641
"Quorum (3 replicas), 16 clients",1610,8.671400020830333
"Quorum (3 replicas), 16 clients",1611,9.13419999415055
"Quorum (3 replicas), 16 clients",1612,3.7764000007882714
"Quorum (3 replicas), 16 clients",1613,8.650200034026057
"Quorum (3 replicas), 16 clients",1614,8.643099979963154
"Quorum (3 replicas), 16 clients",1615,8.373199962079525
"Quorum (3 replicas), 16 clients",1616,6.146200001239777
"Quorum (3 replicas), 16 clients",1617,4.170999978668988
"Quorum (3 replicas), 16 clients",1618,2.5046999799087644
"Quorum (3 replicas), 16 clients",1619,2.328400034457445
"Quorum (3 replicas), 16 clients",1620,1.5019000275060534
"Quorum (3 replicas), 16 clients",1621,1.6524999518878758
"Quorum (3 replicas), 16 clients",1622,1.7968000029213727
"Quorum (3 replicas), 16 clients",1623,1.3565000263042748
"Quorum (3 replicas), 16 clients",1624,1.270800014026463
"Quorum (3 replicas), 16 clients",1625,23.956499993801117
"Quorum (3 replicas), 16 clients",1626,14.354799990542233
"Quorum (3 replicas), 16 clients",1627,16.21319999685511
"Quorum (3 replicas), 16 clients",1628,5.630799976643175
"Quorum (3 replicas), 16 clients",1629,9.1963000013493
"Quorum (3 replicas), 16 clients",1630,18.595199973788112
"Quorum (3 replicas), 16 clients",1631,5.366099998354912
"Quorum (3 replicas), 16 clients",1632,14.955999969970435
"Quorum (3 replicas), 16 clients",1633,11.59509998979047
"Quorum (3 replicas), 16 clients",1634,5.775499972514808
"Quorum (3 replicas), 16 clients",1635,19.750300038140267
"Quorum (3 replicas), 16 clients",1636,6.083999993279576
"Quorum (3 replicas), 16 clients",1637,22.997000021860003
"Quorum (3 replicas), 16 clients",1638,11.679299990646541
"Quorum (3 replicas), 16 clients",1639,19.875199999660254
"Quorum (3 replicas), 16 clients",1640,6.257900036871433
"Quorum (3 replicas), 16 clients",1641,8.673200034536421
"Quorum (3 replicas), 16 clients",1642,8.115600037854165
"Quorum (3 replicas), 16 clients",1643,10.947000002488494
"Quorum (3 replicas), 16 clients",1644,10.527700011152774
"Quorum (3 replicas), 16 clients",1645,15.890999988187104
"Quorum (3 replicas), 16 clients",1646,5.211699986830354
"Quorum (3 replicas), 16 clients",1647,13.717499969061464
"Quorum (3 replicas), 16 clients",1648,12.815200025215745
"Quorum (3 replicas), 16 clients",1649,15.67979995161295
"Quorum (3 replicas), 16 clients",1650,10.886500007472932
"Quorum (3 replicas), 16 clients",1651,18.026100005954504
"Quorum (3 replicas), 16 clients",1652,10.5119000072591
"Quorum (3 replicas), 16 clients",1653,27.7566000004299
"Quorum (3 replicas), 16 clients",1654,12.816399976145476
"Quorum (3 replicas), 16 clients",1655,5.762699991464615
"Quorum (3 replicas), 16 clients",1656,16.154700017068535
"Quorum (3 replicas), 16 clients",1657,8.40069999685511
"Quorum (3 replicas), 16 clients",1658,31.176800024695694
"Quorum (3 replicas), 16 clients",1659,22.005500039085746
"Quorum (3 replicas), 16 clients",1660,18.898799957241863
"Quorum (3 replicas), 16 clients",1661,13.795999984722584
"Quorum (3 replicas), 16 clients",1662,5.653500033076853
"Quorum (3 replicas), 16 clients",1663,12.046200048644096
"Quorum (3 replicas), 16 clients",1664,5.966900032944977
"Quorum (3 replicas), 16 clients",1665,5.9420999605208635
"Quorum (3 replicas), 16 clients",1666,28.909799992106855
"Quorum (3 replicas), 16 clients",1667,9.453299979213625
"Quorum (3 replicas), 16 clients",1668,12.4661999871023
"Quorum (3 replicas), 16 clients",1669,15.635600022505969
"Quorum (3 replicas), 16 clients",1670,9.609500004444271
"Quorum (3 replicas), 16 clients",1671,16.86059997882694
"Quorum (3 replicas), 16 clients",1672,5.010000022593886
"Quorum (3 replicas), 16 clients",1673,8.55470000533387
"Quorum (3 replicas), 16 clients",1674,12.403800035826862
"Quorum (3 replicas), 16 clients",1675,5.368300015106797
"Quorum (3 replicas), 16 clients",1676,8.653700002469122
"Quorum (3 replicas), 16 clients",1677,5.398699955549091
"Quorum (3 replicas), 16 clients",1678,10.6425000121817
"Quorum (3 replicas), 16 clients",1679,5.27600001078099
"Quorum (3 replicas), 16 clients",1680,20.499900041613728
"Quorum (3 replicas), 16 clients",1681,15.057800046633929
"Quorum (3 replicas), 16 clients",1682,16.094200022052974
"Quorum (3 replicas), 16 clients",1683,4.847100004553795
"Quorum (3 replicas), 16 clients",1684,9.171400044579059
"Quorum (3 replicas), 16 clients",1685,7.404600037261844
"Quorum (3 replicas), 16 clients",1686,7.765600050333887
"Quorum (3 replicas), 16 clients",1687,6.175899994559586
"Quorum (3 replicas), 16 clients",1688,24.39490001415834
"Quorum (3 replicas), 16 clients",1689,17.460100003518164
"Quorum (3 replicas), 16 clients",1690,10.98920003278181
"Quorum (3 replicas), 16 clients",1691,13.959900010377169
"Quorum (3 replicas), 16 clients",1692,7.5450000003911555
"Quorum (3 replicas), 16 clients",1693,15.50049998331815
"Quorum (3 replicas), 16 clients",1694,14.312499959487468
"Quorum (3 replicas), 16 clients",1695,17.84149999730289
"Quorum (3 replicas), 16 clients",1696,8.737199997995049
"Quorum (3 replicas), 16 clients",1697,5.50999998813495
"Quorum (3 replicas), 16 clients",1698,6.6148999612778425
"Quorum (3 replicas), 16 clients",1699,5.908299994189292
"Quorum (3 replicas), 16 clients",1700,10.839099995791912
"Quorum (3 replicas), 16 clients",1701,7.091599982231855
"Quorum (3 replicas), 16 clients",1702,15.285500034224242
"Quorum (3 replicas), 16 clients",1703,7.312099973205477
"Quorum (3 replicas), 16 clients",1704,5.705999967176467
"Quorum (3 replicas), 16 clients",1705,6.090500042773783
"Quorum (3 replicas), 16 clients",1706,5.334599991329014
"Quorum (3 replicas), 16 clients",1707,6.066100031603128
"Quorum (3 replicas), 16 clients",1708,6.120800040662289
"Quorum (3 replicas), 16 clients",1709,7.100999995600432
"Quorum (3 replicas), 16 clients",1710,11.632400040980428
"Quorum (3 replicas), 16 clients",1711,11.389000050257891
"Quorum (3 replicas), 16 clients",1712,8.7368999957107
"Quorum (3 replicas), 16 clients",1713,7.77700002072379
"Quorum (3 replicas), 16 clients",1714,5.547399981878698
"Quorum (3 replicas), 16 clients",1715,9.29550000000745
"Quorum (3 replicas), 16 clients",1716,6.859999964945018
"Quorum (3 replicas), 16 clients",1717,5.6705999886617064
"Quorum (3 replicas), 16 clients",1718,15.932000009343028
"Quorum (3 replicas), 16 clients",1719,5.669500038493425
"Quorum (3 replicas), 16 clients",1720,7.721200003288686
"Quorum (3 replicas), 16 clients",1721,4.709100001491606
"Quorum (3 replicas), 16 clients",1722,4.928699985612184
"Quorum (3 replicas), 16 clients",1723,5.09970000712201
"Quorum (3 replicas), 16 clients",1724,10.746499989181757
"Quorum (3 replicas), 16 clients",1725,20.44449996901676
"Quorum (3 replicas), 16 clients",1726,7.806900015566498
"Quorum (3 replicas), 16 clients",1727,6.511899991892278
"Quorum (3 replicas), 16 clients",1728,6.92800001706928
"Quorum (3 replicas), 16 clients",1729,4.072699986863881
"Quorum (3 replicas), 16 clients",1730,4.376799974124879
"Quorum (3 replicas), 16 clients",1731,18.466500041540712
"Quorum (3 replicas), 16 clients",1732,4.0763000142760575
"Quorum (3 replicas), 16 clients",1733,6.591000012122095
"Quorum (3 replicas), 16 clients",1734,13.38190003298223
"Quorum (3 replicas), 16 clients",1735,4.007199953775853
"Quorum (3 replicas), 16 clients",1736,4.972000024281442
"Quorum (3 replicas), 16 clients",1737,3.042500000447035
"Quorum (3 replicas), 16 clients",1738,12.477600015699863
"Quorum (3 replicas), 16 clients",1739,8.624600013718009
"Quorum (3 replicas), 16 clients",1740,4.796300025191158
"Quorum (3 replicas), 16 clients",1741,4.777399997692555
"Quorum (3 replicas), 16 clients",1742,7.4640000239014626
"Quorum (3 replicas), 16 clients",1743,7.186900009401143
"Quorum (3 replicas), 16 clients",1744,9.491800039540976
"Quorum (3 replicas), 16 clients",1745,7.017500000074506
"Quorum (3 replicas), 16 clients",1746,5.4923000279814005
"Quorum (3 replicas), 16 clients",1747,4.976299998816103
"Quorum (3 replicas), 16 clients",1748,4.054600023664534
"Quorum (3 replicas), 16 clients",1749,4.322399967350066
"Quorum (3 replicas), 16 clients",1750,15.99390001501888
"Quorum (3 replicas), 16 clients",1751,6.195100024342537
"Quorum (3 replicas), 16 clients",1752,12.659900006838143
"Quorum (3 replicas), 16 clients",1753,8.600500004831702
"Quorum (3 replicas), 16 clients",1754,6.907599978148937
"Quorum (3 replicas), 16 clients",1755,13.17890000063926
"Quorum (3 replicas), 16 clients",1756,6.554100022185594
"Quorum (3 replicas), 16 clients",1757,21.875600039493293
"Quorum (3 replicas), 16 clients",1758,8.839100017212331
"Quorum (3 replicas), 16 clients",1759,10.125499975401908
"Quorum (3 replicas), 16 clients",1760,26.030800014268607
"Quorum (3 replicas), 16 clients",1761,10.615000035613775
"Quorum (3 replicas), 16 clients",1762,25.96670005004853
"Quorum (3 replicas), 16 clients",1763,11.669500032439828
"Quorum (3 replicas), 16 clients",1764,7.961799972690642
"Quorum (3 replicas), 16 clients",1765,16.359000001102686
"Quorum (3 replicas), 16 clients",1766,26.481499953661114
"Quorum (3 replicas), 16 clients",1767,7.547100016381592
"Quorum (3 replicas), 16 clients",1768,15.215699968393892
"Quorum (3 replicas), 16 clients",1769,13.624599960166961
"Quorum (3 replicas), 16 clients",1770,5.794800003059208
"Quorum (3 replicas), 16 clients",1771,17.3691000090912
"Quorum (3 replicas), 16 clients",1772,8.505199977662414
"Quorum (3 replicas), 16 clients",1773,13.588799978606403
"Quorum (3 replicas), 16 clients",1774,8.081300009507686
"Quorum (3 replicas), 16 clients",1775,7.687600038480014
"Quorum (3 replicas), 16 clients",1776,8.370200055651367
"Quorum (3 replicas), 16 clients",1777,5.5324999848380685
"Quorum (3 replicas), 16 clients",1778,5.547899985685945
"Quorum (3 replicas), 16 clients",1779,5.14870003098622
"Quorum (3 replicas), 16 clients",1780,10.645100031979382
"Quorum (3 replicas), 16 clients",1781,13.281499966979027
"Quorum (3 replicas), 16 clients",1782,5.112799990456551
"Quorum (3 replicas), 16 clients",1783,23.746100021526217
"Quorum (3 replicas), 16 clients",1784,12.161799997556955
"Quorum (3 replicas), 16 clients",1785,12.615600018762052
"Quorum (3 replicas), 16 clients",1786,7.339399948250502
"Quorum (3 replicas), 16 clients",1787,6.622400018386543
"Quorum (3 replicas), 16 clients",1788,5.347999976947904
"Quorum (3 replicas), 16 clients",1789,8.72659997548908
"Quorum (3 replicas), 16 clients",1790,7.365000026766211
"Quorum (3 replicas), 16 clients",1791,16.431700030807406
"Quorum (3 replicas), 16 clients",1792,5.594999995082617
"Quorum (3 replicas), 16 clients",1793,10.29849995393306
"Quorum (3 replicas), 16 clients",1794,17.226400028448552
"Quorum (3 replicas), 16 clients",1795,12.885300035122782
"Quorum (3 replicas), 16 clients",1796,8.659599989186972
"Quorum (3 replicas), 16 clients",1797,5.440400040242821
"Quorum (3 replicas), 16 clients",1798,7.192400051280856
"Quorum (3 replicas), 16 clients",1799,15.418700000736862
"Quorum (3 replicas), 16 clients",1800,4.96340001700446
"Quorum (3 replicas), 16 clients",1801,5.135399987921119
"Quorum (3 replicas), 16 clients",1802,6.322899949736893
"Quorum (3 replicas), 16 clients",1803,14.092900033574551
"Quorum (3 replicas), 16 clients",1804,8.144900028128177
"Quorum (3 replicas), 16 clients",1805,13.34179996047169
"Quorum (3 replicas), 16 clients",1806,7.271400012541562
"Quorum (3 replicas), 16 clients",1807,15.6736999633722
"Quorum (3 replicas), 16 clients",1808,6.956900004297495
"Quorum (3 replicas), 16 clients",1809,4.208499973174185
"Quorum (3 replicas), 16 clients",1810,32.74080000119284
"Quorum (3 replicas), 16 clients",1811,5.047899961937219
"Quorum (3 replicas), 16 clients",1812,5.019400035962462
"Quorum (3 replicas), 16 clients",1813,6.702100043185055
"Quorum (3 replicas), 16 clients",1814,10.422600025776774
"Quorum (3 replicas), 16 clients",1815,6.2834000564180315
"Quorum (3 replicas), 16 clients",1816,7.730500015895814
"Quorum (3 replicas), 16 clients",1817,10.505799960810691
"Quorum (3 replicas), 16 clients",1818,11.472499987576157
"Quorum (3 replicas), 16 clients",1819,4.917300015222281
"Quorum (3 replicas), 16 clients",1820,14.214899973012507
"Quorum (3 replicas), 16 clients",1821,8.001199981663376
"Quorum (3 replicas), 16 clients",1822,7.714100007433444
"Quorum (3 replicas), 16 clients",1823,10.219299991149455
"Quorum (3 replicas), 16 clients",1824,21.42229996388778
"Quorum (3 replicas), 16 clients",1825,8.789999992586672
"Quorum (3 replicas), 16 clients",1826,16.31959999212995
"Quorum (3 replicas), 16 clients",1827,15.731299994513392
"Quorum (3 replicas), 16 clients",1828,17.37340004183352
"Quorum (3 replicas), 16 clients",1829,8.239999995566905
"Quorum (3 replicas), 16 clients",1830,7.505999994464219
"Quorum (3 replicas), 16 clients",1831,20.290900021791458
"Quorum (3 replicas), 16 clients",1832,22.667400015052408
"Quorum (3 replicas), 16 clients",1833,4.426500003319234
"Quorum (3 replicas), 16 clients",1834,5.743499961681664
"Quorum (3 replicas), 16 clients",1835,9.147699980530888
"Quorum (3 replicas), 16 clients",1836,7.620499993208796
"Quorum (3 replicas), 16 clients",1837,13.314799987711012
"Quorum (3 replicas), 16 clients",1838,6.748799991328269
"Quorum (3 replicas), 16 clients",1839,7.320799981243908
"Quorum (3 replicas), 16 clients",1840,9.786800015717745
"Quorum (3 replicas), 16 clients",1841,10.023899958468974
"Quorum (3 replicas), 16 clients",1842,5.438600026536733
"Quorum (3 replicas), 16 clients",1843,11.217000021133572
"Quorum (3 replicas), 16 clients",1844,5.50259998999536
"Quorum (3 replicas), 16 clients",1845,18.676099949516356
"Quorum (3 replicas), 16 clients",1846,27.584000024944544
"Quorum (3 replicas), 16 clients",1847,7.054899993818253
"Quorum (3 replicas), 16 clients",1848,3.965600044466555
"Quorum (3 replicas), 16 clients",1849,18.601799965836108
"Quorum (3 replicas), 16 clients",1850,23.974400013685226
"Quorum (3 replicas), 16 clients",1851,14.736400044057518
"Quorum (3 replicas), 16 clients",1852,4.621800035238266
"Quorum (3 replicas), 16 clients",1853,13.676999951712787
"Quorum (3 replicas), 16 clients",1854,7.067000027745962
"Quorum (3 replicas), 16 clients",1855,6.885800044983625
"Quorum (3 replicas), 16 clients",1856,9.444999974220991
"Quorum (3 replicas), 16 clients",1857,5.446199967991561
"Quorum (3 replicas), 16 clients",1858,7.440000015776604
"Quorum (3 replicas), 16 clients",1859,9.363100049085915
"Quorum (3 replicas), 16 clients",1860,4.524399992078543
"Quorum (3 replicas), 16 clients",1861,5.758100014645606
"Quorum (3 replicas), 16 clients",1862,15.102199977263808
"Quorum (3 replicas), 16 clients",1863,5.558000004384667
"Quorum (3 replicas), 16 clients",1864,5.518699996173382
"Quorum (3 replicas), 16 clients",1865,8.26149998465553
"Quorum (3 replicas), 16 clients",1866,13.163600000552833
"Quorum (3 replicas), 16 clients",1867,9.18900000397116
"Quorum (3 replicas), 16 clients",1868,6.322300003375858
"Quorum (3 replicas), 16 clients",1869,4.147499974351376
"Quorum (3 replicas), 16 clients",1870,4.9094000132754445
"Quorum (3 replicas), 16 clients",1871,5.071299965493381
"Quorum (3 replicas), 16 clients",1872,4.980799974873662
"Quorum (3 replicas), 16 clients",1873,5.3038999903947115
"Quorum (3 replicas), 16 clients",1874,3.0285000102594495
"Quorum (3 replicas), 16 clients",1875,28.65710004698485
"Quorum (3 replicas), 16 clients",1876,15.181800001300871
"Quorum (3 replicas), 16 clients",1877,14.841100026387721
"Quorum (3 replicas), 16 clients",1878,4.476300033275038
"Quorum (3 replicas), 16 clients",1879,8.926299982704222
"Quorum (3 replicas), 16 clients",1880,20.197399950120598
"Quorum (3 replicas), 16 clients",1881,5.347800033632666
"Quorum (3 replicas), 16 clients",1882,11.924299993552268
"Quorum (3 replicas), 16 clients",1883,7.379200018476695
"Quorum (3 replicas), 16 clients",1884,17.17019994975999
"Quorum (3 replicas), 16 clients",1885,8.810300030745566
"Quorum (3 replicas), 16 clients",1886,5.435700004454702
"Quorum (3 replicas), 16 clients",1887,17.75850000558421
"Quorum (3 replicas), 16 clients",1888,5.987699958495796
"Quorum (3 replicas), 16 clients",1889,18.094200000632554
"Quorum (3 replicas), 16 clients",1890,8.923799963667989
"Quorum (3 replicas), 16 clients",1891,6.2760000000707805
"Quorum (3 replicas), 16 clients",1892,9.373900014907122
"Quorum (3 replicas), 16 clients",1893,9.289400011766702
"Quorum (3 replicas), 16 clients",1894,22.25690003251657
"Quorum (3 replicas), 16 clients",1895,5.233500036410987
"Quorum (3 replicas), 16 clients",1896,16.252200002782047
"Quorum (3 replicas), 16 clients",1897,7.849999994505197
"Quorum (3 replicas), 16 clients",1898,7.885000028181821
"Quorum (3 replicas), 16 clients",1899,5.9649000177159905
"Quorum (3 replicas), 16 clients",1900,5.050599982496351
"Quorum (3 replicas), 16 clients",1901,4.991699999663979
"Quorum (3 replicas), 16 clients",1902,7.657300040591508
"Quorum (3 replicas), 16 clients",1903,5.8456999831832945
"Quorum (3 replicas), 16 clients",1904,19.083299965132028
"Quorum (3 replicas), 16 clients",1905,5.053300003055483
"Quorum (3 replicas), 16 clients",1906,6.258499983232468
"Quorum (3 replicas), 16 clients",1907,6.600899971090257
"Quorum (3 replicas), 16 clients",1908,7.7729999902658165
"Quorum (3 replicas), 16 clients",1909,5.44629996875301
"Quorum (3 replicas), 16 clients",1910,14.981399988755584
"Quorum (3 replicas), 16 clients",1911,6.449699983932078
"Quorum (3 replicas), 16 clients",1912,10.592299979180098
"Quorum (3 replicas), 16 clients",1913,6.48789998376742
"Quorum (3 replicas), 16 clients",1914,15.30929998261854
"Quorum (3 replicas), 16 clients",1915,9.845799999311566
"Quorum (3 replicas), 16 clients",1916,6.8375999690033495
"Quorum (3 replicas), 16 clients",1917,13.479200017172843
"Quorum (3 replicas), 16 clients",1918,6.139500008430332
"Quorum (3 replicas), 16 clients",1919,22.59900001809001
"Quorum (3 replicas), 16 clients",1920,6.662999978289008
"Quorum (3 replicas), 16 clients",1921,6.642199994530529
"Quorum (3 replicas), 16 clients",1922,9.35479998588562
"Quorum (3 replicas), 16 clients",1923,14.386099996045232
"Quorum (3 replicas), 16 clients",1924,24.432800011709332
"Quorum (3 replicas), 16 clients",1925,7.168699987232685
"Quorum (3 replicas), 16 clients",1926,11.311099980957806
"Quorum (3 replicas), 16 clients",1927,4.964999970979989
"Quorum (3 replicas), 16 clients",1928,8.013000013306737
"Quorum (3 replicas), 16 clients",1929,5.272699985653162
"Quorum (3 replicas), 16 clients",1930,5.372599989641458
"Quorum (3 replicas), 16 clients",1931,10.443200008012354
"Quorum (3 replicas), 16 clients",1932,6.982700026128441
"Quorum (3 replicas), 16 clients",1933,11.2379000056535
"Quorum (3 replicas), 16 clients",1934,5.2272999892011285
"Quorum (3 replicas), 16 clients",1935,9.881299978587776
"Quorum (3 replicas), 16 clients",1936,8.65399994654581
"Quorum (3 replicas), 16 clients",1937,10.075199999846518
"Quorum (3 replicas), 16 clients",1938,19.08599998569116
"Quorum (3 replicas), 16 clients",1939,6.942500011064112
"Quorum (3 replicas), 16 clients",1940,8.492300054058433
"Quorum (3 replicas), 16 clients",1941,5.3391000255942345
"Quorum (3 replicas), 16 clients",1942,8.877999964170158
"Quorum (3 replicas), 16 clients",1943,5.969199992250651
"Quorum (3 replicas), 16 clients",1944,5.588900006841868
"Quorum (3 replicas), 16 clients",1945,11.613800015766174
"Quorum (3 replicas), 16 clients",1946,5.653299973346293
"Quorum (3 replicas), 16 clients",1947,10.84980001905933
"Quorum (3 replicas), 16 clients",1948,11.713299958501011
"Quorum (3 replicas), 16 clients",1949,4.66999999480322
"Quorum (3 replicas), 16 clients",1950,11.628600012045354
"Quorum (3 replicas), 16 clients",1951,10.250699997413903
"Quorum (3 replicas), 16 clients",1952,7.093299995176494
"Quorum (3 replicas), 16 clients",1953,9.061100019607693
"Quorum (3 replicas), 16 clients",1954,8.437100041192025
"Quorum (3 replicas), 16 clients",1955,4.935100034344941
"Quorum (3 replicas), 16 clients",1956,8.800199953839183
"Quorum (3 replicas), 16 clients",1957,8.566400036215782
"Quorum (3 replicas), 16 clients",1958,11.14760001655668
"Quorum (3 replicas), 16 clients",1959,5.925800011027604
"Quorum (3 replicas), 16 clients",1960,7.474200043361634
"Quorum (3 replicas), 16 clients",1961,5.6168000446632504
"Quorum (3 replicas), 16 clients",1962,6.3109000329859555
"Quorum (3 replicas), 16 clients",1963,5.8191000134684145
"Quorum (3 replicas), 16 clients",1964,12.43210001848638
"Quorum (3 replicas), 16 clients",1965,12.085900001693517
"Quorum (3 replicas), 16 clients",1966,5.689600016921759
"Quorum (3 replicas), 16 clients",1967,7.659399998374283
"Quorum (3 replicas), 16 clients",1968,6.923999986611307
"Quorum (3 replicas), 16 clients",1969,12.764699989929795
"Quorum (3 replicas), 16 clients",1970,16.36750000761822
"Quorum (3 replicas), 16 clients",1971,11.27660000929609
"Quorum (3 replicas), 16 clients",1972,6.049100018572062
"Quorum (3 replicas), 16 clients",1973,12.404699984472245
"Quorum (3 replicas), 16 clients",1974,9.658099967055023
"Quorum (3 replicas), 16 clients",1975,12.582900002598763
"Quorum (3 replicas), 16 clients",1976,18.861400021705776
"Quorum (3 replicas), 16 clients",1977,17.497299995739013
"Quorum (3 replicas), 16 clients",1978,5.473600002005696
"Quorum (3 replicas), 16 clients",1979,4.770200001075864
"Quorum (3 replicas), 16 clients",1980,22.00769999762997
"Quorum (3 replicas), 16 clients",1981,16.841100004967302
"Quorum (3 replicas), 16 clients",1982,8.241600007750094
"Quorum (3 replicas), 16 clients",1983,20.31699998769909
"Quorum (3 replicas), 16 clients",1984,19.156099995598197
"Quorum (3 replicas), 16 clients",1985,5.681900016497821
"Quorum (3 replicas), 16 clients",1986,11.0763999982737
"Quorum (3 replicas), 16 clients",1987,9.497999970335513
"Quorum (3 replicas), 16 clients",1988,5.237600009422749
"Quorum (3 replicas), 16 clients",1989,8.974500000476837
"Quorum (3 replicas), 16 clients",1990,7.423900009598583
"Quorum (3 replicas), 16 clients",1991,3.8810999831184745
"Quorum (3 replicas), 16 clients",1992,6.240700022317469
"Quorum (3 replicas), 16 clients",1993,5.082300049252808
"Quorum (3 replicas), 16 clients",1994,4.920000035781413
"Quorum (3 replicas), 16 clients",1995,4.175399953965098
"Quorum (3 replicas), 16 clients",1996,4.863700014539063
"Quorum (3 replicas), 16 clients",1997,4.532899998594075
"Quorum (3 replicas), 16 clients",1998,9.710100013762712
"Quorum (3 replicas), 16 clients",1999,19.670200010295957
